applicant_id,financial_stress_event,predicted_probability,model,calibration_method
3,1,0.42260712856015764,logistic_regression,raw
7,0,0.3468971092368102,logistic_regression,raw
8,0,0.1692271127376566,logistic_regression,raw
15,1,0.486962092834333,logistic_regression,raw
22,0,0.49973498061583455,logistic_regression,raw
25,0,0.4334318766233387,logistic_regression,raw
46,1,0.45097439251777766,logistic_regression,raw
49,0,0.3334159990783125,logistic_regression,raw
62,0,0.35469039132473007,logistic_regression,raw
64,1,0.5568489319214598,logistic_regression,raw
65,1,0.526836439136995,logistic_regression,raw
66,0,0.606749089142642,logistic_regression,raw
91,0,0.30782010352989464,logistic_regression,raw
105,0,0.36498229480800515,logistic_regression,raw
110,1,0.576366008565184,logistic_regression,raw
111,1,0.676737628987611,logistic_regression,raw
119,1,0.5978292366849763,logistic_regression,raw
124,0,0.47652921004597354,logistic_regression,raw
130,1,0.5352144144532218,logistic_regression,raw
138,1,0.5110579635318211,logistic_regression,raw
144,1,0.5113196116175004,logistic_regression,raw
150,0,0.12707248164605595,logistic_regression,raw
159,0,0.3238813325349023,logistic_regression,raw
164,0,0.3035660717189501,logistic_regression,raw
173,0,0.24817298854300532,logistic_regression,raw
185,0,0.3970702912618204,logistic_regression,raw
188,0,0.2177134136577786,logistic_regression,raw
191,1,0.173770748857437,logistic_regression,raw
198,0,0.3382507643412506,logistic_regression,raw
204,1,0.2975408704908792,logistic_regression,raw
205,0,0.23751125286813685,logistic_regression,raw
218,1,0.2837511202960569,logistic_regression,raw
226,0,0.39987376811238123,logistic_regression,raw
231,0,0.24001235132104742,logistic_regression,raw
240,0,0.19470990664894214,logistic_regression,raw
247,1,0.20859833617367,logistic_regression,raw
254,0,0.467247802010919,logistic_regression,raw
263,0,0.2918044338986523,logistic_regression,raw
271,0,0.25493541654252483,logistic_regression,raw
297,1,0.3691609060551046,logistic_regression,raw
302,0,0.27486709098052176,logistic_regression,raw
314,0,0.2005365721851866,logistic_regression,raw
321,1,0.38066448279024334,logistic_regression,raw
327,0,0.15747654986117818,logistic_regression,raw
331,1,0.26984566014791317,logistic_regression,raw
340,0,0.4377614064165788,logistic_regression,raw
342,1,0.3713579761330566,logistic_regression,raw
344,1,0.6353326620281008,logistic_regression,raw
354,0,0.4569868616807071,logistic_regression,raw
358,1,0.28502172294419026,logistic_regression,raw
370,0,0.4677372487037145,logistic_regression,raw
374,1,0.2817499477175116,logistic_regression,raw
379,0,0.30019109340124134,logistic_regression,raw
396,0,0.25926389831687224,logistic_regression,raw
397,1,0.5543656663250018,logistic_regression,raw
408,1,0.279045800112459,logistic_regression,raw
420,1,0.6240972453955936,logistic_regression,raw
427,0,0.17012303214961313,logistic_regression,raw
429,1,0.24549096724696107,logistic_regression,raw
430,1,0.25139612257073474,logistic_regression,raw
431,0,0.2948722318547082,logistic_regression,raw
442,0,0.17682293534290558,logistic_regression,raw
446,0,0.5525688765564089,logistic_regression,raw
447,0,0.28854456967540115,logistic_regression,raw
454,1,0.20436627844247537,logistic_regression,raw
462,0,0.22571726909038115,logistic_regression,raw
474,0,0.21137879214624658,logistic_regression,raw
475,0,0.2960204214530723,logistic_regression,raw
483,0,0.42133709465870894,logistic_regression,raw
489,0,0.38062344161174727,logistic_regression,raw
502,0,0.3048170213866119,logistic_regression,raw
506,1,0.7412778536591135,logistic_regression,raw
512,0,0.452183128228634,logistic_regression,raw
514,1,0.3037802195466174,logistic_regression,raw
521,1,0.5594068473665212,logistic_regression,raw
530,1,0.23188924622768717,logistic_regression,raw
535,0,0.14310698350615697,logistic_regression,raw
536,1,0.1693483090580402,logistic_regression,raw
539,0,0.261727884097886,logistic_regression,raw
544,0,0.3196940493077443,logistic_regression,raw
554,1,0.35143112882990996,logistic_regression,raw
560,1,0.5105028067902022,logistic_regression,raw
566,0,0.570877336837194,logistic_regression,raw
572,0,0.27356813879785113,logistic_regression,raw
574,0,0.4946164896523164,logistic_regression,raw
587,1,0.3316268811592207,logistic_regression,raw
590,0,0.23886849496604998,logistic_regression,raw
597,1,0.3895804267188666,logistic_regression,raw
598,1,0.38452106229590355,logistic_regression,raw
601,0,0.2649313297902587,logistic_regression,raw
602,0,0.189509183549785,logistic_regression,raw
605,0,0.367774102920811,logistic_regression,raw
609,0,0.4500622767262692,logistic_regression,raw
610,1,0.3997752285602839,logistic_regression,raw
611,0,0.47170974305051006,logistic_regression,raw
616,0,0.2902199380714625,logistic_regression,raw
617,1,0.4833812548675531,logistic_regression,raw
628,1,0.3060106689904056,logistic_regression,raw
630,0,0.48734095163202695,logistic_regression,raw
632,1,0.3750811258584309,logistic_regression,raw
636,1,0.24217561495556053,logistic_regression,raw
640,0,0.4434375640796547,logistic_regression,raw
643,1,0.3566259751330856,logistic_regression,raw
645,0,0.3708039602160713,logistic_regression,raw
653,1,0.476727843691308,logistic_regression,raw
656,0,0.233383156143709,logistic_regression,raw
671,0,0.15678221936576192,logistic_regression,raw
675,1,0.3334969205328125,logistic_regression,raw
683,1,0.4298777187465996,logistic_regression,raw
693,1,0.34777345971270257,logistic_regression,raw
706,1,0.4681852744311778,logistic_regression,raw
712,1,0.2633129008087979,logistic_regression,raw
716,0,0.27515742465217513,logistic_regression,raw
720,1,0.433899631912481,logistic_regression,raw
721,0,0.7171047880588537,logistic_regression,raw
742,0,0.2669356551045654,logistic_regression,raw
761,1,0.36015207476422006,logistic_regression,raw
785,0,0.3516164652423159,logistic_regression,raw
791,0,0.21140843715592653,logistic_regression,raw
807,1,0.42159130282828244,logistic_regression,raw
808,0,0.3557229402351824,logistic_regression,raw
810,0,0.4695086653766449,logistic_regression,raw
811,0,0.1629192464688472,logistic_regression,raw
817,0,0.3746052195183852,logistic_regression,raw
821,0,0.38068578952609683,logistic_regression,raw
822,0,0.3878021990273981,logistic_regression,raw
842,0,0.2947281260864734,logistic_regression,raw
850,1,0.3219811891696049,logistic_regression,raw
853,1,0.3328053416111651,logistic_regression,raw
871,1,0.32650134315163537,logistic_regression,raw
873,1,0.4152391399484858,logistic_regression,raw
875,0,0.15475108764482465,logistic_regression,raw
878,0,0.21313917594217535,logistic_regression,raw
887,1,0.22554125294650568,logistic_regression,raw
890,0,0.6141031222328653,logistic_regression,raw
905,0,0.42346676068860484,logistic_regression,raw
906,1,0.3079938963690656,logistic_regression,raw
912,1,0.4401811032995248,logistic_regression,raw
913,1,0.4755740568567821,logistic_regression,raw
916,0,0.3328438533584081,logistic_regression,raw
919,0,0.2996980175865386,logistic_regression,raw
926,0,0.14056802206701388,logistic_regression,raw
937,0,0.4170554567081777,logistic_regression,raw
945,0,0.58634268177852,logistic_regression,raw
947,0,0.3074853833298987,logistic_regression,raw
948,0,0.4880329036373268,logistic_regression,raw
959,1,0.4009112515498759,logistic_regression,raw
966,0,0.2392328552516884,logistic_regression,raw
979,0,0.4240254738029074,logistic_regression,raw
980,0,0.3038008415762877,logistic_regression,raw
988,0,0.2851482181844701,logistic_regression,raw
989,0,0.31965818091990045,logistic_regression,raw
1008,0,0.31604753401273866,logistic_regression,raw
1011,1,0.45641351828395876,logistic_regression,raw
1012,1,0.5581279309391016,logistic_regression,raw
1013,1,0.6249422829281043,logistic_regression,raw
1034,0,0.5482598248177836,logistic_regression,raw
1040,0,0.32792138204667964,logistic_regression,raw
1042,1,0.5138665633936823,logistic_regression,raw
1046,0,0.34875748046373495,logistic_regression,raw
1049,0,0.2126501547664599,logistic_regression,raw
1052,0,0.23924745130911299,logistic_regression,raw
1073,0,0.3518749774714894,logistic_regression,raw
1082,0,0.5592692698324587,logistic_regression,raw
1102,0,0.2853317685888407,logistic_regression,raw
1104,0,0.33125013190624,logistic_regression,raw
1105,0,0.2190416187590458,logistic_regression,raw
1106,0,0.2684960477286869,logistic_regression,raw
1115,0,0.4057398918068027,logistic_regression,raw
1116,1,0.24200682659609668,logistic_regression,raw
1119,0,0.30775898833761056,logistic_regression,raw
1121,0,0.4430457875813045,logistic_regression,raw
1128,0,0.49853904461909737,logistic_regression,raw
1150,1,0.6712971613278375,logistic_regression,raw
1158,0,0.25415223949654786,logistic_regression,raw
1164,0,0.3375347754820676,logistic_regression,raw
1181,1,0.5369042579116258,logistic_regression,raw
1183,1,0.39485199943784793,logistic_regression,raw
1186,1,0.31715300890188847,logistic_regression,raw
1187,0,0.2831639497570677,logistic_regression,raw
1189,0,0.2675070198442512,logistic_regression,raw
1195,1,0.3852641902116883,logistic_regression,raw
1199,1,0.29992638689654,logistic_regression,raw
1206,1,0.23724097771213523,logistic_regression,raw
1210,1,0.5235591428556928,logistic_regression,raw
1218,1,0.4329532516323565,logistic_regression,raw
1219,0,0.4821577632679833,logistic_regression,raw
1227,1,0.6333224932600124,logistic_regression,raw
1228,0,0.5654040588418949,logistic_regression,raw
1229,0,0.5583509330453359,logistic_regression,raw
1230,0,0.3192808060170154,logistic_regression,raw
1233,0,0.34319789696382985,logistic_regression,raw
1234,1,0.5644252838971153,logistic_regression,raw
1237,0,0.26118931978967685,logistic_regression,raw
1259,1,0.3705972939758638,logistic_regression,raw
1263,0,0.17430948493594328,logistic_regression,raw
1274,0,0.2904763876186258,logistic_regression,raw
1290,1,0.6001173980782266,logistic_regression,raw
1303,1,0.6378449028343568,logistic_regression,raw
1306,0,0.35875440126475977,logistic_regression,raw
1310,0,0.6412225844321107,logistic_regression,raw
1312,0,0.4308124270949058,logistic_regression,raw
1313,0,0.5362348773103208,logistic_regression,raw
1316,1,0.5330656198674509,logistic_regression,raw
1325,0,0.2660947131931099,logistic_regression,raw
1342,0,0.2532202499603171,logistic_regression,raw
1344,0,0.4777179894656339,logistic_regression,raw
1354,0,0.3570561394260065,logistic_regression,raw
1361,1,0.6494766845238799,logistic_regression,raw
1362,0,0.17605365582893054,logistic_regression,raw
1363,0,0.3987279331500973,logistic_regression,raw
1365,1,0.5470755502160479,logistic_regression,raw
1367,1,0.27568425625527365,logistic_regression,raw
1378,0,0.2168319027325314,logistic_regression,raw
1382,0,0.23831824587634345,logistic_regression,raw
1392,0,0.3021315115213469,logistic_regression,raw
1405,1,0.24878202674764174,logistic_regression,raw
1409,0,0.3969169365693407,logistic_regression,raw
1413,0,0.42466248099737675,logistic_regression,raw
1414,1,0.5019927824247457,logistic_regression,raw
1415,0,0.25223245857839705,logistic_regression,raw
1417,1,0.5064775302874989,logistic_regression,raw
1419,0,0.24252444423178732,logistic_regression,raw
1421,0,0.3082006050026913,logistic_regression,raw
1433,0,0.13302620516835428,logistic_regression,raw
1443,0,0.20818839277124643,logistic_regression,raw
1445,0,0.2755522043567734,logistic_regression,raw
1451,1,0.3743031240840161,logistic_regression,raw
1452,0,0.5831623340386527,logistic_regression,raw
1453,0,0.3802790850679496,logistic_regression,raw
1456,0,0.2152558686838284,logistic_regression,raw
1466,0,0.6545580555724824,logistic_regression,raw
1485,1,0.5603091453171419,logistic_regression,raw
1489,0,0.2448772423929282,logistic_regression,raw
1494,0,0.2821451083418835,logistic_regression,raw
1502,0,0.5333804892725033,logistic_regression,raw
1508,0,0.4636182876932983,logistic_regression,raw
1514,0,0.28114954813130755,logistic_regression,raw
1515,0,0.6219757575015379,logistic_regression,raw
1520,0,0.27908468285604693,logistic_regression,raw
1521,0,0.1634977476281134,logistic_regression,raw
1525,0,0.4082357059881673,logistic_regression,raw
1526,0,0.23849081925939342,logistic_regression,raw
1544,0,0.23416678182783413,logistic_regression,raw
1546,1,0.2917187992215416,logistic_regression,raw
1556,0,0.2581100863562969,logistic_regression,raw
1561,0,0.2712369047149182,logistic_regression,raw
1573,0,0.23522782716287557,logistic_regression,raw
1577,1,0.5629602792540065,logistic_regression,raw
1579,1,0.3955723529490536,logistic_regression,raw
1592,0,0.32034454398500894,logistic_regression,raw
1595,0,0.3235611441703775,logistic_regression,raw
1596,1,0.5020899608733957,logistic_regression,raw
1598,0,0.15646123953364055,logistic_regression,raw
1608,1,0.23132824918725842,logistic_regression,raw
1612,0,0.3392484779668323,logistic_regression,raw
1623,0,0.317349258047492,logistic_regression,raw
1624,0,0.26776583415042676,logistic_regression,raw
1625,0,0.2807917043156807,logistic_regression,raw
1632,0,0.34077542837888863,logistic_regression,raw
1643,1,0.5925193909887221,logistic_regression,raw
1648,0,0.4591475728278145,logistic_regression,raw
1649,0,0.47792749087925934,logistic_regression,raw
1656,0,0.5869630298520536,logistic_regression,raw
1657,0,0.2738638039785887,logistic_regression,raw
1660,1,0.26244683450117656,logistic_regression,raw
1682,1,0.30805191793441467,logistic_regression,raw
1684,1,0.1835540005609213,logistic_regression,raw
1691,1,0.6659052050462808,logistic_regression,raw
1702,1,0.5791643599851585,logistic_regression,raw
1706,1,0.6123760117564409,logistic_regression,raw
1728,0,0.24771193680924217,logistic_regression,raw
1729,1,0.3014376892495803,logistic_regression,raw
1731,1,0.5591605858784282,logistic_regression,raw
1740,1,0.5277393944519312,logistic_regression,raw
1750,1,0.5265959171834667,logistic_regression,raw
1758,1,0.22953606046294164,logistic_regression,raw
1760,0,0.1903897037982112,logistic_regression,raw
1763,0,0.2126681656570616,logistic_regression,raw
1767,0,0.26624753872082796,logistic_regression,raw
1770,0,0.4621364953036576,logistic_regression,raw
1773,0,0.6573445670991599,logistic_regression,raw
1782,0,0.38749400213138463,logistic_regression,raw
1791,0,0.4087735786532758,logistic_regression,raw
1797,0,0.3272943193393584,logistic_regression,raw
1803,0,0.2763258704531267,logistic_regression,raw
1805,1,0.393270658758123,logistic_regression,raw
1822,1,0.6352923429268114,logistic_regression,raw
1837,0,0.24053109710600973,logistic_regression,raw
1891,1,0.26133907345002494,logistic_regression,raw
1900,0,0.2743987984359921,logistic_regression,raw
1910,0,0.35772503217562684,logistic_regression,raw
1919,1,0.4545353637285872,logistic_regression,raw
1921,0,0.7415477421085781,logistic_regression,raw
1923,0,0.2563602100282676,logistic_regression,raw
1924,1,0.22799625787376568,logistic_regression,raw
1926,1,0.2798475686847759,logistic_regression,raw
1939,0,0.21047559887680178,logistic_regression,raw
1943,0,0.4327427363314,logistic_regression,raw
1953,0,0.2307187976484896,logistic_regression,raw
1955,0,0.23168146665843198,logistic_regression,raw
1956,0,0.4953815111032821,logistic_regression,raw
1959,0,0.5157322272359454,logistic_regression,raw
1960,0,0.2656250791500179,logistic_regression,raw
1962,0,0.1937331338704188,logistic_regression,raw
1977,0,0.45725184750046716,logistic_regression,raw
1983,1,0.6323843044817996,logistic_regression,raw
1986,0,0.3063993981392619,logistic_regression,raw
1990,0,0.2527572558666791,logistic_regression,raw
1991,0,0.27045664871588426,logistic_regression,raw
1994,0,0.15307881717222527,logistic_regression,raw
1997,0,0.18732031295062448,logistic_regression,raw
1999,0,0.3023593089951896,logistic_regression,raw
2002,1,0.658487281161491,logistic_regression,raw
2003,1,0.3020818913739482,logistic_regression,raw
2021,0,0.447521021619669,logistic_regression,raw
2027,1,0.7044660309214601,logistic_regression,raw
2030,0,0.3960081574666965,logistic_regression,raw
2032,1,0.7828423822743109,logistic_regression,raw
2060,0,0.1954239322458123,logistic_regression,raw
2076,0,0.31322537513280563,logistic_regression,raw
2077,1,0.28526639543513044,logistic_regression,raw
2079,0,0.46360668693888096,logistic_regression,raw
2089,0,0.35446297650298314,logistic_regression,raw
2096,0,0.16702954402381243,logistic_regression,raw
2107,1,0.47595857084469245,logistic_regression,raw
2108,1,0.5209351234360046,logistic_regression,raw
2113,0,0.23648415310779572,logistic_regression,raw
2120,0,0.26393833970947694,logistic_regression,raw
2122,0,0.2368482257021634,logistic_regression,raw
2126,1,0.3130586219593919,logistic_regression,raw
2128,0,0.23330508006770587,logistic_regression,raw
2129,0,0.306505684447406,logistic_regression,raw
2155,1,0.4742266996006426,logistic_regression,raw
2156,1,0.16998266471306886,logistic_regression,raw
2161,1,0.5799287225795522,logistic_regression,raw
2165,0,0.4039358103346608,logistic_regression,raw
2166,1,0.28206539669883884,logistic_regression,raw
2171,1,0.466972060853569,logistic_regression,raw
2177,0,0.577367545547089,logistic_regression,raw
2198,1,0.44183987863100205,logistic_regression,raw
2205,0,0.2746101076832058,logistic_regression,raw
2210,0,0.15703360803300356,logistic_regression,raw
2212,0,0.37364288127988027,logistic_regression,raw
2232,0,0.36481792604676627,logistic_regression,raw
2238,0,0.30024314874455404,logistic_regression,raw
2243,0,0.14239699330510303,logistic_regression,raw
2245,1,0.194192985856422,logistic_regression,raw
2247,0,0.24883191581204323,logistic_regression,raw
2252,0,0.6128699170866829,logistic_regression,raw
2264,0,0.23014210036273625,logistic_regression,raw
2276,0,0.22090506097738946,logistic_regression,raw
2281,1,0.48551606290884397,logistic_regression,raw
2292,0,0.2479026281698292,logistic_regression,raw
2300,0,0.369005532113607,logistic_regression,raw
2304,1,0.7663767090505975,logistic_regression,raw
2305,1,0.38717958123994217,logistic_regression,raw
2308,1,0.5336614416687537,logistic_regression,raw
2327,0,0.24719841083910066,logistic_regression,raw
2333,0,0.2491168153374862,logistic_regression,raw
2341,1,0.29067970808245364,logistic_regression,raw
2342,0,0.3132120131939975,logistic_regression,raw
2352,0,0.31814999829402435,logistic_regression,raw
2362,1,0.44995020744192454,logistic_regression,raw
2363,1,0.2748510165589091,logistic_regression,raw
2373,0,0.2717620459958405,logistic_regression,raw
2383,0,0.19470490221521944,logistic_regression,raw
2386,1,0.2631677475691426,logistic_regression,raw
2399,1,0.23170776672443785,logistic_regression,raw
2403,0,0.5140918183920054,logistic_regression,raw
2410,0,0.4506974627649862,logistic_regression,raw
2411,1,0.6648306658955296,logistic_regression,raw
2412,0,0.6486011959239044,logistic_regression,raw
2414,0,0.4056891923863499,logistic_regression,raw
2418,0,0.2523912843880933,logistic_regression,raw
2424,0,0.21321549723314967,logistic_regression,raw
2433,0,0.5142668740654206,logistic_regression,raw
2436,1,0.4195899972929479,logistic_regression,raw
2450,1,0.5574428133611548,logistic_regression,raw
2452,0,0.44866097770665836,logistic_regression,raw
2461,0,0.5253426461443225,logistic_regression,raw
2463,0,0.34253028718746825,logistic_regression,raw
2474,1,0.6506356856288268,logistic_regression,raw
2484,0,0.24838322990919626,logistic_regression,raw
2490,1,0.3472224613960808,logistic_regression,raw
2499,0,0.3044967471053709,logistic_regression,raw
2506,0,0.4498176952607639,logistic_regression,raw
2517,1,0.19897810081774767,logistic_regression,raw
2522,0,0.41555237105636456,logistic_regression,raw
2524,0,0.5321741651533488,logistic_regression,raw
2533,1,0.7758531382620676,logistic_regression,raw
2534,0,0.28433672285520334,logistic_regression,raw
2542,1,0.46024864496631823,logistic_regression,raw
2545,1,0.667922347724287,logistic_regression,raw
2547,0,0.3839667623729161,logistic_regression,raw
2548,0,0.27052362392150425,logistic_regression,raw
2552,0,0.4244222655979225,logistic_regression,raw
2571,0,0.21105306470799012,logistic_regression,raw
2572,0,0.2957606013519662,logistic_regression,raw
2576,0,0.42176814445844885,logistic_regression,raw
2580,1,0.3119370756507259,logistic_regression,raw
2592,0,0.3018596869641079,logistic_regression,raw
2593,1,0.23962315885491992,logistic_regression,raw
2596,0,0.4484822239229307,logistic_regression,raw
2597,1,0.3561291036249666,logistic_regression,raw
2602,1,0.39164110630267723,logistic_regression,raw
2610,0,0.28662637641238525,logistic_regression,raw
2615,0,0.24146304027863535,logistic_regression,raw
2616,1,0.5800721233734564,logistic_regression,raw
2629,0,0.19829498138088422,logistic_regression,raw
2631,0,0.19965069152083997,logistic_regression,raw
2632,1,0.2845047396938488,logistic_regression,raw
2633,0,0.35850709689215743,logistic_regression,raw
2636,0,0.30741139909526854,logistic_regression,raw
2655,1,0.4327357816382739,logistic_regression,raw
2660,0,0.26573906810626324,logistic_regression,raw
2677,1,0.5102094049480038,logistic_regression,raw
2686,0,0.3293236551706837,logistic_regression,raw
2692,0,0.23260066891342654,logistic_regression,raw
2698,0,0.3301036109389555,logistic_regression,raw
2704,0,0.28112289442698934,logistic_regression,raw
2707,0,0.2334303056575285,logistic_regression,raw
2735,0,0.1915073862199291,logistic_regression,raw
2747,1,0.48139784141768993,logistic_regression,raw
2748,0,0.2861008953743448,logistic_regression,raw
2750,0,0.23705057609828661,logistic_regression,raw
2755,1,0.615780933932946,logistic_regression,raw
2760,0,0.3951895611333913,logistic_regression,raw
2762,0,0.3983983407366176,logistic_regression,raw
2770,1,0.410379518683373,logistic_regression,raw
2781,0,0.17900914240157634,logistic_regression,raw
2785,0,0.23022582043914386,logistic_regression,raw
2791,0,0.18262713994059954,logistic_regression,raw
2799,0,0.30193207013860074,logistic_regression,raw
2816,1,0.8078800636402916,logistic_regression,raw
2820,0,0.34775006924236335,logistic_regression,raw
2822,0,0.26713718958435967,logistic_regression,raw
2828,0,0.230640267940791,logistic_regression,raw
2833,0,0.48949536514716346,logistic_regression,raw
2834,0,0.2726091025521329,logistic_regression,raw
2835,0,0.34994939876672376,logistic_regression,raw
2838,0,0.2883416662211286,logistic_regression,raw
2844,1,0.19377252207910522,logistic_regression,raw
2853,0,0.35157502640357147,logistic_regression,raw
2855,1,0.40671478438640013,logistic_regression,raw
2858,1,0.37151711673516746,logistic_regression,raw
2864,1,0.30556460114847606,logistic_regression,raw
2873,1,0.4733422286652627,logistic_regression,raw
2882,1,0.3550934249087809,logistic_regression,raw
2890,1,0.27650983889193964,logistic_regression,raw
2904,0,0.32022014848469665,logistic_regression,raw
2906,1,0.23461853605595023,logistic_regression,raw
2908,0,0.3146047108559281,logistic_regression,raw
2913,0,0.5224289858542075,logistic_regression,raw
2916,1,0.24910818729845915,logistic_regression,raw
2917,1,0.23132193782445323,logistic_regression,raw
2918,0,0.25716600148165064,logistic_regression,raw
2928,0,0.4412832308097738,logistic_regression,raw
2931,0,0.4673298795012946,logistic_regression,raw
2933,1,0.8196359103978026,logistic_regression,raw
2935,0,0.3568655827946048,logistic_regression,raw
2938,1,0.44637267085355814,logistic_regression,raw
2939,1,0.20236031507027555,logistic_regression,raw
2944,0,0.27442902387829,logistic_regression,raw
2947,0,0.29006985231012294,logistic_regression,raw
2952,0,0.18943858976810019,logistic_regression,raw
2965,0,0.1858585485495237,logistic_regression,raw
2969,1,0.40873673673932454,logistic_regression,raw
2979,0,0.44880838233734116,logistic_regression,raw
2984,1,0.4648916490579025,logistic_regression,raw
2988,1,0.5629720271129635,logistic_regression,raw
3021,0,0.3178433385429732,logistic_regression,raw
3025,0,0.17673719666238283,logistic_regression,raw
3027,0,0.17322740767136413,logistic_regression,raw
3036,0,0.5038851199380143,logistic_regression,raw
3037,0,0.3268165868991707,logistic_regression,raw
3038,0,0.22484986784718353,logistic_regression,raw
3045,0,0.4500586629766301,logistic_regression,raw
3046,0,0.28137435470048316,logistic_regression,raw
3056,1,0.39163472191188325,logistic_regression,raw
3058,0,0.1735461413979369,logistic_regression,raw
3060,0,0.2914378264150381,logistic_regression,raw
3064,0,0.31622909106497177,logistic_regression,raw
3066,0,0.3225785304750682,logistic_regression,raw
3067,1,0.7145567967367662,logistic_regression,raw
3087,0,0.16852389060830486,logistic_regression,raw
3088,0,0.4373603157730781,logistic_regression,raw
3089,1,0.3955011813960285,logistic_regression,raw
3093,1,0.35416114268676463,logistic_regression,raw
3097,0,0.23658907953485597,logistic_regression,raw
3109,0,0.1960869476732207,logistic_regression,raw
3125,0,0.3148707739667223,logistic_regression,raw
3126,0,0.31661017912047684,logistic_regression,raw
3128,0,0.20828237389609355,logistic_regression,raw
3133,0,0.21435271150969343,logistic_regression,raw
3146,0,0.554146533616808,logistic_regression,raw
3148,0,0.35311908836736117,logistic_regression,raw
3149,1,0.35601365244255967,logistic_regression,raw
3153,0,0.22848924452541278,logistic_regression,raw
3157,0,0.2594441183833147,logistic_regression,raw
3158,1,0.24809368469443832,logistic_regression,raw
3168,0,0.19410896372020198,logistic_regression,raw
3171,0,0.3349923444923892,logistic_regression,raw
3173,0,0.3592672125854392,logistic_regression,raw
3174,0,0.33985438197012685,logistic_regression,raw
3179,1,0.25378803323313565,logistic_regression,raw
3183,1,0.6330966304604438,logistic_regression,raw
3187,0,0.3039405206928735,logistic_regression,raw
3188,1,0.6221528446466155,logistic_regression,raw
3193,1,0.28367531781171557,logistic_regression,raw
3195,0,0.46551223164870414,logistic_regression,raw
3196,1,0.15849053645787003,logistic_regression,raw
3203,1,0.5707326244062079,logistic_regression,raw
3223,0,0.3015356660274611,logistic_regression,raw
3224,0,0.40386606345759785,logistic_regression,raw
3229,1,0.5703708817019194,logistic_regression,raw
3236,0,0.3058197904234375,logistic_regression,raw
3242,0,0.45110189323268896,logistic_regression,raw
3245,0,0.15268548939071538,logistic_regression,raw
3253,0,0.1906758754619406,logistic_regression,raw
3255,0,0.17306497664670709,logistic_regression,raw
3270,0,0.18968666620124897,logistic_regression,raw
3275,0,0.33668171808745,logistic_regression,raw
3276,1,0.4234594150568135,logistic_regression,raw
3281,0,0.2244518055560045,logistic_regression,raw
3287,0,0.22818375097603372,logistic_regression,raw
3288,0,0.3935624142900195,logistic_regression,raw
3296,0,0.24387240982713448,logistic_regression,raw
3297,1,0.34586867478534344,logistic_regression,raw
3301,0,0.21878240680060862,logistic_regression,raw
3307,0,0.33473422363203825,logistic_regression,raw
3319,0,0.1901846386313571,logistic_regression,raw
3324,1,0.38691618718730814,logistic_regression,raw
3326,1,0.3666699611028354,logistic_regression,raw
3339,1,0.17079927042232945,logistic_regression,raw
3350,0,0.2576613542337756,logistic_regression,raw
3354,0,0.1986820669923129,logistic_regression,raw
3355,1,0.5075975081977422,logistic_regression,raw
3368,1,0.5501595885667773,logistic_regression,raw
3373,0,0.36596842884080893,logistic_regression,raw
3386,1,0.47391229859618583,logistic_regression,raw
3388,0,0.30845390540483564,logistic_regression,raw
3399,1,0.5960777581657184,logistic_regression,raw
3420,0,0.3593081994809093,logistic_regression,raw
3426,0,0.261168957061677,logistic_regression,raw
3431,0,0.26756327229123567,logistic_regression,raw
3433,0,0.3369781231395214,logistic_regression,raw
3437,1,0.45028249770820616,logistic_regression,raw
3438,1,0.2281239568765049,logistic_regression,raw
3455,0,0.22856552293638382,logistic_regression,raw
3457,0,0.26540865603396196,logistic_regression,raw
3463,0,0.17085415789243102,logistic_regression,raw
3465,1,0.5994831346310658,logistic_regression,raw
3468,0,0.16849116801861735,logistic_regression,raw
3469,1,0.3550075506059009,logistic_regression,raw
3472,1,0.35738555642311265,logistic_regression,raw
3475,1,0.3875364645661049,logistic_regression,raw
3477,0,0.27805644324915585,logistic_regression,raw
3480,1,0.5142671210971325,logistic_regression,raw
3484,1,0.32172642271357405,logistic_regression,raw
3492,1,0.3416976977375172,logistic_regression,raw
3501,0,0.6691851367276491,logistic_regression,raw
3519,1,0.35847826511089903,logistic_regression,raw
3523,1,0.3857494596022543,logistic_regression,raw
3544,1,0.2547312897217194,logistic_regression,raw
3553,0,0.26371956151073045,logistic_regression,raw
3565,1,0.5303064085088034,logistic_regression,raw
3568,0,0.3880381739335048,logistic_regression,raw
3572,0,0.30290157709639165,logistic_regression,raw
3573,0,0.27045118512982985,logistic_regression,raw
3576,1,0.22267598798585492,logistic_regression,raw
3592,1,0.23257683763097922,logistic_regression,raw
3594,0,0.23582248688310464,logistic_regression,raw
3607,0,0.2058762756330206,logistic_regression,raw
3613,0,0.31180024202004614,logistic_regression,raw
3618,0,0.28424356861765043,logistic_regression,raw
3626,0,0.41897049455091084,logistic_regression,raw
3629,1,0.4827715447701889,logistic_regression,raw
3646,0,0.49856434242445,logistic_regression,raw
3650,0,0.37723304885873404,logistic_regression,raw
3666,0,0.3725847096097388,logistic_regression,raw
3679,1,0.209356002944839,logistic_regression,raw
3682,1,0.3583714287249302,logistic_regression,raw
3684,1,0.4940780263939494,logistic_regression,raw
3691,1,0.3480393329834043,logistic_regression,raw
3702,0,0.24729116612736415,logistic_regression,raw
3709,0,0.32798733888764486,logistic_regression,raw
3733,1,0.40438756525498437,logistic_regression,raw
3743,0,0.3706714938652171,logistic_regression,raw
3744,1,0.3681917864165132,logistic_regression,raw
3751,1,0.25902363471560624,logistic_regression,raw
3752,0,0.4412705221128089,logistic_regression,raw
3753,0,0.49111557405147843,logistic_regression,raw
3759,0,0.30868733248593677,logistic_regression,raw
3795,0,0.3758322942736297,logistic_regression,raw
3809,1,0.32082455161734447,logistic_regression,raw
3810,1,0.3775591004024223,logistic_regression,raw
3813,0,0.6390138589049896,logistic_regression,raw
3833,1,0.44539457361328977,logistic_regression,raw
3836,1,0.30288817270780294,logistic_regression,raw
3837,1,0.7418985429732798,logistic_regression,raw
3838,0,0.25005448565863625,logistic_regression,raw
3847,0,0.3284641346396503,logistic_regression,raw
3863,0,0.3924913246153324,logistic_regression,raw
3883,1,0.18334084049951851,logistic_regression,raw
3886,0,0.18356027281401952,logistic_regression,raw
3887,0,0.37975520498222193,logistic_regression,raw
3889,0,0.2837908357872308,logistic_regression,raw
3896,0,0.6238830650726531,logistic_regression,raw
3913,0,0.23857398983847444,logistic_regression,raw
3915,0,0.21201227606372475,logistic_regression,raw
3920,1,0.6957192285129867,logistic_regression,raw
3938,0,0.30442051502076073,logistic_regression,raw
3963,1,0.5834413262740122,logistic_regression,raw
3965,1,0.29552830244022016,logistic_regression,raw
3972,0,0.21508127779781458,logistic_regression,raw
3979,1,0.423249054324375,logistic_regression,raw
3980,0,0.2502866131823873,logistic_regression,raw
3988,0,0.37431115049699537,logistic_regression,raw
4001,0,0.3645425605492544,logistic_regression,raw
4002,0,0.19790750821204825,logistic_regression,raw
4003,1,0.4362162211089332,logistic_regression,raw
4013,0,0.41232073373246236,logistic_regression,raw
4018,0,0.22347803969053723,logistic_regression,raw
4019,0,0.191555160147441,logistic_regression,raw
4022,1,0.2891387293420247,logistic_regression,raw
4028,1,0.4478372619234279,logistic_regression,raw
4035,0,0.21783512714885683,logistic_regression,raw
4040,1,0.14570132595821442,logistic_regression,raw
4042,0,0.576618809783198,logistic_regression,raw
4050,1,0.30321890523164097,logistic_regression,raw
4053,1,0.768432289609683,logistic_regression,raw
4066,1,0.4764075788908363,logistic_regression,raw
4074,0,0.4942455771961625,logistic_regression,raw
4084,0,0.23294253794666908,logistic_regression,raw
4093,1,0.7459727948454162,logistic_regression,raw
4095,1,0.3240681103409253,logistic_regression,raw
4096,0,0.3157787130364915,logistic_regression,raw
4098,1,0.3419444747643535,logistic_regression,raw
4103,0,0.46316345718026336,logistic_regression,raw
4112,1,0.5972740944337334,logistic_regression,raw
4126,0,0.3136901793343262,logistic_regression,raw
4128,0,0.37067932033053835,logistic_regression,raw
4143,0,0.1903890015428876,logistic_regression,raw
4145,0,0.5325103989359206,logistic_regression,raw
4153,0,0.2701720020022555,logistic_regression,raw
4155,0,0.3581041898087508,logistic_regression,raw
4156,0,0.17010602332913374,logistic_regression,raw
4163,1,0.41836004898516355,logistic_regression,raw
4178,0,0.4787287495589122,logistic_regression,raw
4185,0,0.27476141238535096,logistic_regression,raw
4186,0,0.332593148450491,logistic_regression,raw
4188,0,0.21266313206846044,logistic_regression,raw
4190,0,0.508780833478656,logistic_regression,raw
4193,0,0.420233450403636,logistic_regression,raw
4194,0,0.4260149727352824,logistic_regression,raw
4195,0,0.2374402100385793,logistic_regression,raw
4197,0,0.14897638594885843,logistic_regression,raw
4206,0,0.19712170616075492,logistic_regression,raw
4214,1,0.4521631950112341,logistic_regression,raw
4217,0,0.4658085964626358,logistic_regression,raw
4219,1,0.4460357503302808,logistic_regression,raw
4221,1,0.22905851393622348,logistic_regression,raw
4227,1,0.40409642577117877,logistic_regression,raw
4237,0,0.19717245263995495,logistic_regression,raw
4245,0,0.3708137902973869,logistic_regression,raw
4254,1,0.6189926069978328,logistic_regression,raw
4261,0,0.2490254302845532,logistic_regression,raw
4271,0,0.3708320776867772,logistic_regression,raw
4285,1,0.6120804967039418,logistic_regression,raw
4308,1,0.17893974693781553,logistic_regression,raw
4315,0,0.23417011110928992,logistic_regression,raw
4321,0,0.23452964135796972,logistic_regression,raw
4335,1,0.5756740924290327,logistic_regression,raw
4348,0,0.3519806164259039,logistic_regression,raw
4361,0,0.2885125731059923,logistic_regression,raw
4369,0,0.1863855216552471,logistic_regression,raw
4375,0,0.5019318373302922,logistic_regression,raw
4382,0,0.2562712968151256,logistic_regression,raw
4403,0,0.2124381833593095,logistic_regression,raw
4404,1,0.2804531093946995,logistic_regression,raw
4414,0,0.24326651521072667,logistic_regression,raw
4415,1,0.2254951422516564,logistic_regression,raw
4423,1,0.354293061921133,logistic_regression,raw
4437,0,0.3127323832242669,logistic_regression,raw
4440,0,0.34486273567701303,logistic_regression,raw
4444,0,0.3476184980826034,logistic_regression,raw
4467,1,0.20820016894281512,logistic_regression,raw
4471,0,0.44065826627642335,logistic_regression,raw
4477,1,0.5314069466302171,logistic_regression,raw
4478,0,0.24880460982867075,logistic_regression,raw
4488,0,0.24594895792133292,logistic_regression,raw
4492,0,0.2881583779828709,logistic_regression,raw
4503,0,0.35402100613774184,logistic_regression,raw
4518,0,0.16918195253962176,logistic_regression,raw
4523,0,0.30401945357151033,logistic_regression,raw
4527,0,0.3129226564569582,logistic_regression,raw
4532,1,0.3496691894479147,logistic_regression,raw
4536,0,0.17628215702530062,logistic_regression,raw
4538,0,0.2386331918610224,logistic_regression,raw
4543,0,0.3778418158967072,logistic_regression,raw
4550,1,0.31031019104840046,logistic_regression,raw
4552,0,0.5316139089351402,logistic_regression,raw
4567,0,0.2276175843446851,logistic_regression,raw
4570,1,0.5656887099788115,logistic_regression,raw
4574,0,0.2918577740367421,logistic_regression,raw
4591,0,0.2532161238986766,logistic_regression,raw
4601,1,0.237740785085225,logistic_regression,raw
4602,0,0.3881052642228671,logistic_regression,raw
4608,0,0.21152806738586052,logistic_regression,raw
4609,0,0.4429148642994072,logistic_regression,raw
4614,0,0.5134445666654193,logistic_regression,raw
4628,1,0.3104814947869224,logistic_regression,raw
4629,0,0.2614504580835074,logistic_regression,raw
4637,0,0.33498659539755105,logistic_regression,raw
4639,1,0.29854693173779184,logistic_regression,raw
4642,0,0.28965781890436687,logistic_regression,raw
4650,0,0.3709365144325087,logistic_regression,raw
4659,0,0.6304411460134485,logistic_regression,raw
4673,0,0.2500489715528848,logistic_regression,raw
4675,0,0.432451685468787,logistic_regression,raw
4683,1,0.31950753347977007,logistic_regression,raw
4684,0,0.5385538947327239,logistic_regression,raw
4691,1,0.4766962625151306,logistic_regression,raw
4696,0,0.31372256997754133,logistic_regression,raw
4700,0,0.4309405928677195,logistic_regression,raw
4706,0,0.28243467340118106,logistic_regression,raw
4724,0,0.25142687368658084,logistic_regression,raw
4732,0,0.278136009142578,logistic_regression,raw
4744,0,0.25637351371998346,logistic_regression,raw
4754,0,0.4135447636056251,logistic_regression,raw
4763,0,0.3710887918219988,logistic_regression,raw
4766,1,0.31747218869992977,logistic_regression,raw
4776,0,0.1906393711613112,logistic_regression,raw
4780,1,0.4322378689285352,logistic_regression,raw
4786,0,0.3003428002384203,logistic_regression,raw
4805,0,0.18815418334244066,logistic_regression,raw
4815,1,0.40927804024758485,logistic_regression,raw
4823,1,0.6460991743566323,logistic_regression,raw
4827,0,0.23918033011002987,logistic_regression,raw
4831,0,0.29312593892214917,logistic_regression,raw
4838,0,0.18590717681158453,logistic_regression,raw
4842,0,0.38092554061302203,logistic_regression,raw
4843,0,0.2796160744218986,logistic_regression,raw
4852,1,0.20127781858327842,logistic_regression,raw
4868,0,0.225654523813942,logistic_regression,raw
4869,0,0.3989365003141357,logistic_regression,raw
4872,0,0.2620272447318295,logistic_regression,raw
4883,0,0.48795065865827963,logistic_regression,raw
4890,0,0.45914975120111035,logistic_regression,raw
4891,0,0.29347764257114584,logistic_regression,raw
4911,0,0.1275136448582308,logistic_regression,raw
4936,0,0.2673146575931292,logistic_regression,raw
4937,0,0.2694834435975104,logistic_regression,raw
4945,0,0.47192898085858387,logistic_regression,raw
4946,1,0.7601963660274212,logistic_regression,raw
4957,0,0.2782578177709763,logistic_regression,raw
4959,0,0.32934049829654427,logistic_regression,raw
4962,1,0.15350548966823335,logistic_regression,raw
4967,0,0.23703704157104272,logistic_regression,raw
4996,1,0.15901816195172544,logistic_regression,raw
4997,0,0.2887392719316318,logistic_regression,raw
4999,0,0.1544916911675257,logistic_regression,raw
5010,1,0.3123880253763229,logistic_regression,raw
5020,0,0.3420515182983041,logistic_regression,raw
5022,1,0.56112379708273,logistic_regression,raw
5024,0,0.4747657289089483,logistic_regression,raw
5029,0,0.3215660780830737,logistic_regression,raw
5036,0,0.23116492296424257,logistic_regression,raw
5042,1,0.19113345460371414,logistic_regression,raw
5045,0,0.22253798490902696,logistic_regression,raw
5051,0,0.2608064029431752,logistic_regression,raw
5053,1,0.25117579798376555,logistic_regression,raw
5059,1,0.4364889106738865,logistic_regression,raw
5068,0,0.2760988567791107,logistic_regression,raw
5090,1,0.3305630564355972,logistic_regression,raw
5097,0,0.35061721212563834,logistic_regression,raw
5103,0,0.19934966856063943,logistic_regression,raw
5108,1,0.20514560972853907,logistic_regression,raw
5114,0,0.31472113458408185,logistic_regression,raw
5116,0,0.23067790522874698,logistic_regression,raw
5122,0,0.23488115155203443,logistic_regression,raw
5126,0,0.22516201191663693,logistic_regression,raw
5136,0,0.2904357537160598,logistic_regression,raw
5141,0,0.32024503444570485,logistic_regression,raw
5145,0,0.21307574186192255,logistic_regression,raw
5168,0,0.5446176215426172,logistic_regression,raw
5228,0,0.17992060439274174,logistic_regression,raw
5238,0,0.27685584622024023,logistic_regression,raw
5250,0,0.3723708013116671,logistic_regression,raw
5253,0,0.2409086492391847,logistic_regression,raw
5261,0,0.33325002773527024,logistic_regression,raw
5281,0,0.2609335564681025,logistic_regression,raw
5288,0,0.3108456202682511,logistic_regression,raw
5289,0,0.3232172573008068,logistic_regression,raw
5294,0,0.4084109875957763,logistic_regression,raw
5303,0,0.3456530594743064,logistic_regression,raw
5308,0,0.18850236170284693,logistic_regression,raw
5309,0,0.24550818197586372,logistic_regression,raw
5313,0,0.19491914279840022,logistic_regression,raw
5316,1,0.24499086163628897,logistic_regression,raw
5326,0,0.3466857788563441,logistic_regression,raw
5346,0,0.30419197958931216,logistic_regression,raw
5351,1,0.2815196111963736,logistic_regression,raw
5352,0,0.28675922951714994,logistic_regression,raw
5353,1,0.6529868411287305,logistic_regression,raw
5361,0,0.36031255195030976,logistic_regression,raw
5364,0,0.4893916034192019,logistic_regression,raw
5368,1,0.2625193502845747,logistic_regression,raw
5372,1,0.5110697506878195,logistic_regression,raw
5375,0,0.2678959626987464,logistic_regression,raw
5376,1,0.4697103154079372,logistic_regression,raw
5378,0,0.4693247372473559,logistic_regression,raw
5380,0,0.36014690198431293,logistic_regression,raw
5384,0,0.2273348461148276,logistic_regression,raw
5390,0,0.22316095047624518,logistic_regression,raw
5395,0,0.5393616508346908,logistic_regression,raw
5402,1,0.21460355799009415,logistic_regression,raw
5404,0,0.3198249232382949,logistic_regression,raw
5406,1,0.4659394765418129,logistic_regression,raw
5415,0,0.3397246368126133,logistic_regression,raw
5438,0,0.2202515821730828,logistic_regression,raw
5458,1,0.6333992528902017,logistic_regression,raw
5464,0,0.2906718034012859,logistic_regression,raw
5471,0,0.35566532604210527,logistic_regression,raw
5475,1,0.6155950287099973,logistic_regression,raw
5481,0,0.15654284849499883,logistic_regression,raw
5488,0,0.30058148445816824,logistic_regression,raw
5490,0,0.305841554221847,logistic_regression,raw
5493,0,0.5156792773926059,logistic_regression,raw
5494,0,0.24246375832003036,logistic_regression,raw
5497,0,0.25849919577570435,logistic_regression,raw
5500,0,0.25314165786182957,logistic_regression,raw
5508,0,0.23581874476449574,logistic_regression,raw
5509,1,0.3687909255742354,logistic_regression,raw
5511,0,0.18665008439577735,logistic_regression,raw
5513,0,0.277829591317749,logistic_regression,raw
5515,0,0.2796047754755548,logistic_regression,raw
5520,0,0.3670532165884315,logistic_regression,raw
5524,1,0.4216614858235699,logistic_regression,raw
5544,1,0.35489479365532467,logistic_regression,raw
5555,0,0.30067870701121296,logistic_regression,raw
5565,0,0.2877443799413567,logistic_regression,raw
5588,0,0.28058569044033493,logistic_regression,raw
5601,1,0.48459025430205266,logistic_regression,raw
5616,1,0.21305047019951026,logistic_regression,raw
5622,1,0.22896098004291818,logistic_regression,raw
5629,0,0.41267827576824345,logistic_regression,raw
5646,0,0.2869839948821162,logistic_regression,raw
5659,0,0.2650913782696266,logistic_regression,raw
5666,1,0.6914576237645955,logistic_regression,raw
5680,0,0.19460337123622842,logistic_regression,raw
5681,1,0.4378837465848411,logistic_regression,raw
5684,0,0.563430736782424,logistic_regression,raw
5688,1,0.16677393403383095,logistic_regression,raw
5693,1,0.48121478632676057,logistic_regression,raw
5700,1,0.1902565882522602,logistic_regression,raw
5709,0,0.16001205657997683,logistic_regression,raw
5715,0,0.18963720878333076,logistic_regression,raw
5719,0,0.233160768091448,logistic_regression,raw
5722,1,0.24847033959780954,logistic_regression,raw
5728,0,0.2726425927946764,logistic_regression,raw
5730,1,0.20168530911913404,logistic_regression,raw
5738,0,0.4391432018478652,logistic_regression,raw
5742,1,0.7104909092128522,logistic_regression,raw
5749,0,0.37503477179645245,logistic_regression,raw
5757,0,0.3023789800212663,logistic_regression,raw
5773,1,0.3569920387816695,logistic_regression,raw
5780,0,0.25468952325741917,logistic_regression,raw
5789,1,0.2941798813309647,logistic_regression,raw
5790,1,0.6104840281415572,logistic_regression,raw
5796,0,0.4235073066123465,logistic_regression,raw
5805,0,0.41236775292329864,logistic_regression,raw
5806,0,0.2788442712865186,logistic_regression,raw
5819,1,0.2382039533275364,logistic_regression,raw
5848,1,0.2444140882934164,logistic_regression,raw
5871,0,0.3175157467850513,logistic_regression,raw
5885,1,0.3483309179961853,logistic_regression,raw
5891,1,0.488675544277739,logistic_regression,raw
5898,1,0.20483398898440708,logistic_regression,raw
5909,0,0.2828142345274439,logistic_regression,raw
5915,0,0.31772452783250427,logistic_regression,raw
5917,0,0.3967883069264568,logistic_regression,raw
5919,0,0.30271303817954553,logistic_regression,raw
5922,0,0.2815835971619188,logistic_regression,raw
5924,0,0.1821571656431509,logistic_regression,raw
5929,0,0.2519558532941732,logistic_regression,raw
5938,0,0.19820637782560643,logistic_regression,raw
5941,1,0.40923161456570206,logistic_regression,raw
5950,1,0.3561753583613386,logistic_regression,raw
5954,1,0.3413030186648246,logistic_regression,raw
5960,1,0.22935946633772056,logistic_regression,raw
5968,0,0.1572607904839911,logistic_regression,raw
5980,0,0.5276125504800766,logistic_regression,raw
5986,0,0.2973034791509812,logistic_regression,raw
6000,0,0.44452834936637725,logistic_regression,raw
6004,0,0.1426359907189863,logistic_regression,raw
6025,0,0.34269603791545455,logistic_regression,raw
6029,1,0.13566256161570225,logistic_regression,raw
6034,0,0.3137564457940696,logistic_regression,raw
6039,0,0.19770999047288443,logistic_regression,raw
6067,1,0.5936616234846647,logistic_regression,raw
6079,1,0.17193383852980426,logistic_regression,raw
6090,0,0.21819117947183334,logistic_regression,raw
6094,0,0.3203348212603062,logistic_regression,raw
6115,1,0.3745377763775369,logistic_regression,raw
6116,1,0.43622525521519556,logistic_regression,raw
6118,0,0.2953546601157944,logistic_regression,raw
6121,1,0.25124903380132396,logistic_regression,raw
6122,0,0.33314128794921943,logistic_regression,raw
6131,0,0.2839648136677468,logistic_regression,raw
6132,0,0.3869889170680906,logistic_regression,raw
6144,0,0.43572740807270527,logistic_regression,raw
6146,0,0.4730636896235028,logistic_regression,raw
6153,0,0.24924533855216474,logistic_regression,raw
6159,0,0.21484222654538485,logistic_regression,raw
6166,0,0.4637873691015764,logistic_regression,raw
6171,1,0.4015073269789498,logistic_regression,raw
6176,0,0.348954726739119,logistic_regression,raw
6178,0,0.20398569275002218,logistic_regression,raw
6182,1,0.642291714354408,logistic_regression,raw
6184,1,0.6941480583381737,logistic_regression,raw
6185,0,0.181936028823854,logistic_regression,raw
6193,0,0.3804115547690676,logistic_regression,raw
6196,0,0.41781003465043115,logistic_regression,raw
6197,1,0.20848789413131527,logistic_regression,raw
6199,1,0.5267278476964599,logistic_regression,raw
6200,1,0.3199730189093903,logistic_regression,raw
6211,0,0.1843854715946938,logistic_regression,raw
6215,0,0.20395196774521449,logistic_regression,raw
6217,1,0.5376802804459597,logistic_regression,raw
6225,1,0.5289081240214464,logistic_regression,raw
6226,0,0.16533607914966528,logistic_regression,raw
6232,0,0.5103630657369957,logistic_regression,raw
6237,0,0.4870546165948849,logistic_regression,raw
6238,0,0.3209009633913705,logistic_regression,raw
6242,1,0.30832486054705616,logistic_regression,raw
6244,1,0.5073827174008523,logistic_regression,raw
6245,1,0.23984914193494736,logistic_regression,raw
6247,0,0.24932211531112472,logistic_regression,raw
6255,0,0.29012731462682045,logistic_regression,raw
6256,0,0.33228269199848637,logistic_regression,raw
6258,0,0.18976689136270572,logistic_regression,raw
6297,0,0.2840664491775917,logistic_regression,raw
6310,1,0.40506982214593656,logistic_regression,raw
6315,1,0.4329064452047043,logistic_regression,raw
6320,0,0.4412179553875615,logistic_regression,raw
6328,0,0.3957545083829436,logistic_regression,raw
6330,0,0.28654290388566234,logistic_regression,raw
6331,0,0.5626655525576161,logistic_regression,raw
6334,0,0.28726716315128437,logistic_regression,raw
6347,1,0.30987815048215006,logistic_regression,raw
6363,0,0.35567152374528843,logistic_regression,raw
6364,0,0.1636845713921546,logistic_regression,raw
6378,0,0.25621029440631476,logistic_regression,raw
6382,1,0.36264042911963323,logistic_regression,raw
6398,0,0.17859023234762228,logistic_regression,raw
6404,1,0.4931286183030468,logistic_regression,raw
6408,0,0.21173499570944038,logistic_regression,raw
6416,1,0.22498504508469003,logistic_regression,raw
6418,0,0.2736358156840636,logistic_regression,raw
6427,0,0.33436540574292106,logistic_regression,raw
6429,1,0.46094938478476166,logistic_regression,raw
6437,0,0.40852731222559596,logistic_regression,raw
6447,1,0.45531795181392626,logistic_regression,raw
6460,0,0.2801779776766886,logistic_regression,raw
6462,0,0.365676312491322,logistic_regression,raw
6465,1,0.4998857639142818,logistic_regression,raw
6466,1,0.32603055905068345,logistic_regression,raw
6467,0,0.2522737542715381,logistic_regression,raw
6469,1,0.34492672678106495,logistic_regression,raw
6470,1,0.3041150729207049,logistic_regression,raw
6474,0,0.5054223153327634,logistic_regression,raw
6497,0,0.3943018019024836,logistic_regression,raw
6499,0,0.23250245109884074,logistic_regression,raw
6515,0,0.18256119328837384,logistic_regression,raw
6519,0,0.21461205733933783,logistic_regression,raw
6526,1,0.26234625725634125,logistic_regression,raw
6545,0,0.20069782128027946,logistic_regression,raw
6557,1,0.37008692577897573,logistic_regression,raw
6558,0,0.21293507027719005,logistic_regression,raw
6566,1,0.4889522923959519,logistic_regression,raw
6569,0,0.31455858980869045,logistic_regression,raw
6575,1,0.5045638148421762,logistic_regression,raw
6582,0,0.4510955962181506,logistic_regression,raw
6586,0,0.2748093371781481,logistic_regression,raw
6603,0,0.23190315777747245,logistic_regression,raw
6611,0,0.32308877257618257,logistic_regression,raw
6616,0,0.33781566826183546,logistic_regression,raw
6617,1,0.41992568774497985,logistic_regression,raw
6618,0,0.4153474978713967,logistic_regression,raw
6636,0,0.13544081075332504,logistic_regression,raw
6638,0,0.6229759314163524,logistic_regression,raw
6649,0,0.5287090052335902,logistic_regression,raw
6661,1,0.2511841253553049,logistic_regression,raw
6662,0,0.29852526611022895,logistic_regression,raw
6664,1,0.25704425263644604,logistic_regression,raw
6668,1,0.42086213569484415,logistic_regression,raw
6679,0,0.38142250150306817,logistic_regression,raw
6707,1,0.17930180235467208,logistic_regression,raw
6710,1,0.2062129165172355,logistic_regression,raw
6713,1,0.3964676285296437,logistic_regression,raw
6723,0,0.3357895998293045,logistic_regression,raw
6726,0,0.3212135085186666,logistic_regression,raw
6735,1,0.4574112859716934,logistic_regression,raw
6745,1,0.1887937365693232,logistic_regression,raw
6759,0,0.28477378859199226,logistic_regression,raw
6763,1,0.20877812178254224,logistic_regression,raw
6774,0,0.28945349219150457,logistic_regression,raw
6775,0,0.4625776221326566,logistic_regression,raw
6780,1,0.721009236931888,logistic_regression,raw
6802,0,0.5232601446032586,logistic_regression,raw
6810,0,0.5992904614505298,logistic_regression,raw
6814,0,0.2562806558696669,logistic_regression,raw
6821,0,0.45762559921832885,logistic_regression,raw
6834,0,0.47768847373170736,logistic_regression,raw
6835,1,0.5236575426857119,logistic_regression,raw
6842,0,0.29201266280301774,logistic_regression,raw
6861,1,0.29009232985759525,logistic_regression,raw
6863,0,0.19835551327467282,logistic_regression,raw
6878,0,0.12569238169414745,logistic_regression,raw
6879,0,0.3387333154836965,logistic_regression,raw
6887,0,0.546081826005555,logistic_regression,raw
6891,0,0.3434365957873378,logistic_regression,raw
6907,1,0.4493697945969134,logistic_regression,raw
6910,1,0.3425439161444222,logistic_regression,raw
6922,0,0.39040937270099674,logistic_regression,raw
6928,0,0.6163133422718307,logistic_regression,raw
6929,0,0.18956412566643602,logistic_regression,raw
6930,0,0.2897675089776129,logistic_regression,raw
6935,0,0.31139613217362205,logistic_regression,raw
6951,1,0.575049226395298,logistic_regression,raw
6955,0,0.41003031416686936,logistic_regression,raw
6971,0,0.4304935704720332,logistic_regression,raw
6989,0,0.22778165998111638,logistic_regression,raw
6997,0,0.24695017493953847,logistic_regression,raw
7004,1,0.7598845569284698,logistic_regression,raw
7006,0,0.3459443160885574,logistic_regression,raw
7009,0,0.2704947772425962,logistic_regression,raw
7012,0,0.37417193042965263,logistic_regression,raw
7022,1,0.3487645896208951,logistic_regression,raw
7024,0,0.22797147953666522,logistic_regression,raw
7035,1,0.45686464919371955,logistic_regression,raw
7046,0,0.236715158313015,logistic_regression,raw
7049,1,0.28774452474032675,logistic_regression,raw
7050,0,0.3941068561087772,logistic_regression,raw
7058,0,0.26010166558833975,logistic_regression,raw
7059,0,0.38812073945527503,logistic_regression,raw
7063,0,0.25580304153436006,logistic_regression,raw
7074,1,0.4024657039990753,logistic_regression,raw
7075,0,0.4895255626582524,logistic_regression,raw
7088,0,0.16411105378038585,logistic_regression,raw
7095,1,0.6247615902806268,logistic_regression,raw
7110,0,0.3565325037342564,logistic_regression,raw
7122,1,0.23014540362090116,logistic_regression,raw
7130,0,0.33138011548980056,logistic_regression,raw
7138,0,0.22074919237893703,logistic_regression,raw
7142,0,0.493991685439493,logistic_regression,raw
7144,1,0.24627396059717058,logistic_regression,raw
7145,0,0.4593291685478193,logistic_regression,raw
7153,0,0.32422002323613935,logistic_regression,raw
7156,1,0.24143742536072407,logistic_regression,raw
7157,0,0.21879453084079312,logistic_regression,raw
7159,0,0.25443705529786376,logistic_regression,raw
7171,0,0.2518482623158526,logistic_regression,raw
7179,0,0.3600675949808555,logistic_regression,raw
7180,0,0.3231787553143183,logistic_regression,raw
7185,0,0.15787340917338277,logistic_regression,raw
7192,1,0.20370500456488572,logistic_regression,raw
7197,0,0.22887332790521545,logistic_regression,raw
7202,1,0.18498259523449137,logistic_regression,raw
7203,0,0.3132070421550632,logistic_regression,raw
7210,1,0.669972110232336,logistic_regression,raw
7213,0,0.3937449478699918,logistic_regression,raw
7215,0,0.2554245487158744,logistic_regression,raw
7222,1,0.25796405829728136,logistic_regression,raw
7229,1,0.2735740118842937,logistic_regression,raw
7234,0,0.24109448271656944,logistic_regression,raw
7244,1,0.7813508177548322,logistic_regression,raw
7245,0,0.6675444242047229,logistic_regression,raw
7260,0,0.29834582080473254,logistic_regression,raw
7267,0,0.19191350563479065,logistic_regression,raw
7270,0,0.27157467599881424,logistic_regression,raw
7271,0,0.3485970485815162,logistic_regression,raw
7308,0,0.26958975411407476,logistic_regression,raw
7312,0,0.2813995378951098,logistic_regression,raw
7321,0,0.27719367375505966,logistic_regression,raw
7325,1,0.3363478484438038,logistic_regression,raw
7327,1,0.5554199774273053,logistic_regression,raw
7328,1,0.4020432989432826,logistic_regression,raw
7336,1,0.4988596821282347,logistic_regression,raw
7337,1,0.30295212842303837,logistic_regression,raw
7352,1,0.18660231167836752,logistic_regression,raw
7354,1,0.4460801951380361,logistic_regression,raw
7357,0,0.4827877503283265,logistic_regression,raw
7359,0,0.23479742641762244,logistic_regression,raw
7360,1,0.3956129155944951,logistic_regression,raw
7373,1,0.3484591521032596,logistic_regression,raw
7379,1,0.7899599321751182,logistic_regression,raw
7386,0,0.24632167165888183,logistic_regression,raw
7392,0,0.30693218327763844,logistic_regression,raw
7396,1,0.3055962132211579,logistic_regression,raw
7397,0,0.15311453081188764,logistic_regression,raw
7399,0,0.19460363601102842,logistic_regression,raw
7403,0,0.4450726092738423,logistic_regression,raw
7404,0,0.2710906134083647,logistic_regression,raw
7416,0,0.3150105868346965,logistic_regression,raw
7423,0,0.3159809810130276,logistic_regression,raw
7424,1,0.5248903416241817,logistic_regression,raw
7426,0,0.2889818268811492,logistic_regression,raw
7429,1,0.6975216596789146,logistic_regression,raw
7438,0,0.28230713864983603,logistic_regression,raw
7445,0,0.31112425601636934,logistic_regression,raw
7461,0,0.3810690147520015,logistic_regression,raw
7466,0,0.231820777422611,logistic_regression,raw
7472,0,0.25839416451313707,logistic_regression,raw
7473,0,0.2743767272251287,logistic_regression,raw
7482,0,0.1734386563678342,logistic_regression,raw
7486,1,0.47423330335387953,logistic_regression,raw
7494,1,0.2235661710067507,logistic_regression,raw
7495,0,0.7236686646078662,logistic_regression,raw
7497,0,0.34941175689064696,logistic_regression,raw
7500,0,0.3398682897994464,logistic_regression,raw
7503,0,0.19154469684604503,logistic_regression,raw
7504,0,0.32841783819544046,logistic_regression,raw
7512,1,0.8085186886924821,logistic_regression,raw
7527,1,0.44920813009083344,logistic_regression,raw
7528,0,0.301853070982341,logistic_regression,raw
7529,1,0.15547498723238898,logistic_regression,raw
7530,1,0.30238719954993043,logistic_regression,raw
7531,0,0.24014377887157795,logistic_regression,raw
7535,0,0.16752699571364585,logistic_regression,raw
7550,1,0.21711450423738515,logistic_regression,raw
7558,0,0.12900356063461216,logistic_regression,raw
7605,0,0.38193382338950843,logistic_regression,raw
7621,1,0.29444933181791405,logistic_regression,raw
7626,1,0.34996922349723714,logistic_regression,raw
7628,1,0.4570668201846578,logistic_regression,raw
7637,0,0.3035085375001656,logistic_regression,raw
7646,0,0.28448930960654384,logistic_regression,raw
7648,1,0.3308703564835877,logistic_regression,raw
7650,0,0.5083897442396013,logistic_regression,raw
7652,0,0.2125421499270818,logistic_regression,raw
7655,1,0.19995318034888557,logistic_regression,raw
7657,0,0.40770775801625647,logistic_regression,raw
7674,0,0.47595098127213287,logistic_regression,raw
7675,1,0.5369339863125278,logistic_regression,raw
7686,0,0.2920880874025086,logistic_regression,raw
7689,1,0.24601397861107038,logistic_regression,raw
7695,0,0.23360141525174544,logistic_regression,raw
7699,0,0.28694734570567826,logistic_regression,raw
7702,0,0.3338278346430892,logistic_regression,raw
7706,1,0.5095999009803787,logistic_regression,raw
7710,1,0.7538643946138217,logistic_regression,raw
7715,0,0.2619483256306761,logistic_regression,raw
7725,1,0.3127380963400632,logistic_regression,raw
7729,1,0.46538532652773407,logistic_regression,raw
7730,0,0.16079178575568073,logistic_regression,raw
7732,1,0.5360365735537499,logistic_regression,raw
7733,1,0.2957351714306491,logistic_regression,raw
7737,0,0.39246703726959314,logistic_regression,raw
7741,1,0.3304223953676692,logistic_regression,raw
7744,0,0.46441672388486155,logistic_regression,raw
7765,0,0.3482762424957739,logistic_regression,raw
7767,0,0.31179455539807993,logistic_regression,raw
7769,1,0.23474198448132114,logistic_regression,raw
7772,0,0.16496101997993354,logistic_regression,raw
7780,0,0.28481709261210286,logistic_regression,raw
7790,0,0.16389498501974442,logistic_regression,raw
7802,0,0.29121545933103365,logistic_regression,raw
7824,1,0.33483261872347425,logistic_regression,raw
7833,0,0.15999687221148676,logistic_regression,raw
7834,1,0.5262458704079948,logistic_regression,raw
7836,0,0.241903086827096,logistic_regression,raw
7846,1,0.31790918177527533,logistic_regression,raw
7851,1,0.37640943382392317,logistic_regression,raw
7865,0,0.36046037836982414,logistic_regression,raw
7874,0,0.3796001813176659,logistic_regression,raw
7879,0,0.21671894914055118,logistic_regression,raw
7882,0,0.17461599796462524,logistic_regression,raw
7884,1,0.3572864028863543,logistic_regression,raw
7887,0,0.2482539246738063,logistic_regression,raw
7892,0,0.29879088500946094,logistic_regression,raw
7895,1,0.24296159584775737,logistic_regression,raw
7903,0,0.26013083343299187,logistic_regression,raw
7908,0,0.39033210179117783,logistic_regression,raw
7909,1,0.5686296647778738,logistic_regression,raw
7912,0,0.3026305761891661,logistic_regression,raw
7934,0,0.3412719632134034,logistic_regression,raw
7948,1,0.5700521349677069,logistic_regression,raw
7949,0,0.2502607259385355,logistic_regression,raw
7950,0,0.35791312835725436,logistic_regression,raw
7954,0,0.24911181326086518,logistic_regression,raw
7961,0,0.22661263083986663,logistic_regression,raw
7975,0,0.21028158834588245,logistic_regression,raw
7976,0,0.29644710687986414,logistic_regression,raw
7980,0,0.30169385199256754,logistic_regression,raw
7981,0,0.18200344842882055,logistic_regression,raw
7987,0,0.17863411926963077,logistic_regression,raw
7993,1,0.2579212303928608,logistic_regression,raw
7999,1,0.28781552033181207,logistic_regression,raw
8000,1,0.26066797844478623,logistic_regression,raw
8004,0,0.2545114728671802,logistic_regression,raw
8019,1,0.4247689274536803,logistic_regression,raw
8029,0,0.32550186993916264,logistic_regression,raw
8032,1,0.37149117478150445,logistic_regression,raw
8035,0,0.24837263677528576,logistic_regression,raw
8038,1,0.26690698062460916,logistic_regression,raw
8048,0,0.606758384722925,logistic_regression,raw
8067,1,0.330829292563141,logistic_regression,raw
8068,0,0.4905884872258069,logistic_regression,raw
8071,0,0.4845511450114509,logistic_regression,raw
8072,0,0.48042840966014166,logistic_regression,raw
8080,1,0.21512571464451988,logistic_regression,raw
8085,0,0.2069212643894142,logistic_regression,raw
8087,1,0.27705292185369734,logistic_regression,raw
8088,0,0.17695312320931772,logistic_regression,raw
8093,0,0.3119164924743834,logistic_regression,raw
8098,1,0.5032178919717097,logistic_regression,raw
8100,0,0.3277572066823725,logistic_regression,raw
8108,1,0.27389703439414476,logistic_regression,raw
8120,0,0.3538582709894131,logistic_regression,raw
8127,1,0.2693261165438432,logistic_regression,raw
8131,1,0.783472682619158,logistic_regression,raw
8134,0,0.5244252751568484,logistic_regression,raw
8139,1,0.369224928200823,logistic_regression,raw
8140,0,0.28120564724128627,logistic_regression,raw
8141,0,0.27617724817876266,logistic_regression,raw
8150,0,0.26014516983334407,logistic_regression,raw
8152,0,0.3745228622134908,logistic_regression,raw
8156,1,0.49829188791255863,logistic_regression,raw
8158,0,0.30727387397305356,logistic_regression,raw
8170,0,0.38162148104784344,logistic_regression,raw
8173,0,0.5012647277834346,logistic_regression,raw
8177,1,0.3145808880347899,logistic_regression,raw
8193,1,0.19422189493164402,logistic_regression,raw
8197,0,0.5858501067322152,logistic_regression,raw
8206,0,0.2375190223758506,logistic_regression,raw
8209,0,0.24772810837632284,logistic_regression,raw
8216,0,0.24842514990542783,logistic_regression,raw
8219,0,0.37669216928242705,logistic_regression,raw
8228,0,0.3308031339701135,logistic_regression,raw
8237,0,0.488522955806597,logistic_regression,raw
8238,1,0.41913014558740935,logistic_regression,raw
8241,0,0.29498198703580913,logistic_regression,raw
8269,0,0.41760305478745496,logistic_regression,raw
8278,0,0.27299766358423966,logistic_regression,raw
8289,1,0.45634721603818157,logistic_regression,raw
8295,1,0.342296353951349,logistic_regression,raw
8299,0,0.23226939798661733,logistic_regression,raw
8311,0,0.40135098235429073,logistic_regression,raw
8319,0,0.1855600521684541,logistic_regression,raw
8334,1,0.38318766406245086,logistic_regression,raw
8339,0,0.4936872280560836,logistic_regression,raw
8343,0,0.40064634095799817,logistic_regression,raw
8357,0,0.4802298007870023,logistic_regression,raw
8366,1,0.5511541544088708,logistic_regression,raw
8371,1,0.5475219487703414,logistic_regression,raw
8372,0,0.34162585388285044,logistic_regression,raw
8374,0,0.49431134356941075,logistic_regression,raw
8426,1,0.49125560647017263,logistic_regression,raw
8428,0,0.24631223315163217,logistic_regression,raw
8429,1,0.4880131474209669,logistic_regression,raw
8430,1,0.6672456178485734,logistic_regression,raw
8441,1,0.2647879678134626,logistic_regression,raw
8446,0,0.2072578145695207,logistic_regression,raw
8449,0,0.22086486542296827,logistic_regression,raw
8457,1,0.4718355728028357,logistic_regression,raw
8458,0,0.36769453222130655,logistic_regression,raw
8468,0,0.390644043523797,logistic_regression,raw
8487,1,0.27739179500665634,logistic_regression,raw
8495,0,0.48328944892092246,logistic_regression,raw
8506,0,0.35932909215770925,logistic_regression,raw
8508,0,0.17919055260801667,logistic_regression,raw
8510,1,0.3875381379349311,logistic_regression,raw
8513,0,0.40932563670754907,logistic_regression,raw
8544,0,0.3432761173601775,logistic_regression,raw
8550,1,0.3812383024158691,logistic_regression,raw
8562,1,0.33745902515937753,logistic_regression,raw
8568,1,0.4713832832993441,logistic_regression,raw
8569,0,0.26154095625942614,logistic_regression,raw
8578,0,0.20369564297211765,logistic_regression,raw
8585,0,0.25566340411148997,logistic_regression,raw
8590,0,0.3905754680483609,logistic_regression,raw
8593,0,0.3286867613879192,logistic_regression,raw
8614,1,0.22315011010851243,logistic_regression,raw
8620,0,0.31398458698398785,logistic_regression,raw
8622,1,0.40063556114766957,logistic_regression,raw
8623,0,0.2945737427903063,logistic_regression,raw
8624,1,0.37277793126931336,logistic_regression,raw
8629,1,0.4183496108807163,logistic_regression,raw
8632,1,0.4374088717814306,logistic_regression,raw
8633,0,0.5557864739728566,logistic_regression,raw
8635,0,0.2737651947831234,logistic_regression,raw
8641,0,0.3291607078058537,logistic_regression,raw
8650,0,0.36260587427216096,logistic_regression,raw
8652,1,0.5119708876072777,logistic_regression,raw
8670,1,0.27072220391767976,logistic_regression,raw
8672,1,0.2440740237129263,logistic_regression,raw
8674,0,0.18697132023524535,logistic_regression,raw
8679,1,0.1675966443585055,logistic_regression,raw
8691,0,0.3708791508009588,logistic_regression,raw
8700,0,0.32295599994072977,logistic_regression,raw
8704,1,0.2260487710459423,logistic_regression,raw
8707,0,0.1982346311553309,logistic_regression,raw
8711,0,0.3408157281015859,logistic_regression,raw
8717,1,0.2269694841358527,logistic_regression,raw
8718,0,0.2467487006376795,logistic_regression,raw
8731,0,0.21059164541852277,logistic_regression,raw
8734,0,0.43520385896320635,logistic_regression,raw
8736,0,0.38690686013485653,logistic_regression,raw
8738,0,0.1998268012121005,logistic_regression,raw
8750,0,0.4286375800366445,logistic_regression,raw
8751,0,0.3470113678789303,logistic_regression,raw
8758,0,0.24463439334501047,logistic_regression,raw
8768,1,0.2936796548872066,logistic_regression,raw
8775,0,0.5366788054673948,logistic_regression,raw
8783,0,0.5626924418977673,logistic_regression,raw
8790,0,0.25689638693733163,logistic_regression,raw
8793,0,0.27322751167840253,logistic_regression,raw
8795,0,0.37221220241246256,logistic_regression,raw
8799,1,0.2490920184225793,logistic_regression,raw
8804,0,0.16759270326661727,logistic_regression,raw
8810,0,0.31756102632948247,logistic_regression,raw
8812,0,0.23795764919291013,logistic_regression,raw
8818,0,0.4488407862553715,logistic_regression,raw
8825,0,0.19304557595458602,logistic_regression,raw
8827,0,0.43438512183904376,logistic_regression,raw
8833,0,0.17289512080033345,logistic_regression,raw
8836,0,0.29568505087240193,logistic_regression,raw
8841,0,0.40185154486800045,logistic_regression,raw
8845,1,0.46639446187836814,logistic_regression,raw
8859,0,0.3250895359832264,logistic_regression,raw
8861,1,0.3690317510900549,logistic_regression,raw
8868,0,0.3169748226660403,logistic_regression,raw
8873,0,0.21567389776481602,logistic_regression,raw
8881,0,0.24261987109366956,logistic_regression,raw
8882,0,0.5271166031739347,logistic_regression,raw
8887,0,0.17762640517641395,logistic_regression,raw
8894,0,0.24482518935265085,logistic_regression,raw
8895,0,0.1509591722377644,logistic_regression,raw
8901,0,0.16556764983173097,logistic_regression,raw
8902,0,0.3932467503460716,logistic_regression,raw
8913,0,0.2799760149169048,logistic_regression,raw
8914,1,0.4435642233308826,logistic_regression,raw
8915,1,0.4577775193611393,logistic_regression,raw
8917,1,0.7135276114890599,logistic_regression,raw
8937,0,0.3599991600937623,logistic_regression,raw
8939,1,0.4089553867675195,logistic_regression,raw
8951,1,0.2838603049912006,logistic_regression,raw
8963,0,0.4997001290135759,logistic_regression,raw
8965,1,0.16514651788205972,logistic_regression,raw
8972,0,0.2536694304602547,logistic_regression,raw
8986,1,0.35629173959201,logistic_regression,raw
8999,1,0.3589316266962388,logistic_regression,raw
9000,1,0.4565155663428876,logistic_regression,raw
9005,0,0.26947451589274135,logistic_regression,raw
9009,1,0.676651130688611,logistic_regression,raw
9012,0,0.31915224196541747,logistic_regression,raw
9030,0,0.31701877161916503,logistic_regression,raw
9043,0,0.20109083837401193,logistic_regression,raw
9054,1,0.5436875959402313,logistic_regression,raw
9061,0,0.20319563491098175,logistic_regression,raw
9063,1,0.5069313188321874,logistic_regression,raw
9065,0,0.27989172666719364,logistic_regression,raw
9070,1,0.19918801363998828,logistic_regression,raw
9074,1,0.3756614576065379,logistic_regression,raw
9086,0,0.22247434615107117,logistic_regression,raw
9087,0,0.15204676148513518,logistic_regression,raw
9095,0,0.2330579105318113,logistic_regression,raw
9107,0,0.2903979163458109,logistic_regression,raw
9112,0,0.1471023064268135,logistic_regression,raw
9114,0,0.2700756199135057,logistic_regression,raw
9127,1,0.27181195013394666,logistic_regression,raw
9131,0,0.5154845659124554,logistic_regression,raw
9144,0,0.5158905240248484,logistic_regression,raw
9145,1,0.30426274628086714,logistic_regression,raw
9153,0,0.4450338178552001,logistic_regression,raw
9167,0,0.4192913613467033,logistic_regression,raw
9178,1,0.6967120681657103,logistic_regression,raw
9187,0,0.5180496628213508,logistic_regression,raw
9190,0,0.4160130604617451,logistic_regression,raw
9197,0,0.24472206236860386,logistic_regression,raw
9204,0,0.3304512361407425,logistic_regression,raw
9209,0,0.27697948035459274,logistic_regression,raw
9211,0,0.35325062516409184,logistic_regression,raw
9216,0,0.280348698452992,logistic_regression,raw
9217,1,0.5843272101435161,logistic_regression,raw
9230,0,0.2458148679798221,logistic_regression,raw
9233,1,0.34953457432677854,logistic_regression,raw
9238,0,0.6666621318012989,logistic_regression,raw
9243,0,0.2477397627153394,logistic_regression,raw
9244,0,0.2914465833454308,logistic_regression,raw
9245,0,0.21022273111523726,logistic_regression,raw
9260,0,0.49736226854986304,logistic_regression,raw
9261,1,0.36680815419218177,logistic_regression,raw
9276,1,0.2087120327574578,logistic_regression,raw
9279,0,0.3029302860450942,logistic_regression,raw
9294,0,0.30871438931564893,logistic_regression,raw
9314,0,0.43911318476645406,logistic_regression,raw
9318,0,0.2170549428845948,logistic_regression,raw
9322,0,0.21912701849878274,logistic_regression,raw
9324,0,0.7309317280402571,logistic_regression,raw
9356,0,0.304499813096097,logistic_regression,raw
9362,1,0.42917790974082054,logistic_regression,raw
9369,1,0.353469026444372,logistic_regression,raw
9371,0,0.1305341416848719,logistic_regression,raw
9379,1,0.3228505027860245,logistic_regression,raw
9381,0,0.3723854106712114,logistic_regression,raw
9391,0,0.4164082431524199,logistic_regression,raw
9393,0,0.4505717873976449,logistic_regression,raw
9396,1,0.3007426964487756,logistic_regression,raw
9413,1,0.2640669674426778,logistic_regression,raw
9417,0,0.21481412499633668,logistic_regression,raw
9433,1,0.46490095495763717,logistic_regression,raw
9437,0,0.3682747210238809,logistic_regression,raw
9442,0,0.35405770000589853,logistic_regression,raw
9457,0,0.26751192965563503,logistic_regression,raw
9462,0,0.16719885280026903,logistic_regression,raw
9463,0,0.33918699726503904,logistic_regression,raw
9465,0,0.2513267292089075,logistic_regression,raw
9471,0,0.2552497707506317,logistic_regression,raw
9483,1,0.5364737758493704,logistic_regression,raw
9490,0,0.5760678177983215,logistic_regression,raw
9492,1,0.6207307172333548,logistic_regression,raw
9494,0,0.34487384077444894,logistic_regression,raw
9496,1,0.2756680826134053,logistic_regression,raw
9497,0,0.14795401017208487,logistic_regression,raw
9526,1,0.6454571917002965,logistic_regression,raw
9530,0,0.2598776692033506,logistic_regression,raw
9534,0,0.6702748155778335,logistic_regression,raw
9537,0,0.5046604301095243,logistic_regression,raw
9539,1,0.1801498611442276,logistic_regression,raw
9545,0,0.277471533629232,logistic_regression,raw
9559,0,0.7710142512778553,logistic_regression,raw
9564,0,0.3966855084753464,logistic_regression,raw
9565,0,0.3723691917186339,logistic_regression,raw
9569,0,0.19257390738767496,logistic_regression,raw
9575,1,0.482997559879749,logistic_regression,raw
9579,0,0.28641152231490513,logistic_regression,raw
9581,0,0.34345094132945786,logistic_regression,raw
9585,1,0.2901646147800532,logistic_regression,raw
9611,1,0.2505157101025377,logistic_regression,raw
9620,1,0.2997237799156141,logistic_regression,raw
9630,0,0.44174009479586723,logistic_regression,raw
9633,1,0.1858007901535666,logistic_regression,raw
9636,0,0.2992513139905719,logistic_regression,raw
9649,0,0.40689092195525745,logistic_regression,raw
9656,0,0.5029501236521865,logistic_regression,raw
9674,1,0.812421578129662,logistic_regression,raw
9683,0,0.3754560582197179,logistic_regression,raw
9692,1,0.37854942253680796,logistic_regression,raw
9693,0,0.5446752187086928,logistic_regression,raw
9700,0,0.1556830323417483,logistic_regression,raw
9711,0,0.2881637581875741,logistic_regression,raw
9712,1,0.5657958356339319,logistic_regression,raw
9723,0,0.4905671361010532,logistic_regression,raw
9733,0,0.454086124093572,logistic_regression,raw
9741,1,0.4372063823589475,logistic_regression,raw
9742,0,0.21288421808428784,logistic_regression,raw
9753,1,0.28480113798443557,logistic_regression,raw
9765,1,0.5938613669715158,logistic_regression,raw
9782,0,0.23940246003869964,logistic_regression,raw
9783,1,0.514574361962474,logistic_regression,raw
9786,1,0.43305906312047304,logistic_regression,raw
9793,0,0.19290072819833756,logistic_regression,raw
9796,0,0.5220743286737906,logistic_regression,raw
9797,0,0.22301773880992143,logistic_regression,raw
9808,0,0.28872781986515467,logistic_regression,raw
9820,0,0.285604695321598,logistic_regression,raw
9821,0,0.6262481415199099,logistic_regression,raw
9824,1,0.501145193462659,logistic_regression,raw
9825,0,0.19548837276483502,logistic_regression,raw
9826,0,0.15419733160156038,logistic_regression,raw
9835,0,0.27620847290115724,logistic_regression,raw
9836,0,0.2489973903110473,logistic_regression,raw
9843,0,0.19733897355726232,logistic_regression,raw
9846,0,0.35630857351967254,logistic_regression,raw
9851,1,0.2411693848006172,logistic_regression,raw
9852,0,0.42302550804450456,logistic_regression,raw
9854,0,0.3024032570789862,logistic_regression,raw
9863,1,0.2908895941437294,logistic_regression,raw
9869,0,0.40695844192271785,logistic_regression,raw
9882,0,0.19490213702142908,logistic_regression,raw
9883,0,0.4119930285716864,logistic_regression,raw
9885,0,0.2580761879425599,logistic_regression,raw
9893,0,0.14228226156534698,logistic_regression,raw
9896,1,0.2900689539149518,logistic_regression,raw
9912,1,0.4784219854427555,logistic_regression,raw
9929,0,0.25408798200383526,logistic_regression,raw
9950,1,0.5688443374720473,logistic_regression,raw
9951,0,0.29796406696272537,logistic_regression,raw
9952,0,0.4443085217283973,logistic_regression,raw
9955,0,0.5295972095863298,logistic_regression,raw
9956,1,0.33184509852527017,logistic_regression,raw
9957,0,0.16796595849020154,logistic_regression,raw
9966,0,0.22554160745545832,logistic_regression,raw
9982,0,0.1667405616932469,logistic_regression,raw
9986,1,0.4151576069662193,logistic_regression,raw
9998,1,0.23393232606898162,logistic_regression,raw
3,1,0.41773434968766243,logistic_regression,sigmoid
7,0,0.35321025187798777,logistic_regression,sigmoid
8,0,0.19456227191999517,logistic_regression,sigmoid
15,1,0.4723100927459311,logistic_regression,sigmoid
22,0,0.48316128430078514,logistic_regression,sigmoid
25,0,0.4269150405926272,logistic_regression,sigmoid
46,1,0.4417867735150558,logistic_regression,sigmoid
49,0,0.34162057778117083,logistic_regression,sigmoid
62,0,0.35989203847412815,logistic_regression,sigmoid
64,1,0.5319296853395973,logistic_regression,sigmoid
65,1,0.5062418903960656,logistic_regression,sigmoid
66,0,0.5750791392163149,logistic_regression,sigmoid
91,0,0.31948734494432224,logistic_regression,sigmoid
105,0,0.36869810384814855,logistic_regression,sigmoid
110,1,0.5487309224954852,logistic_regression,sigmoid
111,1,0.6369871775458708,logistic_regression,sigmoid
119,1,0.5673166644230632,logistic_regression,sigmoid
124,0,0.4634556903609501,logistic_regression,sigmoid
130,1,0.5133970098723899,logistic_regression,sigmoid
138,1,0.49279363749679117,logistic_regression,sigmoid
144,1,0.49301638592978886,logistic_regression,sigmoid
150,0,0.15360817735945007,logistic_regression,sigmoid
159,0,0.3333969635621183,logistic_regression,sigmoid
164,0,0.31579008443664236,logistic_regression,sigmoid
173,0,0.26702074072852716,logistic_regression,sigmoid
185,0,0.39604766897531013,logistic_regression,sigmoid
188,0,0.2395703658829322,logistic_regression,sigmoid
191,1,0.19886284440038085,logistic_regression,sigmoid
198,0,0.3457818470238185,logistic_regression,sigmoid
204,1,0.3105433079184027,logistic_regression,sigmoid
205,0,0.2574725043468535,logistic_regression,sigmoid
218,1,0.2984870739434082,logistic_regression,sigmoid
226,0,0.39843112904017025,logistic_regression,sigmoid
231,0,0.25971788118742606,logistic_regression,sigmoid
240,0,0.2184469116795039,logistic_regression,sigmoid
247,1,0.23124488450918174,logistic_regression,sigmoid
254,0,0.45558336118604487,logistic_regression,sigmoid
263,0,0.3055363973888521,logistic_regression,sigmoid
271,0,0.2730464044328183,logistic_regression,sigmoid
297,1,0.37226812198661,logistic_regression,sigmoid
302,0,0.2906814744201275,logistic_regression,sigmoid
314,0,0.2238334058876881,logistic_regression,sigmoid
321,1,0.38208210542689613,logistic_regression,sigmoid
327,0,0.1833468765789736,logistic_regression,sigmoid
331,1,0.2862552483889166,logistic_regression,sigmoid
340,0,0.43058587582483193,logistic_regression,sigmoid
342,1,0.37414405308467613,logistic_regression,sigmoid
344,1,0.6001299265177669,logistic_regression,sigmoid
354,0,0.4468835967394349,logistic_regression,sigmoid
358,1,0.2996008948219627,logistic_regression,sigmoid
370,0,0.4559984141269806,logistic_regression,sigmoid
374,1,0.29673156280215746,logistic_regression,sigmoid
379,0,0.3128526357036444,logistic_regression,sigmoid
396,0,0.27689155519396463,logistic_regression,sigmoid
397,1,0.5297979284908955,logistic_regression,sigmoid
408,1,0.2943568709534767,logistic_regression,sigmoid
420,1,0.590249142239065,logistic_regression,sigmoid
427,0,0.1954118019673378,logistic_regression,sigmoid
429,1,0.26462450272672233,logistic_regression,sigmoid
430,1,0.269895563493145,logistic_regression,sigmoid
431,0,0.30821549266108667,logistic_regression,sigmoid
442,0,0.20174104197940648,logistic_regression,sigmoid
446,0,0.5282562527846617,logistic_regression,sigmoid
447,0,0.3026858454892682,logistic_regression,sigmoid
454,1,0.22736001996633678,logistic_regression,sigmoid
462,0,0.24683632735149813,logistic_regression,sigmoid
474,0,0.23379042514001133,logistic_regression,sigmoid
475,0,0.3092173457604435,logistic_regression,sigmoid
483,0,0.4166568617779519,logistic_regression,sigmoid
489,0,0.38204712642569827,logistic_regression,sigmoid
502,0,0.31687791187190417,logistic_regression,sigmoid
506,1,0.6962237033871476,logistic_regression,sigmoid
512,0,0.4428114058513412,logistic_regression,sigmoid
514,1,0.31597634373356553,logistic_regression,sigmoid
521,1,0.534126857153712,logistic_regression,sigmoid
530,1,0.25241250349553057,logistic_regression,sigmoid
535,0,0.16943149366286223,logistic_regression,sigmoid
536,1,0.1946772376192917,logistic_regression,sigmoid
539,0,0.2790764531898458,logistic_regression,sigmoid
544,0,0.329777799558349,logistic_regression,sigmoid
554,1,0.3570991246427536,logistic_regression,sigmoid
560,1,0.4923210433401282,logistic_regression,sigmoid
566,0,0.543997179771647,logistic_regression,sigmoid
572,0,0.2895375115885956,logistic_regression,sigmoid
574,0,0.47881122309316915,logistic_regression,sigmoid
587,1,0.3400792438384261,logistic_regression,sigmoid
590,0,0.25869140462919654,logistic_regression,sigmoid
597,1,0.38967585153773976,logistic_regression,sigmoid
598,1,0.38536802016403765,logistic_regression,sigmoid
601,0,0.28191287887120736,logistic_regression,sigmoid
602,0,0.2136168484586015,logistic_regression,sigmoid
605,0,0.37108362174295856,logistic_regression,sigmoid
609,0,0.44101358632607207,logistic_regression,sigmoid
610,1,0.3983473658639927,logistic_regression,sigmoid
611,0,0.45936743926464624,logistic_regression,sigmoid
616,0,0.30415133847985454,logistic_regression,sigmoid
617,1,0.46927026054494553,logistic_regression,sigmoid
628,1,0.31791543838951497,logistic_regression,sigmoid
630,0,0.472631764373458,logistic_regression,sigmoid
632,1,0.37732127847384167,logistic_regression,sigmoid
636,1,0.2616572086267257,logistic_regression,sigmoid
640,0,0.43539786885759246,logistic_regression,sigmoid
643,1,0.36154968489215494,logistic_regression,sigmoid
645,0,0.37367108855492454,logistic_regression,sigmoid
653,1,0.46362421147062094,logistic_regression,sigmoid
656,0,0.2537588335882003,logistic_regression,sigmoid
671,0,0.18267974300801254,logistic_regression,sigmoid
675,1,0.3416902732628517,logistic_regression,sigmoid
683,1,0.4239011966429515,logistic_regression,sigmoid
693,1,0.35396224143597194,logistic_regression,sigmoid
706,1,0.45637834932142046,logistic_regression,sigmoid
712,1,0.2804804577003646,logistic_regression,sigmoid
716,0,0.2909370698113137,logistic_regression,sigmoid
720,1,0.4273116560458392,logistic_regression,sigmoid
721,0,0.6737387301568282,logistic_regression,sigmoid
742,0,0.2836852149689231,logistic_regression,sigmoid
761,1,0.36456763532351055,logistic_regression,sigmoid
785,0,0.35725799934002594,logistic_regression,sigmoid
791,0,0.23381753693394583,logistic_regression,sigmoid
807,1,0.41687253703562616,logistic_regression,sigmoid
808,0,0.3607764098957181,logistic_regression,sigmoid
810,0,0.4575006555895059,logistic_regression,sigmoid
811,0,0.18855896541142061,logistic_regression,sigmoid
817,0,0.3769152718614427,logistic_regression,sigmoid
821,0,0.3821002648615238,logistic_regression,sigmoid
822,0,0.3881621261880457,logistic_regression,sigmoid
842,0,0.308089720476331,logistic_regression,sigmoid
850,1,0.3317552264916275,logistic_regression,sigmoid
853,1,0.3410945827344054,logistic_regression,sigmoid
871,1,0.3356590711010461,logistic_regression,sigmoid
873,1,0.41148211916902544,logistic_regression,sigmoid
875,0,0.18072521468779582,logistic_regression,sigmoid
878,0,0.23539934866583595,logistic_regression,sigmoid
887,1,0.24667696734410974,logistic_regression,sigmoid
890,0,0.5814976293361043,logistic_regression,sigmoid
905,0,0.4184636083813261,logistic_regression,sigmoid
906,1,0.31963826923832883,logistic_regression,sigmoid
912,1,0.432637252147978,logistic_regression,sigmoid
913,1,0.4626453651731909,logistic_regression,sigmoid
916,0,0.34112775788376587,logistic_regression,sigmoid
919,0,0.3124231640254767,logistic_regression,sigmoid
926,0,0.1669478486338051,logistic_regression,sigmoid
937,0,0.41302368686047636,logistic_regression,sigmoid
945,0,0.5573546488261802,logistic_regression,sigmoid
947,0,0.31919664217210286,logistic_regression,sigmoid
948,0,0.4732192959309487,logistic_regression,sigmoid
959,1,0.39931298119034897,logistic_regression,sigmoid
966,0,0.259018453028326,logistic_regression,sigmoid
979,0,0.41893756627019313,logistic_regression,sigmoid
980,0,0.3159942793617203,logistic_regression,sigmoid
988,0,0.29971174773566217,logistic_regression,sigmoid
989,0,0.3297467766280035,logistic_regression,sigmoid
1008,0,0.3266220148286717,logistic_regression,sigmoid
1011,1,0.44639755161889527,logistic_regression,sigmoid
1012,1,0.5330281356964942,logistic_regression,sigmoid
1013,1,0.5909906993294791,logistic_regression,sigmoid
1034,0,0.5245615958690586,logistic_regression,sigmoid
1040,0,0.33688436720609793,logistic_regression,sigmoid
1042,1,0.4951851041170318,logistic_regression,sigmoid
1046,0,0.35480642864303796,logistic_regression,sigmoid
1049,0,0.23495261201680312,logistic_regression,sigmoid
1052,0,0.259031552873707,logistic_regression,sigmoid
1073,0,0.3574795904531577,logistic_regression,sigmoid
1082,0,0.5340086472803278,logistic_regression,sigmoid
1102,0,0.2998725895466212,logistic_regression,sigmoid
1104,0,0.339754570607654,logistic_regression,sigmoid
1105,0,0.2407789266431695,logistic_regression,sigmoid
1106,0,0.2850637694578779,logistic_regression,sigmoid
1115,0,0.40341597827995546,logistic_regression,sigmoid
1116,1,0.2615059837512231,logistic_regression,sigmoid
1119,0,0.3194342693446429,logistic_regression,sigmoid
1121,0,0.4350657535019024,logistic_regression,sigmoid
1128,0,0.4821446769561693,logistic_regression,sigmoid
1150,1,0.6321002333375138,logistic_regression,sigmoid
1158,0,0.2723497150971403,logistic_regression,sigmoid
1164,0,0.3451659497221106,logistic_regression,sigmoid
1181,1,0.5148415575101173,logistic_regression,sigmoid
1183,1,0.3941611516952226,logistic_regression,sigmoid
1186,1,0.3275791237771066,logistic_regression,sigmoid
1187,0,0.2979721451539643,logistic_regression,sigmoid
1189,0,0.28419012080020944,logistic_regression,sigmoid
1195,1,0.3860009619309705,logistic_regression,sigmoid
1199,1,0.3126220850991886,logistic_regression,sigmoid
1206,1,0.2572296559246655,logistic_regression,sigmoid
1210,1,0.5034458284236769,logistic_regression,sigmoid
1218,1,0.4265092017533586,logistic_regression,sigmoid
1219,0,0.4682318132598115,logistic_regression,sigmoid
1227,1,0.5983586856141011,logistic_regression,sigmoid
1228,0,0.5392837705974562,logistic_regression,sigmoid
1229,0,0.5332196928266691,logistic_regression,sigmoid
1230,0,0.32942035926276997,logistic_regression,sigmoid
1233,0,0.35003416106524254,logistic_regression,sigmoid
1234,1,0.5384415982204857,logistic_regression,sigmoid
1237,0,0.27859913120079227,logistic_regression,sigmoid
1259,1,0.37349464470760885,logistic_regression,sigmoid
1263,0,0.19937148678160754,logistic_regression,sigmoid
1274,0,0.3043755712888411,logistic_regression,sigmoid
1290,1,0.569305643544278,logistic_regression,sigmoid
1303,1,0.602345732152564,logistic_regression,sigmoid
1306,0,0.36337165884971256,logistic_regression,sigmoid
1310,0,0.6053287235503292,logistic_regression,sigmoid
1312,0,0.4246938495922806,logistic_regression,sigmoid
1313,0,0.5142692869724418,logistic_regression,sigmoid
1316,1,0.5115608055798739,logistic_regression,sigmoid
1325,0,0.28294182528241946,logistic_regression,sigmoid
1342,0,0.27152025584012324,logistic_regression,sigmoid
1344,0,0.4644642838277714,logistic_regression,sigmoid
1354,0,0.3619179827672557,logistic_regression,sigmoid
1361,1,0.6126375397317746,logistic_regression,sigmoid
1362,0,0.20101641108514792,logistic_regression,sigmoid
1363,0,0.39745705765717326,logistic_regression,sigmoid
1365,1,0.5235468005148602,logistic_regression,sigmoid
1367,1,0.29140077718599866,logistic_regression,sigmoid
1378,0,0.23876763055230787,logistic_regression,sigmoid
1382,0,0.2581973645264285,logistic_regression,sigmoid
1392,0,0.31454196012441554,logistic_regression,sigmoid
1405,1,0.2675643664666394,logistic_regression,sigmoid
1409,0,0.3959172670028828,logistic_regression,sigmoid
1413,0,0.419477922786544,logistic_regression,sigmoid
1414,1,0.4850809079961031,logistic_regression,sigmoid
1415,0,0.27064066641719836,logistic_regression,sigmoid
1417,1,0.4888954534434867,logistic_regression,sigmoid
1419,0,0.26196969160070016,logistic_regression,sigmoid
1421,0,0.31981776576105436,logistic_regression,sigmoid
1433,0,0.15952273966396172,logistic_regression,sigmoid
1443,0,0.2308691241783356,logistic_regression,sigmoid
1445,0,0.29128455832985733,logistic_regression,sigmoid
1451,1,0.37665752966697214,logistic_regression,sigmoid
1452,0,0.5546027973566399,logistic_regression,sigmoid
1453,0,0.38175362553391107,logistic_regression,sigmoid
1456,0,0.23733117134167855,logistic_regression,sigmoid
1466,0,0.6171510413589657,logistic_regression,sigmoid
1485,1,0.5349022324657419,logistic_regression,sigmoid
1489,0,0.2640756471618139,logistic_regression,sigmoid
1494,0,0.29707833774213144,logistic_regression,sigmoid
1502,0,0.5118298236810407,logistic_regression,sigmoid
1508,0,0.4525057595226997,logistic_regression,sigmoid
1514,0,0.2962045621347481,logistic_regression,sigmoid
1515,0,0.5883885544088515,logistic_regression,sigmoid
1520,0,0.29439103711531667,logistic_regression,sigmoid
1521,0,0.18911117402200167,logistic_regression,sigmoid
1525,0,0.4055359328293178,logistic_regression,sigmoid
1526,0,0.2583523271987189,logistic_regression,sigmoid
1544,0,0.2544645332021796,logistic_regression,sigmoid
1546,1,0.3054615646360417,logistic_regression,sigmoid
1556,0,0.2758674543734311,logistic_regression,sigmoid
1561,0,0.28748265755156727,logistic_regression,sigmoid
1573,0,0.25541950665120006,logistic_regression,sigmoid
1577,1,0.5371814533800615,logistic_regression,sigmoid
1579,1,0.39477382371588454,logistic_regression,sigmoid
1592,0,0.33034035617116775,logistic_regression,sigmoid
1595,0,0.333120387576409,logistic_regression,sigmoid
1596,1,0.4851635421394809,logistic_regression,sigmoid
1598,0,0.18237116280518903,logistic_regression,sigmoid
1608,1,0.25190659188793213,logistic_regression,sigmoid
1612,0,0.3466398852415485,logistic_regression,sigmoid
1623,0,0.3277489973271785,logistic_regression,sigmoid
1624,0,0.2844187834987866,logistic_regression,sigmoid
1625,0,0.2958903971827842,logistic_regression,sigmoid
1632,0,0.3479526232553998,logistic_regression,sigmoid
1643,1,0.562706958732607,logistic_regression,sigmoid
1648,0,0.4487153614183498,logistic_regression,sigmoid
1649,0,0.46464203848499575,logistic_regression,sigmoid
1656,0,0.5578917295012286,logistic_regression,sigmoid
1657,0,0.289797960319185,logistic_regression,sigmoid
1660,1,0.27971344059170883,logistic_regression,sigmoid
1682,1,0.3196886539203298,logistic_regression,sigmoid
1684,1,0.20805915936326952,logistic_regression,sigmoid
1691,1,0.6272708442036432,logistic_regression,sigmoid
1702,1,0.5511472185267181,logistic_regression,sigmoid
1706,1,0.5799886636124364,logistic_regression,sigmoid
1728,0,0.26660908093491803,logistic_regression,sigmoid
1729,1,0.3139380637439847,logistic_regression,sigmoid
1731,1,0.5339152662842703,logistic_regression,sigmoid
1740,1,0.5070125320765175,logistic_regression,sigmoid
1750,1,0.5060366334061351,logistic_regression,sigmoid
1758,1,0.25028914725641516,logistic_regression,sigmoid
1760,0,0.2144361275370178,logistic_regression,sigmoid
1763,0,0.23496906840360057,logistic_regression,sigmoid
1767,0,0.28307694586155124,logistic_regression,sigmoid
1770,0,0.45124940147543585,logistic_regression,sigmoid
1773,0,0.6196308533669102,logistic_regression,sigmoid
1782,0,0.3878997331110459,logistic_regression,sigmoid
1791,0,0.40599273773129696,logistic_regression,sigmoid
1797,0,0.3363433644484817,logistic_regression,sigmoid
1803,0,0.2919653595356146,logistic_regression,sigmoid
1805,1,0.39281600015787205,logistic_regression,sigmoid
1822,1,0.6000943846527951,logistic_regression,sigmoid
1837,0,0.2601831587782561,logistic_regression,sigmoid
1891,1,0.278731869219591,logistic_regression,sigmoid
1900,0,0.29026913907726565,logistic_regression,sigmoid
1910,0,0.36249060542578615,logistic_regression,sigmoid
1919,1,0.44480539827108406,logistic_regression,sigmoid
1921,0,0.6964770323193056,logistic_regression,sigmoid
1923,0,0.274313091925131,logistic_regression,sigmoid
1924,1,0.2488979633273396,logistic_regression,sigmoid
1926,1,0.29506126038961356,logistic_regression,sigmoid
1939,0,0.23296412374316272,logistic_regression,sigmoid
1943,0,0.4263306979970983,logistic_regression,sigmoid
1953,0,0.251356775449449,logistic_regression,sigmoid
1955,0,0.25222514758746256,logistic_regression,sigmoid
1956,0,0.47946124389848066,logistic_regression,sigmoid
1959,0,0.49677421105074243,logistic_regression,sigmoid
1960,0,0.28252653354819196,logistic_regression,sigmoid
1962,0,0.2175413821037365,logistic_regression,sigmoid
1977,0,0.4471082369936628,logistic_regression,sigmoid
1983,1,0.5975325313002017,logistic_regression,sigmoid
1986,0,0.3182532259224989,logistic_regression,sigmoid
1990,0,0.27110803786755283,logistic_regression,sigmoid
1991,0,0.28679438833633847,logistic_regression,sigmoid
1994,0,0.17911266316654587,logistic_regression,sigmoid
1997,0,0.21157748865559467,logistic_regression,sigmoid
1999,0,0.31474019816864285,logistic_regression,sigmoid
2002,1,0.6206487761407885,logistic_regression,sigmoid
2003,1,0.31449877650766456,logistic_regression,sigmoid
2021,0,0.4388594050040058,logistic_regression,sigmoid
2027,1,0.6621325623042775,logistic_regression,sigmoid
2030,0,0.39514445562558614,logistic_regression,sigmoid
2032,1,0.7359181950321674,logistic_regression,sigmoid
2060,0,0.2191083892823543,logistic_regression,sigmoid
2076,0,0.3241769935811886,logistic_regression,sigmoid
2077,1,0.299815305739111,logistic_regression,sigmoid
2079,0,0.4524959234367288,logistic_regression,sigmoid
2089,0,0.35969723129526315,logistic_regression,sigmoid
2096,0,0.1924752292747569,logistic_regression,sigmoid
2107,1,0.46297157047093285,logistic_regression,sigmoid
2108,1,0.5012082123070768,logistic_regression,sigmoid
2113,0,0.2565494146811962,logistic_regression,sigmoid
2120,0,0.28103415473825444,logistic_regression,sigmoid
2122,0,0.2568766866188299,logistic_regression,sigmoid
2126,1,0.32403245039645506,logistic_regression,sigmoid
2128,0,0.25368850234113594,logistic_regression,sigmoid
2129,0,0.31834557539677444,logistic_regression,sigmoid
2155,1,0.46150238239391805,logistic_regression,sigmoid
2156,1,0.19527875299434855,logistic_regression,sigmoid
2161,1,0.5518075656325279,logistic_regression,sigmoid
2165,0,0.40188325645363454,logistic_regression,sigmoid
2166,1,0.29700839136530394,logistic_regression,sigmoid
2171,1,0.45534953511964105,logistic_regression,sigmoid
2177,0,0.5495954965325309,logistic_regression,sigmoid
2198,1,0.4340434730390513,logistic_regression,sigmoid
2205,0,0.2904552098575899,logistic_regression,sigmoid
2210,0,0.1829213438439166,logistic_regression,sigmoid
2212,0,0.37609417475984247,logistic_regression,sigmoid
2232,0,0.36855761435681583,logistic_regression,sigmoid
2238,0,0.31289797141225223,logistic_regression,sigmoid
2243,0,0.16873776138608326,logistic_regression,sigmoid
2245,1,0.21796778633176284,logistic_regression,sigmoid
2247,0,0.2676088889066203,logistic_regression,sigmoid
2252,0,0.5804200858340185,logistic_regression,sigmoid
2264,0,0.2508363077160151,logistic_regression,sigmoid
2276,0,0.242472605035998,logistic_regression,sigmoid
2281,1,0.4710824285964712,logistic_regression,sigmoid
2292,0,0.26677935698346705,logistic_regression,sigmoid
2300,0,0.3721354291894914,logistic_regression,sigmoid
2304,1,0.7200211110993439,logistic_regression,sigmoid
2305,1,0.38763202903145944,logistic_regression,sigmoid
2308,1,0.5120698771654506,logistic_regression,sigmoid
2327,0,0.26615043971308033,logistic_regression,sigmoid
2333,0,0.26786311716331573,logistic_regression,sigmoid
2341,1,0.30455333234223014,logistic_regression,sigmoid
2342,0,0.3241654116365738,logistic_regression,sigmoid
2352,0,0.3284420044855182,logistic_regression,sigmoid
2362,1,0.44091858696914493,logistic_regression,sigmoid
2363,1,0.29066732227361475,logistic_regression,sigmoid
2373,0,0.2879457417164576,logistic_regression,sigmoid
2383,0,0.21844227414814346,logistic_regression,sigmoid
2386,1,0.2803519290458033,logistic_regression,sigmoid
2399,1,0.25224886388060175,logistic_regression,sigmoid
2403,0,0.4953769455368175,logistic_regression,sigmoid
2410,0,0.4415520239765738,logistic_regression,sigmoid
2411,1,0.626310039627386,logistic_regression,sigmoid
2412,0,0.6118609908688627,logistic_regression,sigmoid
2414,0,0.4033729086101267,logistic_regression,sigmoid
2418,0,0.2707821271480604,logistic_regression,sigmoid
2424,0,0.23546905612562247,logistic_regression,sigmoid
2433,0,0.4955260383386284,logistic_regression,sigmoid
2436,1,0.4151744938980338,logistic_regression,sigmoid
2450,1,0.5324396898083922,logistic_regression,sigmoid
2452,0,0.4398257281110322,logistic_regression,sigmoid
2461,0,0.5049672519705246,logistic_regression,sigmoid
2463,0,0.3494606403269381,logistic_regression,sigmoid
2474,1,0.6136660540548771,logistic_regression,sigmoid
2484,0,0.267208422998297,logistic_regression,sigmoid
2490,1,0.35348945309283275,logistic_regression,sigmoid
2499,0,0.3165994492698949,logistic_regression,sigmoid
2506,0,0.44080625851807936,logistic_regression,sigmoid
2517,1,0.2223951819031219,logistic_regression,sigmoid
2522,0,0.4117479838784358,logistic_regression,sigmoid
2524,0,0.510799250093314,logistic_regression,sigmoid
2533,1,0.7291406915281081,logistic_regression,sigmoid
2534,0,0.29900049507925536,logistic_regression,sigmoid
2542,1,0.44964883949582385,logistic_regression,sigmoid
2545,1,0.6290759290936743,logistic_regression,sigmoid
2547,0,0.384895861878219,logistic_regression,sigmoid
2548,0,0.2868534778780757,logistic_regression,sigmoid
2552,0,0.41927415663579476,logistic_regression,sigmoid
2571,0,0.2334924922162425,logistic_regression,sigmoid
2572,0,0.3089906800366052,logistic_regression,sigmoid
2576,0,0.4170225709516073,logistic_regression,sigmoid
2580,1,0.3230600665695754,logistic_regression,sigmoid
2592,0,0.31430538559221805,logistic_regression,sigmoid
2593,1,0.2593687071887581,logistic_regression,sigmoid
2596,0,0.43967420144552205,logistic_regression,sigmoid
2597,1,0.3611242297458888,logistic_regression,sigmoid
2602,1,0.3914295483671932,logistic_regression,sigmoid
2610,0,0.30100666680752064,logistic_regression,sigmoid
2615,0,0.2610186775708241,logistic_regression,sigmoid
2616,1,0.5519314687705907,logistic_regression,sigmoid
2629,0,0.221764196881255,logistic_regression,sigmoid
2631,0,0.2230160995967598,logistic_regression,sigmoid
2632,1,0.29914777779227486,logistic_regression,sigmoid
2633,0,0.36316000514888813,logistic_regression,sigmoid
2636,0,0.3191323824831178,logistic_regression,sigmoid
2655,1,0.42632480083031593,logistic_regression,sigmoid
2660,0,0.2826273416560278,logistic_regression,sigmoid
2677,1,0.4920712905187092,logistic_regression,sigmoid
2686,0,0.33809381871200184,logistic_regression,sigmoid
2692,0,0.2530538072441799,logistic_regression,sigmoid
2698,0,0.3387663065644777,logistic_regression,sigmoid
2704,0,0.2961811635577345,logistic_regression,sigmoid
2707,0,0.25380130436621495,logistic_regression,sigmoid
2735,0,0.21547517728895238,logistic_regression,sigmoid
2747,1,0.46758687145801164,logistic_regression,sigmoid
2748,0,0.3005464216675496,logistic_regression,sigmoid
2750,0,0.25705855126142185,logistic_regression,sigmoid
2755,1,0.5829644655905489,logistic_regression,sigmoid
2760,0,0.39444826012538503,logistic_regression,sigmoid
2762,0,0.397176847979041,logistic_regression,sigmoid
2770,1,0.40735649718951605,logistic_regression,sigmoid
2781,0,0.20379747565679573,logistic_regression,sigmoid
2785,0,0.2509118769907755,logistic_regression,sigmoid
2791,0,0.20719149305552365,logistic_regression,sigmoid
2799,0,0.3143683845540017,logistic_regression,sigmoid
2816,1,0.7605893446659869,logistic_regression,sigmoid
2820,0,0.35394217236998315,logistic_regression,sigmoid
2822,0,0.28386332419706656,logistic_regression,sigmoid
2828,0,0.2512859140902692,logistic_regression,sigmoid
2833,0,0.4744611783378441,logistic_regression,sigmoid
2834,0,0.28869245258079623,logistic_regression,sigmoid
2835,0,0.3558286994338206,logistic_regression,sigmoid
2838,0,0.3025082895747238,logistic_regression,sigmoid
2844,1,0.21757791184377057,logistic_regression,sigmoid
2853,0,0.35722247760416864,logistic_regression,sigmoid
2855,1,0.4042441172027633,logistic_regression,sigmoid
2858,1,0.3742799027933043,logistic_regression,sigmoid
2864,1,0.31752776673092376,logistic_regression,sigmoid
2873,1,0.46075212005802,logistic_regression,sigmoid
2882,1,0.36023725872665974,logistic_regression,sigmoid
2890,1,0.2921272096322803,logistic_regression,sigmoid
2904,0,0.3302327864445608,logistic_regression,sigmoid
2906,1,0.25487120418277925,logistic_regression,sigmoid
2908,0,0.3253722965404431,logistic_regression,sigmoid
2913,0,0.5024819770816489,logistic_regression,sigmoid
2916,1,0.2678554185949522,logistic_regression,sigmoid
2917,1,0.2519008992072869,logistic_regression,sigmoid
2918,0,0.2750290338518791,logistic_regression,sigmoid
2928,0,0.43357158153585307,logistic_regression,sigmoid
2931,0,0.45565296267648364,logistic_regression,sigmoid
2933,1,0.7724060328813602,logistic_regression,sigmoid
2935,0,0.36175483641476364,logistic_regression,sigmoid
2938,1,0.43788596185157563,logistic_regression,sigmoid
2939,1,0.22551414927577526,logistic_regression,sigmoid
2944,0,0.29029575557658016,logistic_regression,sigmoid
2947,0,0.304020096237301,logistic_regression,sigmoid
2952,0,0.2135511374490841,logistic_regression,sigmoid
2965,0,0.21021337708589083,logistic_regression,sigmoid
2969,1,0.4059614493341849,logistic_regression,sigmoid
2979,0,0.4399506805897823,logistic_regression,sigmoid
2984,1,0.45358544454788025,logistic_regression,sigmoid
2988,1,0.5371915565926974,logistic_regression,sigmoid
3021,0,0.32817662504751577,logistic_regression,sigmoid
3025,0,0.2016603058807372,logistic_regression,sigmoid
3027,0,0.1983495836736625,logistic_regression,sigmoid
3036,0,0.48669019887963805,logistic_regression,sigmoid
3037,0,0.33593112833251343,logistic_regression,sigmoid
3038,0,0.24605082372791456,logistic_regression,sigmoid
3045,0,0.44101052300741234,logistic_regression,sigmoid
3046,0,0.29640190269027683,logistic_regression,sigmoid
3056,1,0.3914241158262711,logistic_regression,sigmoid
3058,0,0.1986507046654765,logistic_regression,sigmoid
3060,0,0.3052160150090155,logistic_regression,sigmoid
3064,0,0.32677922944327475,logistic_regression,sigmoid
3066,0,0.3322714399875686,logistic_regression,sigmoid
3067,1,0.6713910559698205,logistic_regression,sigmoid
3087,0,0.19389492445588444,logistic_regression,sigmoid
3088,0,0.4302458266651619,logistic_regression,sigmoid
3089,1,0.3947132936446071,logistic_regression,sigmoid
3093,1,0.35943865998281244,logistic_regression,sigmoid
3097,0,0.256643742703749,logistic_regression,sigmoid
3109,0,0.21972225837919662,logistic_regression,sigmoid
3125,0,0.32560279625975974,logistic_regression,sigmoid
3126,0,0.3271091915583958,logistic_regression,sigmoid
3128,0,0.23095527905147747,logistic_regression,sigmoid
3133,0,0.23650726004227265,logistic_regression,sigmoid
3146,0,0.5296098743567547,logistic_regression,sigmoid
3148,0,0.3585458277164407,logistic_regression,sigmoid
3149,1,0.36102536583042766,logistic_regression,sigmoid
3153,0,0.24934352159780598,logistic_regression,sigmoid
3157,0,0.27705145834944933,logistic_regression,sigmoid
3158,1,0.2669499403767143,logistic_regression,sigmoid
3168,0,0.2178898879467171,logistic_regression,sigmoid
3171,0,0.34297795307976175,logistic_regression,sigmoid
3173,0,0.3638105086349604,logistic_regression,sigmoid
3174,0,0.34716085258279755,logistic_regression,sigmoid
3179,1,0.2720256267312447,logistic_regression,sigmoid
3183,1,0.5981597641820229,logistic_regression,sigmoid
3187,0,0.31611575904045236,logistic_regression,sigmoid
3188,1,0.5885438030841522,logistic_regression,sigmoid
3193,1,0.29842060521441655,logistic_regression,sigmoid
3195,0,0.45411165482504373,logistic_regression,sigmoid
3196,1,0.18432023042506868,logistic_regression,sigmoid
3203,1,0.5438724689305333,logistic_regression,sigmoid
3223,0,0.31402335149194194,logistic_regression,sigmoid
3224,0,0.4018239947882031,logistic_regression,sigmoid
3229,1,0.5435607464031534,logistic_regression,sigmoid
3236,0,0.3177495561455061,logistic_regression,sigmoid
3242,0,0.4418948542045906,logistic_regression,sigmoid
3245,0,0.17873293678821253,logistic_regression,sigmoid
3253,0,0.21470226130601294,logistic_regression,sigmoid
3255,0,0.19819609223488338,logistic_regression,sigmoid
3270,0,0.2137820373298343,logistic_regression,sigmoid
3275,0,0.34443198724201085,logistic_regression,sigmoid
3276,1,0.4184573769590425,logistic_regression,sigmoid
3281,0,0.24569019104113826,logistic_regression,sigmoid
3287,0,0.24906743554607502,logistic_regression,sigmoid
3288,0,0.39306419962410566,logistic_regression,sigmoid
3296,0,0.26317659517417424,logistic_regression,sigmoid
3297,1,0.35232755105926883,logistic_regression,sigmoid
3301,0,0.2405431536885553,logistic_regression,sigmoid
3307,0,0.34275572929352394,logistic_regression,sigmoid
3319,0,0.2142453806861201,logistic_regression,sigmoid
3324,1,0.38740776081392436,logistic_regression,sigmoid
3326,1,0.37014032183760853,logistic_regression,sigmoid
3339,1,0.1960525210721603,logistic_regression,sigmoid
3350,0,0.27546899837301814,logistic_regression,sigmoid
3354,0,0.2221217839378496,logistic_regression,sigmoid
3355,1,0.48984839507975964,logistic_regression,sigmoid
3368,1,0.526190044095658,logistic_regression,sigmoid
3373,0,0.36954087665900925,logistic_regression,sigmoid
3386,1,0.4612356840397945,logistic_regression,sigmoid
3388,0,0.32003770224564465,logistic_regression,sigmoid
3399,1,0.5657952336523464,logistic_regression,sigmoid
3420,0,0.36384558199086864,logistic_regression,sigmoid
3426,0,0.27858108137028414,logistic_regression,sigmoid
3431,0,0.2842398223998646,logistic_regression,sigmoid
3433,0,0.34468703091127556,logistic_regression,sigmoid
3437,1,0.44120026423239134,logistic_regression,sigmoid
3438,1,0.24901339083553684,logistic_regression,sigmoid
3455,0,0.24941244858632586,logistic_regression,sigmoid
3457,0,0.2823351200328756,logistic_regression,sigmoid
3463,0,0.1961045066394833,logistic_regression,sigmoid
3465,1,0.5687541562594268,logistic_regression,sigmoid
3468,0,0.1938638596440238,logistic_regression,sigmoid
3469,1,0.3601637053507558,logistic_regression,sigmoid
3472,1,0.3621999991308669,logistic_regression,sigmoid
3475,1,0.3879358855251228,logistic_regression,sigmoid
3477,0,0.29348732110905024,logistic_regression,sigmoid
3480,1,0.49552624873521883,logistic_regression,sigmoid
3484,1,0.3315350311975839,logistic_regression,sigmoid
3492,1,0.3487452512537883,logistic_regression,sigmoid
3501,0,0.6302069332466761,logistic_regression,sigmoid
3519,1,0.3631353289315094,logistic_regression,sigmoid
3523,1,0.3864142407216617,logistic_regression,sigmoid
3544,1,0.2728648485234966,logistic_regression,sigmoid
3553,0,0.2808404919987885,logistic_regression,sigmoid
3565,1,0.5092040602650668,logistic_regression,sigmoid
3568,0,0.388363022974033,logistic_regression,sigmoid
3572,0,0.31521203174442025,logistic_regression,sigmoid
3573,0,0.2867895679480737,logistic_regression,sigmoid
3576,1,0.2440801606945793,logistic_regression,sigmoid
3592,1,0.2530323295541591,logistic_regression,sigmoid
3594,0,0.2559544395671615,logistic_regression,sigmoid
3607,0,0.2287475949349604,logistic_regression,sigmoid
3613,0,0.3229414054315743,logistic_regression,sigmoid
3618,0,0.2989188318713012,logistic_regression,sigmoid
3626,0,0.4146488200753002,logistic_regression,sigmoid
3629,1,0.4687527528070588,logistic_regression,sigmoid
3646,0,0.48216618000247746,logistic_regression,sigmoid
3650,0,0.3791567146474991,logistic_regression,sigmoid
3666,0,0.3751911465421491,logistic_regression,sigmoid
3679,1,0.23193906583176244,logistic_regression,sigmoid
3682,1,0.36304388966813456,logistic_regression,sigmoid
3684,1,0.47835373370463635,logistic_regression,sigmoid
3691,1,0.3541903530646067,logistic_regression,sigmoid
3702,0,0.26623329153916975,logistic_regression,sigmoid
3709,0,0.3369412659731148,logistic_regression,sigmoid
3733,1,0.40226708758576235,logistic_regression,sigmoid
3743,0,0.37355799455781463,logistic_regression,sigmoid
3744,1,0.3714404079627398,logistic_regression,sigmoid
3751,1,0.276678353704273,logistic_regression,sigmoid
3752,0,0.4335608078376677,logistic_regression,sigmoid
3753,0,0.4758372064020095,logistic_regression,sigmoid
3759,0,0.3202403653070893,logistic_regression,sigmoid
3795,0,0.3779620487613388,logistic_regression,sigmoid
3809,1,0.33075539723753034,logistic_regression,sigmoid
3810,1,0.3794347543028071,logistic_regression,sigmoid
3813,0,0.6033775874290844,logistic_regression,sigmoid
3833,1,0.43705683523223304,logistic_regression,sigmoid
3836,1,0.31520036960041553,logistic_regression,sigmoid
3837,1,0.6968063884194794,logistic_regression,sigmoid
3838,0,0.2686995501750709,logistic_regression,sigmoid
3847,0,0.33735254814820137,logistic_regression,sigmoid
3863,0,0.39215296620001905,logistic_regression,sigmoid
3883,1,0.20785967762981944,logistic_regression,sigmoid
3886,0,0.20806502854583095,logistic_regression,sigmoid
3887,0,0.38130708227392723,logistic_regression,sigmoid
3889,0,0.2985218982779455,logistic_regression,sigmoid
3896,0,0.5900612298951391,logistic_regression,sigmoid
3913,0,0.25842700453985007,logistic_regression,sigmoid
3915,0,0.23436964678294123,logistic_regression,sigmoid
3920,1,0.6541554393938825,logistic_regression,sigmoid
3938,0,0.31653316436535345,logistic_regression,sigmoid
3963,1,0.5548440935987135,logistic_regression,sigmoid
3965,1,0.3087880037023559,logistic_regression,sigmoid
3972,0,0.2371719417541662,logistic_regression,sigmoid
3979,1,0.41827892329249816,logistic_regression,sigmoid
3980,0,0.26890654693682736,logistic_regression,sigmoid
3988,0,0.37666437783086754,logistic_regression,sigmoid
4001,0,0.36832224316556156,logistic_regression,sigmoid
4002,0,0.22140613858826008,logistic_regression,sigmoid
4003,1,0.42927582997561825,logistic_regression,sigmoid
4013,0,0.4090047116116161,logistic_regression,sigmoid
4018,0,0.24480757627158278,logistic_regression,sigmoid
4019,0,0.21551956793110655,logistic_regression,sigmoid
4022,1,0.30320569250028495,logistic_regression,sigmoid
4028,1,0.43912747728375623,logistic_regression,sigmoid
4035,0,0.23968116287788252,logistic_regression,sigmoid
4040,1,0.17196129993584744,logistic_regression,sigmoid
4042,0,0.5489491290198847,logistic_regression,sigmoid
4050,1,0.3154880977293285,logistic_regression,sigmoid
4053,1,0.721992669355704,logistic_regression,sigmoid
4066,1,0.4633524993018984,logistic_regression,sigmoid
4074,0,0.4784960856360465,logistic_regression,sigmoid
4084,0,0.25336187698097234,logistic_regression,sigmoid
4093,1,0.7006382048406756,logistic_regression,sigmoid
4095,1,0.3335582878157134,logistic_regression,sigmoid
4096,0,0.3263892186282744,logistic_regression,sigmoid
4098,1,0.34895730670838615,logistic_regression,sigmoid
4103,0,0.4521201190719113,logistic_regression,sigmoid
4112,1,0.5668343405359547,logistic_regression,sigmoid
4126,0,0.32457984625282815,logistic_regression,sigmoid
4128,0,0.3735646765302914,logistic_regression,sigmoid
4143,0,0.2144354743731251,logistic_regression,sigmoid
4145,0,0.5110864744337836,logistic_regression,sigmoid
4153,0,0.2865432344054375,logistic_regression,sigmoid
4155,0,0.3628151555467189,logistic_regression,sigmoid
4156,0,0.1953956809466639,logistic_regression,sigmoid
4163,1,0.4141308096886853,logistic_regression,sigmoid
4178,0,0.46532190082160946,logistic_regression,sigmoid
4185,0,0.2905884315349437,logistic_regression,sigmoid
4186,0,0.34091178671939215,logistic_regression,sigmoid
4188,0,0.23496446928153383,logistic_regression,sigmoid
4190,0,0.4908553870246058,logistic_regression,sigmoid
4193,0,0.4157204673435046,logistic_regression,sigmoid
4194,0,0.42062514313391564,logistic_regression,sigmoid
4195,0,0.25740867467759154,logistic_regression,sigmoid
4197,0,0.17514361924625038,logistic_regression,sigmoid
4206,0,0.22067964117366695,logistic_regression,sigmoid
4214,1,0.4427945086160343,logistic_regression,sigmoid
4217,0,0.4543629554908002,logistic_regression,sigmoid
4219,1,0.43760035718898094,logistic_regression,sigmoid
4221,1,0.24985784342721598,logistic_regression,sigmoid
4227,1,0.4020197245560683,logistic_regression,sigmoid
4237,0,0.22072657197701046,logistic_regression,sigmoid
4245,0,0.3736794809388915,logistic_regression,sigmoid
4254,1,0.5857749201887139,logistic_regression,sigmoid
4261,0,0.26778157480186193,logistic_regression,sigmoid
4271,0,0.3736950936675804,logistic_regression,sigmoid
4285,1,0.5797305717016618,logistic_regression,sigmoid
4308,1,0.20373226462805358,logistic_regression,sigmoid
4315,0,0.25446753066050515,logistic_regression,sigmoid
4321,0,0.2547911900061139,logistic_regression,sigmoid
4335,1,0.5481337724512099,logistic_regression,sigmoid
4348,0,0.35757013800745274,logistic_regression,sigmoid
4361,0,0.30265784707904564,logistic_regression,sigmoid
4369,0,0.2107053500167698,logistic_regression,sigmoid
4375,0,0.4850290847890095,logistic_regression,sigmoid
4382,0,0.2742340738663139,logistic_regression,sigmoid
4403,0,0.23475891922892272,logistic_regression,sigmoid
4404,1,0.29559308493958575,logistic_regression,sigmoid
4414,0,0.2626342259655099,logistic_regression,sigmoid
4415,1,0.24663521690918114,logistic_regression,sigmoid
4423,1,0.3595516731403348,logistic_regression,sigmoid
4437,0,0.32374963954466546,logistic_regression,sigmoid
4440,0,0.3514639370009333,logistic_regression,sigmoid
4444,0,0.35382928192015267,logistic_regression,sigmoid
4467,1,0.2308799200303274,logistic_regression,sigmoid
4471,0,0.43304176980585607,logistic_regression,sigmoid
4477,1,0.5101439279968629,logistic_regression,sigmoid
4478,0,0.26758452041670505,logistic_regression,sigmoid
4488,0,0.26503395640824534,logistic_regression,sigmoid
4492,0,0.30234788530779827,logistic_regression,sigmoid
4503,0,0.3593186034366683,logistic_regression,sigmoid
4518,0,0.19451942978781425,logistic_regression,sigmoid
4523,0,0.3161844045827097,logistic_regression,sigmoid
4527,0,0.32391458808038254,logistic_regression,sigmoid
4532,1,0.3555883992131631,logistic_regression,sigmoid
4536,0,0.2012317058063111,logistic_regression,sigmoid
4538,0,0.2584801586266263,logistic_regression,sigmoid
4543,0,0.37967582686113405,logistic_regression,sigmoid
4550,1,0.32164887497848826,logistic_regression,sigmoid
4552,0,0.5103206964018984,logistic_regression,sigmoid
4567,0,0.24855562175290397,logistic_regression,sigmoid
4570,1,0.5395287346253486,logistic_regression,sigmoid
4574,0,0.3055830078846597,logistic_regression,sigmoid
4591,0,0.27151658274669055,logistic_regression,sigmoid
4601,1,0.25767871238370327,logistic_regression,sigmoid
4602,0,0.3884201389270339,logistic_regression,sigmoid
4608,0,0.233926938483123,logistic_regression,sigmoid
4609,0,0.4349547672993633,logistic_regression,sigmoid
4614,0,0.4948257216934285,logistic_regression,sigmoid
4628,1,0.3217975053048433,logistic_regression,sigmoid
4629,0,0.2788305911375686,logistic_regression,sigmoid
4637,0,0.3429730036921851,logistic_regression,sigmoid
4639,1,0.3114202420860104,logistic_regression,sigmoid
4642,0,0.30365975185818533,logistic_regression,sigmoid
4650,0,0.3737842547807703,logistic_regression,sigmoid
4659,0,0.5958224611035591,logistic_regression,sigmoid
4673,0,0.2686946327108702,logistic_regression,sigmoid
4675,0,0.4260839028387897,logistic_regression,sigmoid
4683,1,0.32961647617570544,logistic_regression,sigmoid
4684,0,0.5162521946027014,logistic_regression,sigmoid
4691,1,0.4635974178115528,logistic_regression,sigmoid
4696,0,0.32460791729930066,logistic_regression,sigmoid
4700,0,0.42480253451042377,logistic_regression,sigmoid
4706,0,0.2973324080327237,logistic_regression,sigmoid
4724,0,0.2699229662489458,logistic_regression,sigmoid
4732,0,0.2935572665014118,logistic_regression,sigmoid
4744,0,0.2743249147216373,logistic_regression,sigmoid
4754,0,0.41004385056073045,logistic_regression,sigmoid
4763,0,0.37391425594302646,logistic_regression,sigmoid
4766,1,0.3278554006281151,logistic_regression,sigmoid
4776,0,0.21466831671221137,logistic_regression,sigmoid
4780,1,0.4259025964192507,logistic_regression,sigmoid
4786,0,0.31298475671878734,logistic_regression,sigmoid
4805,0,0.21235486300578496,logistic_regression,sigmoid
4815,1,0.4064211465176612,logistic_regression,sigmoid
4823,1,0.6096434747155749,logistic_regression,sigmoid
4827,0,0.258971311163673,logistic_regression,sigmoid
4831,0,0.30669087375665127,logistic_regression,sigmoid
4838,0,0.2102587852623003,logistic_regression,sigmoid
4842,0,0.38230459709050285,logistic_regression,sigmoid
4843,0,0.2948579087481767,logistic_regression,sigmoid
4852,1,0.2245168266141581,logistic_regression,sigmoid
4868,0,0.24677952173080234,logistic_regression,sigmoid
4869,0,0.3976343696865908,logistic_regression,sigmoid
4872,0,0.27934171447540324,logistic_regression,sigmoid
4883,0,0.4731494604678953,logistic_regression,sigmoid
4890,0,0.44871720819802985,logistic_regression,sigmoid
4891,0,0.3069980192695674,logistic_regression,sigmoid
4911,0,0.1540481114837768,logistic_regression,sigmoid
4936,0,0.28402014945541026,logistic_regression,sigmoid
4937,0,0.2859355502273971,logistic_regression,sigmoid
4945,0,0.45955339083116886,logistic_regression,sigmoid
4946,1,0.7141147649249546,logistic_regression,sigmoid
4957,0,0.2936643420018265,logistic_regression,sigmoid
4959,0,0.33810834271655166,logistic_regression,sigmoid
4962,1,0.17952438891636915,logistic_regression,sigmoid
4967,0,0.25704638767022064,logistic_regression,sigmoid
4996,1,0.18482628594928882,logistic_regression,sigmoid
4997,0,0.30285621037007454,logistic_regression,sigmoid
4999,0,0.18047528119047013,logistic_regression,sigmoid
5010,1,0.3234510868270261,logistic_regression,sigmoid
5020,0,0.34904928492804854,logistic_regression,sigmoid
5022,1,0.5356024397216715,logistic_regression,sigmoid
5024,0,0.46195963818357216,logistic_regression,sigmoid
5029,0,0.33139643572919325,logistic_regression,sigmoid
5036,0,0.25175926851154307,logistic_regression,sigmoid
5042,1,0.21512766417122345,logistic_regression,sigmoid
5045,0,0.24395495930278888,logistic_regression,sigmoid
5051,0,0.2782596757451486,logistic_regression,sigmoid
5053,1,0.2696992152978553,logistic_regression,sigmoid
5059,1,0.42950702694416665,logistic_regression,sigmoid
5068,0,0.2917656203498369,logistic_regression,sigmoid
5090,1,0.33916237374075764,logistic_regression,sigmoid
5097,0,0.3564013336161591,logistic_regression,sigmoid
5103,0,0.2227382451260495,logistic_regression,sigmoid
5108,1,0.22807637094341465,logistic_regression,sigmoid
5114,0,0.32547316103330515,logistic_regression,sigmoid
5116,0,0.25131987658552957,logistic_regression,sigmoid
5122,0,0.2551075583146925,logistic_regression,sigmoid
5126,0,0.24633354902471996,logistic_regression,sigmoid
5136,0,0.30434004366433137,logistic_regression,sigmoid
5141,0,0.33025430666987954,logistic_regression,sigmoid
5145,0,0.2353414086629091,logistic_regression,sigmoid
5168,0,0.5214414543756343,logistic_regression,sigmoid
5228,0,0.20465358500937103,logistic_regression,sigmoid
5238,0,0.29243157930248015,logistic_regression,sigmoid
5250,0,0.3750085793598452,logistic_regression,sigmoid
5253,0,0.2605217038244393,logistic_regression,sigmoid
5261,0,0.34147762605823256,logistic_regression,sigmoid
5281,0,0.27837240477490505,logistic_regression,sigmoid
5288,0,0.32211340598972066,logistic_regression,sigmoid
5289,0,0.33282331000499993,logistic_regression,sigmoid
5294,0,0.4056847986498955,logistic_regression,sigmoid
5303,0,0.35214246050626574,logistic_regression,sigmoid
5308,0,0.21267928318553445,logistic_regression,sigmoid
5309,0,0.26463989505332414,logistic_regression,sigmoid
5313,0,0.2186407901964746,logistic_regression,sigmoid
5316,1,0.26417727202165703,logistic_regression,sigmoid
5326,0,0.3530288864446982,logistic_regression,sigmoid
5346,0,0.31633443820497564,logistic_regression,sigmoid
5351,1,0.2965294017141757,logistic_regression,sigmoid
5352,0,0.30112301034357697,logistic_regression,sigmoid
5353,1,0.6157542448235412,logistic_regression,sigmoid
5361,0,0.36470493124773545,logistic_regression,sigmoid
5364,0,0.47437306139844554,logistic_regression,sigmoid
5368,1,0.27977767613376137,logistic_regression,sigmoid
5372,1,0.49280367206410636,logistic_regression,sigmoid
5375,0,0.28453374107820345,logistic_regression,sigmoid
5376,1,0.457671671433698,logistic_regression,sigmoid
5378,0,0.4573446707503201,logistic_regression,sigmoid
5380,0,0.36456320968421163,logistic_regression,sigmoid
5384,0,0.24829995479582176,logistic_regression,sigmoid
5390,0,0.24452004208118003,logistic_regression,sigmoid
5395,0,0.5169430911695606,logistic_regression,sigmoid
5402,1,0.23673615073291876,logistic_regression,sigmoid
5404,0,0.32989099066648525,logistic_regression,sigmoid
5406,1,0.4544739353074635,logistic_regression,sigmoid
5415,0,0.3470493024609984,logistic_regression,sigmoid
5438,0,0.24187891130738312,logistic_regression,sigmoid
5458,1,0.5984262935711804,logistic_regression,sigmoid
5464,0,0.3045464216400147,logistic_regression,sigmoid
5471,0,0.36072706915052094,logistic_regression,sigmoid
5475,1,0.5828018908022228,logistic_regression,sigmoid
5481,0,0.18244962957442215,logistic_regression,sigmoid
5488,0,0.3131926104339966,logistic_regression,sigmoid
5490,0,0.3177684704745297,logistic_regression,sigmoid
5493,0,0.49672910424318517,logistic_regression,sigmoid
5494,0,0.26191533354892677,logistic_regression,sigmoid
5497,0,0.2762128905125393,logistic_regression,sigmoid
5500,0,0.27145029031472234,logistic_regression,sigmoid
5508,0,0.25595107392604044,logistic_regression,sigmoid
5509,1,0.3719521439791175,logistic_regression,sigmoid
5511,0,0.2109522542544288,logistic_regression,sigmoid
5513,0,0.2932878843180381,logistic_regression,sigmoid
5515,0,0.2948479828605553,logistic_regression,sigmoid
5520,0,0.3704677709844883,logistic_regression,sigmoid
5524,1,0.4169320810739024,logistic_regression,sigmoid
5544,1,0.36006712417292563,logistic_regression,sigmoid
5555,0,0.31327726941535083,logistic_regression,sigmoid
5565,0,0.3019855298484709,logistic_regression,sigmoid
5588,0,0.29570950665086515,logistic_regression,sigmoid
5601,1,0.470296502793369,logistic_regression,sigmoid
5616,1,0.23531832504658695,logistic_regression,sigmoid
5622,1,0.2497697374824476,logistic_regression,sigmoid
5629,0,0.40930825751597594,logistic_regression,sigmoid
5646,0,0.30131982913046806,logistic_regression,sigmoid
5659,0,0.28205446859918204,logistic_regression,sigmoid
5666,1,0.6502843440418284,logistic_regression,sigmoid
5680,0,0.21834818276044754,logistic_regression,sigmoid
5681,1,0.4306895964925277,logistic_regression,sigmoid
5684,0,0.5375860726723404,logistic_regression,sigmoid
5688,1,0.19223217149295269,logistic_regression,sigmoid
5693,1,0.4674315188380586,logistic_regression,sigmoid
5700,1,0.21431231040173854,logistic_regression,sigmoid
5709,0,0.18577876127165519,logistic_regression,sigmoid
5715,0,0.2137360082632904,logistic_regression,sigmoid
5719,0,0.25355849630069965,logistic_regression,sigmoid
5722,1,0.26728617910800434,logistic_regression,sigmoid
5728,0,0.28872196918940574,logistic_regression,sigmoid
5730,1,0.22489235561639567,logistic_regression,sigmoid
5738,0,0.4317573514793255,logistic_regression,sigmoid
5742,1,0.6676531314721336,logistic_regression,sigmoid
5749,0,0.3772817342506798,logistic_regression,sigmoid
5757,0,0.31475731584210265,logistic_regression,sigmoid
5773,1,0.36186310333523625,logistic_regression,sigmoid
5780,0,0.2728276978025508,logistic_regression,sigmoid
5789,1,0.307611158196905,logistic_regression,sigmoid
5790,1,0.5783367649342767,logistic_regression,sigmoid
5796,0,0.41849800411830046,logistic_regression,sigmoid
5805,0,0.40904463046838047,logistic_regression,sigmoid
5806,0,0.2941797783927367,logistic_regression,sigmoid
5819,1,0.2580947262015223,logistic_regression,sigmoid
5848,1,0.2636613163368857,logistic_regression,sigmoid
5871,0,0.32789310152408885,logistic_regression,sigmoid
5885,1,0.3544405075048121,logistic_regression,sigmoid
5891,1,0.4737649890960894,logistic_regression,sigmoid
5898,1,0.2277899855347813,logistic_regression,sigmoid
5909,0,0.2976653931554851,logistic_regression,sigmoid
5915,0,0.32807380052988644,logistic_regression,sigmoid
5917,0,0.3958078875938801,logistic_regression,sigmoid
5919,0,0.31504799288015295,logistic_regression,sigmoid
5922,0,0.29658556282157683,logistic_regression,sigmoid
5924,0,0.2067512534214033,logistic_regression,sigmoid
5929,0,0.27039427361831553,logistic_regression,sigmoid
5938,0,0.22168232963245152,logistic_regression,sigmoid
5941,1,0.40638172081944435,logistic_regression,sigmoid
5950,1,0.3611638381883705,logistic_regression,sigmoid
5954,1,0.3484060749802308,logistic_regression,sigmoid
5960,1,0.25012966918126983,logistic_regression,sigmoid
5968,0,0.18313962322887015,logistic_regression,sigmoid
5980,0,0.5069042677491373,logistic_regression,sigmoid
5986,0,0.310336334910335,logistic_regression,sigmoid
6000,0,0.4363225369921826,logistic_regression,sigmoid
6004,0,0.1689713540321398,logistic_regression,sigmoid
6025,0,0.34960304039746887,logistic_regression,sigmoid
6029,1,0.16212658953333375,logistic_regression,sigmoid
6034,0,0.324637275122882,logistic_regression,sigmoid
6039,0,0.22122357163308676,logistic_regression,sigmoid
6067,1,0.5636978991451772,logistic_regression,sigmoid
6079,1,0.1971265287260752,logistic_regression,sigmoid
6090,0,0.24000522577592204,logistic_regression,sigmoid
6094,0,0.3303319487014175,logistic_regression,sigmoid
6115,1,0.3768577318222951,logistic_regression,sigmoid
6116,1,0.42928348947651146,logistic_regression,sigmoid
6118,0,0.3086364917853436,logistic_regression,sigmoid
6121,1,0.26976448406510495,logistic_regression,sigmoid
6122,0,0.34138396439823115,logistic_regression,sigmoid
6131,0,0.29867444276062716,logistic_regression,sigmoid
6132,0,0.3874696879015396,logistic_regression,sigmoid
6144,0,0.4288613903680019,logistic_regression,sigmoid
6146,0,0.46051585370564296,logistic_regression,sigmoid
6153,0,0.2679777905072181,logistic_regression,sigmoid
6159,0,0.23695389059874442,logistic_regression,sigmoid
6166,0,0.4526491212478685,logistic_regression,sigmoid
6171,1,0.3998195939566994,logistic_regression,sigmoid
6176,0,0.3549756209584011,logistic_regression,sigmoid
6178,0,0.22701003205689008,logistic_regression,sigmoid
6182,1,0.6062738604745664,logistic_regression,sigmoid
6184,1,0.6527270840512152,logistic_regression,sigmoid
6185,0,0.20654404206971183,logistic_regression,sigmoid
6193,0,0.3818665336276198,logistic_regression,sigmoid
6196,0,0.41366406084797935,logistic_regression,sigmoid
6197,1,0.23114366318457857,logistic_regression,sigmoid
6199,1,0.5061492194135787,logistic_regression,sigmoid
6200,1,0.3300190708129066,logistic_regression,sigmoid
6211,0,0.20883690741379302,logistic_regression,sigmoid
6215,0,0.22697901339131438,logistic_regression,sigmoid
6217,1,0.5155050926150819,logistic_regression,sigmoid
6225,1,0.5080101837861807,logistic_regression,sigmoid
6226,0,0.1908637331222345,logistic_regression,sigmoid
6232,0,0.4922020901432355,logistic_regression,sigmoid
6237,0,0.47238864947527986,logistic_regression,sigmoid
6238,0,0.33082146113558347,logistic_regression,sigmoid
6242,1,0.319925657271245,logistic_regression,sigmoid
6244,1,0.4896656280476742,logistic_regression,sigmoid
6245,1,0.2595714637819982,logistic_regression,sigmoid
6247,0,0.2680462896723764,logistic_regression,sigmoid
6255,0,0.30407034503825037,logistic_regression,sigmoid
6256,0,0.34064432060039823,logistic_regression,sigmoid
6258,0,0.21385669714023522,logistic_regression,sigmoid
6297,0,0.2987635517716942,logistic_regression,sigmoid
6310,1,0.4028467295986472,logistic_regression,sigmoid
6315,1,0.4264695129615904,logistic_regression,sigmoid
6320,0,0.43351624478276574,logistic_regression,sigmoid
6328,0,0.394928741057322,logistic_regression,sigmoid
6330,0,0.30093356395358317,logistic_regression,sigmoid
6331,0,0.5369279969468496,logistic_regression,sigmoid
6334,0,0.30156776216851133,logistic_regression,sigmoid
6347,1,0.3212739783330368,logistic_regression,sigmoid
6363,0,0.3607323768888949,logistic_regression,sigmoid
6364,0,0.18928943492966563,logistic_regression,sigmoid
6378,0,0.2741798582179203,logistic_regression,sigmoid
6382,1,0.3666960188278624,logistic_regression,sigmoid
6398,0,0.20340376061813029,logistic_regression,sigmoid
6404,1,0.47754715702381484,logistic_regression,sigmoid
6408,0,0.2341161509479952,logistic_regression,sigmoid
6416,1,0.24617326818934232,logistic_regression,sigmoid
6418,0,0.28959713076639465,logistic_regression,sigmoid
6427,0,0.3424381750860441,logistic_regression,sigmoid
6429,1,0.4502429329919744,logistic_regression,sigmoid
6437,0,0.4057835912443214,logistic_regression,sigmoid
6447,1,0.445468810430444,logistic_regression,sigmoid
6460,0,0.29535146475652335,logistic_regression,sigmoid
6462,0,0.3692912445825283,logistic_regression,sigmoid
6465,1,0.48328946753525304,logistic_regression,sigmoid
6466,1,0.33525273274724426,logistic_regression,sigmoid
6467,0,0.27067744828660967,logistic_regression,sigmoid
6469,1,0.3515188808928403,logistic_regression,sigmoid
6470,1,0.3162675591325038,logistic_regression,sigmoid
6474,0,0.48799774034462284,logistic_regression,sigmoid
6497,0,0.39369316255297604,logistic_regression,sigmoid
6499,0,0.2529652873708867,logistic_regression,sigmoid
6515,0,0.2071297301746396,logistic_regression,sigmoid
6519,0,0.23674390542894644,logistic_regression,sigmoid
6526,1,0.2796243438068653,logistic_regression,sigmoid
6545,0,0.22398211029374562,logistic_regression,sigmoid
6557,1,0.37305888241741425,logistic_regression,sigmoid
6558,0,0.23521291110936932,logistic_regression,sigmoid
6566,1,0.47399999703478624,logistic_regression,sigmoid
6569,0,0.3253323381483998,logistic_regression,sigmoid
6575,1,0.4872674675518712,logistic_regression,sigmoid
6582,0,0.44188951630625745,logistic_regression,sigmoid
6586,0,0.2906306266618037,logistic_regression,sigmoid
6603,0,0.2524250467151443,logistic_regression,sigmoid
6611,0,0.3327123061387285,logistic_regression,sigmoid
6616,0,0.3454075895175473,logistic_regression,sigmoid
6617,1,0.41545933198723783,logistic_regression,sigmoid
6618,0,0.4115740920768894,logistic_regression,sigmoid
6636,0,0.1619079217729423,logistic_regression,sigmoid
6638,0,0.5892655302908023,logistic_regression,sigmoid
6649,0,0.5078401973464668,logistic_regression,sigmoid
6661,1,0.2697066369010896,logistic_regression,sigmoid
6662,0,0.3114013608686695,logistic_regression,sigmoid
6664,1,0.2749208805147032,logistic_regression,sigmoid
6668,1,0.4162538878208844,logistic_regression,sigmoid
6679,0,0.3827281160742644,logistic_regression,sigmoid
6707,1,0.20407244203388533,logistic_regression,sigmoid
6710,1,0.22905672122465465,logistic_regression,sigmoid
6713,1,0.39553519328232856,logistic_regression,sigmoid
6723,0,0.34366423166550225,logistic_regression,sigmoid
6726,0,0.3310916636868211,logistic_regression,sigmoid
6735,1,0.4472434005921577,logistic_regression,sigmoid
6745,1,0.21295069988206644,logistic_regression,sigmoid
6759,0,0.2993836021438707,logistic_regression,sigmoid
6763,1,0.2314096418106074,logistic_regression,sigmoid
6774,0,0.3034810345158343,logistic_regression,sigmoid
6775,0,0.4516234109639836,logistic_regression,sigmoid
6780,1,0.677344171499474,logistic_regression,sigmoid
6802,0,0.5031908111593624,logistic_regression,sigmoid
6810,0,0.5685866520432798,logistic_regression,sigmoid
6814,0,0.2742423915304234,logistic_regression,sigmoid
6821,0,0.4474250847894089,logistic_regression,sigmoid
6834,0,0.46443924094630373,logistic_regression,sigmoid
6835,1,0.5035297569387053,logistic_regression,sigmoid
6842,0,0.30571834933874104,logistic_regression,sigmoid
6861,1,0.30403975221619534,logistic_regression,sigmoid
6863,0,0.22182012328107106,logistic_regression,sigmoid
6878,0,0.1522301509411229,logistic_regression,sigmoid
6879,0,0.3461968721651419,logistic_regression,sigmoid
6887,0,0.5226954887180462,logistic_regression,sigmoid
6891,0,0.3502391949800203,logistic_regression,sigmoid
6907,1,0.44042658045604255,logistic_regression,sigmoid
6910,1,0.3494723494935117,logistic_regression,sigmoid
6922,0,0.39038136746403596,logistic_regression,sigmoid
6928,0,0.5834301225118456,logistic_regression,sigmoid
6929,0,0.21366798759403388,logistic_regression,sigmoid
6930,0,0.3037556875490539,logistic_regression,sigmoid
6935,0,0.32259093112095255,logistic_regression,sigmoid
6951,1,0.5475945901153306,logistic_regression,sigmoid
6955,0,0.4070599706415989,logistic_regression,sigmoid
6971,0,0.42442345580225166,logistic_regression,sigmoid
6989,0,0.24870396565697678,logistic_regression,sigmoid
6997,0,0.2659286860476535,logistic_regression,sigmoid
7004,1,0.7138176146692361,logistic_regression,sigmoid
7006,0,0.3523924814091957,logistic_regression,sigmoid
7009,0,0.2868280278449546,logistic_regression,sigmoid
7012,0,0.37654559339807775,logistic_regression,sigmoid
7022,1,0.35481252681954817,logistic_regression,sigmoid
7024,0,0.2488755649839228,logistic_regression,sigmoid
7035,1,0.4467799921402494,logistic_regression,sigmoid
7046,0,0.25675707836110406,logistic_regression,sigmoid
7049,1,0.301985656596234,logistic_regression,sigmoid
7050,0,0.3935273369494706,logistic_regression,sigmoid
7058,0,0.277634748603964,logistic_regression,sigmoid
7059,0,0.38843331337374565,logistic_regression,sigmoid
7063,0,0.27381786791310875,logistic_regression,sigmoid
7074,1,0.4006340623316701,logistic_regression,sigmoid
7075,0,0.47448682294031325,logistic_regression,sigmoid
7088,0,0.18969623903657143,logistic_regression,sigmoid
7095,1,0.5908321123900752,logistic_regression,sigmoid
7110,0,0.3614696519320133,logistic_regression,sigmoid
7122,1,0.2508392894544721,logistic_regression,sigmoid
7130,0,0.33986659129223856,logistic_regression,sigmoid
7138,0,0.24233102102903464,logistic_regression,sigmoid
7142,0,0.47828037896496384,logistic_regression,sigmoid
7144,1,0.26532444955749324,logistic_regression,sigmoid
7145,0,0.448869314814479,logistic_regression,sigmoid
7153,0,0.3336894914954231,logistic_regression,sigmoid
7156,1,0.26099571920492215,logistic_regression,sigmoid
7157,0,0.24055418238586282,logistic_regression,sigmoid
7159,0,0.2726031127709888,logistic_regression,sigmoid
7171,0,0.27029842409200583,logistic_regression,sigmoid
7179,0,0.36449535693152807,logistic_regression,sigmoid
7180,0,0.3327900468394236,logistic_regression,sigmoid
7185,0,0.18372796177842474,logistic_regression,sigmoid
7192,1,0.22675184330536846,logistic_regression,sigmoid
7197,0,0.24969055326650705,logistic_regression,sigmoid
7202,1,0.20939508981724667,logistic_regression,sigmoid
7203,0,0.3241611027948199,logistic_regression,sigmoid
7210,1,0.630912158771128,logistic_regression,sigmoid
7213,0,0.3932194780757894,logistic_regression,sigmoid
7215,0,0.2734813694427072,logistic_regression,sigmoid
7222,1,0.27573779785197045,logistic_regression,sigmoid
7229,1,0.2895426854929466,logistic_regression,sigmoid
7234,0,0.2606883093859671,logistic_regression,sigmoid
7244,1,0.7344680351632571,logistic_regression,sigmoid
7245,0,0.6287375913401219,logistic_regression,sigmoid
7260,0,0.3112449712530832,logistic_regression,sigmoid
7267,0,0.21585247800150315,logistic_regression,sigmoid
7270,0,0.2877805271430564,logistic_regression,sigmoid
7271,0,0.3546688086839276,logistic_regression,sigmoid
7308,0,0.28602938749005075,logistic_regression,sigmoid
7312,0,0.29642400785770345,logistic_regression,sigmoid
7321,0,0.292728706330415,logistic_regression,sigmoid
7325,1,0.3441446818475646,logistic_regression,sigmoid
7327,1,0.5307028472048628,logistic_regression,sigmoid
7328,1,0.4002750955486534,logistic_regression,sigmoid
7336,1,0.4824172221531809,logistic_regression,sigmoid
7337,1,0.31525601209724285,logistic_regression,sigmoid
7352,1,0.21090767446549458,logistic_regression,sigmoid
7354,1,0.437638032711244,logistic_regression,sigmoid
7357,0,0.4687665073995126,logistic_regression,sigmoid
7359,0,0.2550322098908052,logistic_regression,sigmoid
7360,1,0.3948083212454102,logistic_regression,sigmoid
7373,1,0.3545505154968713,logistic_regression,sigmoid
7379,1,0.7428672950924547,logistic_regression,sigmoid
7386,0,0.2653670899229418,logistic_regression,sigmoid
7392,0,0.31871611330962696,logistic_regression,sigmoid
7396,1,0.3175552424623763,logistic_regression,sigmoid
7397,0,0.17914713338655605,logistic_regression,sigmoid
7399,0,0.2183484281445239,logistic_regression,sigmoid
7403,0,0.43678390677134377,logistic_regression,sigmoid
7404,0,0.28735363284586374,logistic_regression,sigmoid
7416,0,0.32572391263881534,logistic_regression,sigmoid
7423,0,0.3265643825801966,logistic_regression,sigmoid
7424,1,0.5045813689937794,logistic_regression,sigmoid
7426,0,0.3030684268145984,logistic_regression,sigmoid
7429,1,0.6557957212177257,logistic_regression,sigmoid
7438,0,0.2972205104774487,logistic_regression,sigmoid
7445,0,0.3223551118128481,logistic_regression,sigmoid
7461,0,0.38242687177883267,logistic_regression,sigmoid
7466,0,0.25235076759453645,logistic_regression,sigmoid
7472,0,0.27611965492335516,logistic_regression,sigmoid
7473,0,0.2902497029468932,logistic_regression,sigmoid
7482,0,0.19854916957021226,logistic_regression,sigmoid
7486,1,0.4615079842395922,logistic_regression,sigmoid
7494,1,0.244887482029442,logistic_regression,sigmoid
7495,0,0.679805546349224,logistic_regression,sigmoid
7497,0,0.3553676174360798,logistic_regression,sigmoid
7500,0,0.34717280979340637,logistic_regression,sigmoid
7503,0,0.21550984578205068,logistic_regression,sigmoid
7504,0,0.33731261559913844,logistic_regression,sigmoid
7512,1,0.7612272282258347,logistic_regression,sigmoid
7527,1,0.44028954013316285,logistic_regression,sigmoid
7528,0,0.3142996272616424,logistic_regression,sigmoid
7529,1,0.1814223209519935,logistic_regression,sigmoid
7530,1,0.314764468415823,logistic_regression,sigmoid
7531,0,0.2598357760986702,logistic_regression,sigmoid
7535,0,0.1929480704078388,logistic_regression,sigmoid
7550,1,0.23902503264663205,logistic_regression,sigmoid
7558,0,0.1555318709872507,logistic_regression,sigmoid
7605,0,0.38316383880621485,logistic_regression,sigmoid
7621,1,0.3078463745087704,logistic_regression,sigmoid
7626,1,0.3558456999929944,logistic_regression,sigmoid
7628,1,0.4469513810037987,logistic_regression,sigmoid
7637,0,0.3157400403658552,logistic_regression,sigmoid
7646,0,0.2991342523075465,logistic_regression,sigmoid
7648,1,0.33942725331696555,logistic_regression,sigmoid
7650,0,0.4905225586667489,logistic_regression,sigmoid
7652,0,0.23485392438883504,logistic_regression,sigmoid
7655,1,0.22329523898234355,logistic_regression,sigmoid
7657,0,0.40508753429066635,logistic_regression,sigmoid
7674,0,0.4629651317283216,logistic_regression,sigmoid
7675,1,0.5148669748081726,logistic_regression,sigmoid
7686,0,0.3057842520521989,logistic_regression,sigmoid
7689,1,0.2650920774543018,logistic_regression,sigmoid
7695,0,0.2539554237112984,logistic_regression,sigmoid
7699,0,0.301287738087557,logistic_regression,sigmoid
7702,0,0.34197526396205863,logistic_regression,sigmoid
7706,1,0.49155249341739155,logistic_regression,sigmoid
7710,1,0.7080958044735735,logistic_regression,sigmoid
7715,0,0.2792717888362446,logistic_regression,sigmoid
7725,1,0.3237545924232725,logistic_regression,sigmoid
7729,1,0.4540040472708033,logistic_regression,sigmoid
7730,0,0.18652528065933943,logistic_regression,sigmoid
7732,1,0.5140997663119788,logistic_regression,sigmoid
7733,1,0.30896849383819885,logistic_regression,sigmoid
7737,0,0.39213230216969575,logistic_regression,sigmoid
7741,1,0.3390411218951543,logistic_regression,sigmoid
7744,0,0.4531827493058994,logistic_regression,sigmoid
7765,0,0.35439360206919845,logistic_regression,sigmoid
7767,0,0.3229364739111923,logistic_regression,sigmoid
7769,1,0.254982312735521,logistic_regression,sigmoid
7772,0,0.19050644616099333,logistic_regression,sigmoid
7780,0,0.299421556008143,logistic_regression,sigmoid
7790,0,0.18949016261697813,logistic_regression,sigmoid
7802,0,0.3050216622204952,logistic_regression,sigmoid
7824,1,0.3428404424090498,logistic_regression,sigmoid
7833,0,0.18576421739963955,logistic_regression,sigmoid
7834,1,0.5057379251351208,logistic_regression,sigmoid
7836,0,0.26141303115756886,logistic_regression,sigmoid
7846,1,0.32823360721198647,logistic_regression,sigmoid
7851,1,0.37845431030479004,logistic_regression,sigmoid
7865,0,0.36483139968295397,logistic_regression,sigmoid
7874,0,0.38117493638042677,logistic_regression,sigmoid
7879,0,0.23866473439083905,logistic_regression,sigmoid
7882,0,0.19966075931886765,logistic_regression,sigmoid
7884,1,0.3621151152038989,logistic_regression,sigmoid
7887,0,0.2670929950155388,logistic_regression,sigmoid
7892,0,0.3116328320788701,logistic_regression,sigmoid
7895,1,0.26236120221657544,logistic_regression,sigmoid
7903,0,0.2776606178343771,logistic_regression,sigmoid
7908,0,0.39031560559596007,logistic_regression,sigmoid
7909,1,0.542060724226999,logistic_regression,sigmoid
7912,0,0.31497624289944687,logistic_regression,sigmoid
7934,0,0.3483793852865257,logistic_regression,sigmoid
7948,1,0.5432860999535541,logistic_regression,sigmoid
7949,0,0.2688834636634182,logistic_regression,sigmoid
7950,0,0.36265161475749214,logistic_regression,sigmoid
7954,0,0.2678586539488002,logistic_regression,sigmoid
7961,0,0.2476466706459663,logistic_regression,sigmoid
7975,0,0.23278655712751653,logistic_regression,sigmoid
7976,0,0.3095895329414114,logistic_regression,sigmoid
7980,0,0.31416104397117073,logistic_regression,sigmoid
7981,0,0.20660722056919154,logistic_regression,sigmoid
7987,0,0.20344501526225425,logistic_regression,sigmoid
7993,1,0.2756997695618388,logistic_regression,sigmoid
7999,1,0.3020478006559669,logistic_regression,sigmoid
8000,1,0.27813694580486087,logistic_regression,sigmoid
8004,0,0.27266931478630124,logistic_regression,sigmoid
8019,1,0.419568216642921,logistic_regression,sigmoid
8029,0,0.3347963459290207,logistic_regression,sigmoid
8032,1,0.3742577578248481,logistic_regression,sigmoid
8035,0,0.26719896705888,logistic_regression,sigmoid
8038,1,0.2836598719925034,logistic_regression,sigmoid
8048,0,0.5750872413806372,logistic_regression,sigmoid
8067,1,0.33939185934704086,logistic_regression,sigmoid
8068,0,0.4753895340755927,logistic_regression,sigmoid
8071,0,0.47026330390251186,logistic_regression,sigmoid
8072,0,0.4667641707543803,logistic_regression,sigmoid
8080,1,0.2372124707576643,logistic_regression,sigmoid
8085,0,0.2297069117318709,logistic_regression,sigmoid
8087,1,0.2926049174776885,logistic_regression,sigmoid
8088,0,0.201863621186535,logistic_regression,sigmoid
8093,0,0.32304221734990474,logistic_regression,sigmoid
8098,1,0.48612272997522005,logistic_regression,sigmoid
8100,0,0.3367427336748652,logistic_regression,sigmoid
8108,1,0.28982723039731156,logistic_regression,sigmoid
8120,0,0.3591791815710879,logistic_regression,sigmoid
8127,1,0.2857966731317835,logistic_regression,sigmoid
8131,1,0.7365316256871435,logistic_regression,sigmoid
8134,0,0.5041846288145274,logistic_regression,sigmoid
8139,1,0.3723227971807036,logistic_regression,sigmoid
8140,0,0.2962538091335008,logistic_regression,sigmoid
8141,0,0.29183459583104066,logistic_regression,sigmoid
8150,0,0.27767333277450684,logistic_regression,sigmoid
8152,0,0.37684500750661876,logistic_regression,sigmoid
8156,1,0.48193459775774034,logistic_regression,sigmoid
8158,0,0.3190129291824061,logistic_regression,sigmoid
8170,0,0.3828976806080274,logistic_regression,sigmoid
8173,0,0.4844618482484685,logistic_regression,sigmoid
8177,1,0.32535165698295526,logistic_regression,sigmoid
8193,1,0.21799458716616807,logistic_regression,sigmoid
8197,0,0.556928264057751,logistic_regression,sigmoid
8206,0,0.2574794848261765,logistic_regression,sigmoid
8209,0,0.2666235219081911,logistic_regression,sigmoid
8216,0,0.267245842234567,logistic_regression,sigmoid
8219,0,0.3786954469707603,logistic_regression,sigmoid
8228,0,0.3393693124110416,logistic_regression,sigmoid
8237,0,0.4736354170374657,logistic_regression,sigmoid
8238,1,0.4147842927428313,logistic_regression,sigmoid
8241,0,0.30831127954572374,logistic_regression,sigmoid
8269,0,0.41348841047951695,logistic_regression,sigmoid
8278,0,0.28903488152577783,logistic_regression,sigmoid
8289,1,0.4463413449713569,logistic_regression,sigmoid
8295,1,0.34925965270303405,logistic_regression,sigmoid
8299,0,0.25275522338663625,logistic_regression,sigmoid
8311,0,0.39968671772886993,logistic_regression,sigmoid
8319,0,0.2099346034587107,logistic_regression,sigmoid
8334,1,0.38423215035869845,logistic_regression,sigmoid
8339,0,0.47802171889678174,logistic_regression,sigmoid
8343,0,0.3990878192205568,logistic_regression,sigmoid
8357,0,0.46659562981146974,logistic_regression,sigmoid
8366,1,0.5270428476836344,logistic_regression,sigmoid
8371,1,0.5239292848657986,logistic_regression,sigmoid
8372,0,0.34868351325790076,logistic_regression,sigmoid
8374,0,0.4785519617028224,logistic_regression,sigmoid
8426,1,0.4759561442773689,logistic_regression,sigmoid
8428,0,0.26535865462714386,logistic_regression,sigmoid
8429,1,0.47320252058167206,logistic_regression,sigmoid
8430,1,0.6284701308852638,logistic_regression,sigmoid
8441,1,0.28178604138061275,logistic_regression,sigmoid
8446,0,0.2300157061068439,logistic_regression,sigmoid
8449,0,0.24243609467780514,logistic_regression,sigmoid
8457,1,0.459474164397102,logistic_regression,sigmoid
8458,0,0.3710156489982002,logistic_regression,sigmoid
8468,0,0.39058108120345447,logistic_regression,sigmoid
8487,1,0.29290293685751656,logistic_regression,sigmoid
8495,0,0.4691923362641057,logistic_regression,sigmoid
8506,0,0.36386346017834226,logistic_regression,sigmoid
8508,0,0.20396792708121975,logistic_regression,sigmoid
8510,1,0.38793731022276023,logistic_regression,sigmoid
8513,0,0.40646156629191815,logistic_regression,sigmoid
8544,0,0.3501013510351409,logistic_regression,sigmoid
8550,1,0.3825711422282636,logistic_regression,sigmoid
8562,1,0.34510078183891163,logistic_regression,sigmoid
8568,1,0.45909054876066957,logistic_regression,sigmoid
8569,0,0.27891079684635817,logistic_regression,sigmoid
8578,0,0.22674323113927422,logistic_regression,sigmoid
8585,0,0.27369373153552967,logistic_regression,sigmoid
8590,0,0.3905227215442997,logistic_regression,sigmoid
8593,0,0.337544564944146,logistic_regression,sigmoid
8614,1,0.24451021101077433,logistic_regression,sigmoid
8620,0,0.3248349803925101,logistic_regression,sigmoid
8622,1,0.3990786567300015,logistic_regression,sigmoid
8623,0,0.3079549701869023,logistic_regression,sigmoid
8624,1,0.37535605193421134,logistic_regression,sigmoid
8629,1,0.41412195195570256,logistic_regression,sigmoid
8632,1,0.43028699318587643,logistic_regression,sigmoid
8633,0,0.5310174653049784,logistic_regression,sigmoid
8635,0,0.2897111004585332,logistic_regression,sigmoid
8641,0,0.3379533037229396,logistic_regression,sigmoid
8650,0,0.3666664703418461,logistic_regression,sigmoid
8652,1,0.49357087068792294,logistic_regression,sigmoid
8670,1,0.2870286657265437,logistic_regression,sigmoid
8672,1,0.26335702755517726,logistic_regression,sigmoid
8674,0,0.21125197099884824,logistic_regression,sigmoid
8679,1,0.19301425413518655,logistic_regression,sigmoid
8691,0,0.3737352817602062,logistic_regression,sigmoid
8700,0,0.33259759301624653,logistic_regression,sigmoid
8704,1,0.24713640854418362,logistic_regression,sigmoid
8707,0,0.2217084355757121,logistic_regression,sigmoid
8711,0,0.34798726217695797,logistic_regression,sigmoid
8717,1,0.24796950377542304,logistic_regression,sigmoid
8718,0,0.26574868194087853,logistic_regression,sigmoid
8731,0,0.23307032209037443,logistic_regression,sigmoid
8734,0,0.42841749299751397,logistic_regression,sigmoid
8736,0,0.38739981908989773,logistic_regression,sigmoid
8738,0,0.22317862348484824,logistic_regression,sigmoid
8750,0,0.4228494818645126,logistic_regression,sigmoid
8751,0,0.3533083055926171,logistic_regression,sigmoid
8758,0,0.2638584120730913,logistic_regression,sigmoid
8768,1,0.30717441826717923,logistic_regression,sigmoid
8775,0,0.5146488041445151,logistic_regression,sigmoid
8783,0,0.5369511202145656,logistic_regression,sigmoid
8790,0,0.2747895172206413,logistic_regression,sigmoid
8793,0,0.2892374108377522,logistic_regression,sigmoid
8795,0,0.3748732132474529,logistic_regression,sigmoid
8799,1,0.26784099143765683,logistic_regression,sigmoid
8804,0,0.19301050923231336,logistic_regression,sigmoid
8810,0,0.3279322918188401,logistic_regression,sigmoid
8812,0,0.25787351270899006,logistic_regression,sigmoid
8818,0,0.43997814885572534,logistic_regression,sigmoid
8825,0,0.21690352559493378,logistic_regression,sigmoid
8827,0,0.4277233021493801,logistic_regression,sigmoid
8833,0,0.19803555848961324,logistic_regression,sigmoid
8836,0,0.3089247657648665,logistic_regression,sigmoid
8841,0,0.4001121343353741,logistic_regression,sigmoid
8845,1,0.4548597445928811,logistic_regression,sigmoid
8859,0,0.3344403501059892,logistic_regression,sigmoid
8861,1,0.3721578210529065,logistic_regression,sigmoid
8868,0,0.3274248758806445,logistic_regression,sigmoid
8873,0,0.23771233853551435,logistic_regression,sigmoid
8881,0,0.26205516409664814,logistic_regression,sigmoid
8882,0,0.5064809879584684,logistic_regression,sigmoid
8887,0,0.20249731204819418,logistic_regression,sigmoid
8894,0,0.26402908691156596,logistic_regression,sigmoid
8895,0,0.17706429003477617,logistic_regression,sigmoid
8901,0,0.19108426139520315,logistic_regression,sigmoid
8902,0,0.3927956606064281,logistic_regression,sigmoid
8913,0,0.2951740822703947,logistic_regression,sigmoid
8914,1,0.4355052396175576,logistic_regression,sigmoid
8915,1,0.4475538756408502,logistic_regression,sigmoid
8917,1,0.6704439277123501,logistic_regression,sigmoid
8937,0,0.36443680511982823,logistic_regression,sigmoid
8939,1,0.406147138689281,logistic_regression,sigmoid
8951,1,0.2985828105465528,logistic_regression,sigmoid
8963,0,0.4831316567196484,logistic_regression,sigmoid
8965,1,0.19068317162628182,logistic_regression,sigmoid
8972,0,0.2719200742073386,logistic_regression,sigmoid
8986,1,0.3612634949102593,logistic_regression,sigmoid
8999,1,0.3635233289941274,logistic_regression,sigmoid
9000,1,0.44648406131609997,logistic_regression,sigmoid
9005,0,0.28592766977397793,logistic_regression,sigmoid
9009,1,0.6369093664672635,logistic_regression,sigmoid
9012,0,0.3293091462265959,logistic_regression,sigmoid
9030,0,0.32746292138617283,logistic_regression,sigmoid
9043,0,0.2243444712720598,logistic_regression,sigmoid
9054,1,0.5206451266415693,logistic_regression,sigmoid
9061,0,0.2262831581945254,logistic_regression,sigmoid
9063,1,0.4892815463023866,logistic_regression,sigmoid
9065,0,0.29510004768448267,logistic_regression,sigmoid
9070,1,0.2225890041445749,logistic_regression,sigmoid
9074,1,0.37781632706313634,logistic_regression,sigmoid
9086,0,0.24389721990927812,logistic_regression,sigmoid
9087,0,0.17811593246292054,logistic_regression,sigmoid
9095,0,0.25346582790365674,logistic_regression,sigmoid
9107,0,0.304306960602402,logistic_regression,sigmoid
9112,0,0.17332412924673546,logistic_regression,sigmoid
9114,0,0.28645818514563476,logistic_regression,sigmoid
9127,1,0.28798974245681863,logistic_regression,sigmoid
9131,0,0.4965632368481638,logistic_regression,sigmoid
9144,0,0.49690906271407603,logistic_regression,sigmoid
9145,1,0.3163959761751313,logistic_regression,sigmoid
9153,0,0.43675102331845206,logistic_regression,sigmoid
9167,0,0.4149210916590047,logistic_regression,sigmoid
9178,1,0.6550587376751338,logistic_regression,sigmoid
9187,0,0.4987487336566998,logistic_regression,sigmoid
9190,0,0.4121389968157377,logistic_regression,sigmoid
9197,0,0.2639368379821277,logistic_regression,sigmoid
9204,0,0.3390659834619299,logistic_regression,sigmoid
9209,0,0.29254032374757016,logistic_regression,sigmoid
9211,0,0.3586585403080403,logistic_regression,sigmoid
9216,0,0.2955013949764707,logistic_regression,sigmoid
9217,1,0.5556104166464417,logistic_regression,sigmoid
9230,0,0.2649140884052447,logistic_regression,sigmoid
9233,1,0.3554729510153836,logistic_regression,sigmoid
9238,0,0.6279479748042515,logistic_regression,sigmoid
9243,0,0.26663392897939037,logistic_regression,sigmoid
9244,0,0.3052236683552845,logistic_regression,sigmoid
9245,0,0.2327326834002731,logistic_regression,sigmoid
9260,0,0.4811444869494363,logistic_regression,sigmoid
9261,1,0.37025839528385646,logistic_regression,sigmoid
9276,1,0.2313490797898871,logistic_regression,sigmoid
9279,0,0.3152370090294489,logistic_regression,sigmoid
9294,0,0.32026385514064093,logistic_regression,sigmoid
9314,0,0.43173190363236874,logistic_regression,sigmoid
9318,0,0.23897078667462285,logistic_regression,sigmoid
9322,0,0.24085659474370874,logistic_regression,sigmoid
9324,0,0.6865515173299062,logistic_regression,sigmoid
9356,0,0.31660211515399894,logistic_regression,sigmoid
9362,1,0.42330772231597064,logistic_regression,sigmoid
9369,1,0.35884567864268346,logistic_regression,sigmoid
9371,0,0.15705294234822814,logistic_regression,sigmoid
9379,1,0.3325064419753744,logistic_regression,sigmoid
9381,0,0.37502104843148903,logistic_regression,sigmoid
9391,0,0.41247439963931004,logistic_regression,sigmoid
9393,0,0.4414454907768938,logistic_regression,sigmoid
9396,1,0.3133329880999155,logistic_regression,sigmoid
9413,1,0.28114800604873036,logistic_regression,sigmoid
9417,0,0.23692825521865535,logistic_regression,sigmoid
9433,1,0.45359333520833656,logistic_regression,sigmoid
9437,0,0.3715112474793011,logistic_regression,sigmoid
9442,0,0.35935003985618497,logistic_regression,sigmoid
9457,0,0.284194458897735,logistic_regression,sigmoid
9462,0,0.19263618879174083,logistic_regression,sigmoid
9463,0,0.34658701826078253,logistic_regression,sigmoid
9465,0,0.26983372434692915,logistic_regression,sigmoid
9471,0,0.27332595995395736,logistic_regression,sigmoid
9483,1,0.5144735188757013,logistic_regression,sigmoid
9490,0,0.5484735580377136,logistic_regression,sigmoid
9492,1,0.5872973609693256,logistic_regression,sigmoid
9494,0,0.3514734720977772,logistic_regression,sigmoid
9496,1,0.2913865431527918,logistic_regression,sigmoid
9497,0,0.1741515248686444,logistic_regression,sigmoid
9526,1,0.609074906409366,logistic_regression,sigmoid
9530,0,0.27743607090081873,logistic_regression,sigmoid
9534,0,0.6311834983922467,logistic_regression,sigmoid
9537,0,0.4873496482510817,logistic_regression,sigmoid
9539,1,0.20486880454645812,logistic_regression,sigmoid
9545,0,0.29297305558121806,logistic_regression,sigmoid
9559,0,0.7244742341383336,logistic_regression,sigmoid
9564,0,0.3957204723481224,logistic_regression,sigmoid
9565,0,0.3750072055720082,logistic_regression,sigmoid
9569,0,0.2164657375618114,logistic_regression,sigmoid
9575,1,0.46894458638755954,logistic_regression,sigmoid
9579,0,0.3008184984018202,logistic_regression,sigmoid
9581,0,0.3502515168945973,logistic_regression,sigmoid
9585,1,0.30410296208004617,logistic_regression,sigmoid
9611,1,0.2691108145658639,logistic_regression,sigmoid
9620,1,0.3124456051808723,logistic_regression,sigmoid
9630,0,0.43395888281867456,logistic_regression,sigmoid
9633,1,0.21015944079828672,logistic_regression,sigmoid
9636,0,0.3120340119628603,logistic_regression,sigmoid
9649,0,0.4043937317584798,logistic_regression,sigmoid
9656,0,0.4858950092546227,logistic_regression,sigmoid
9674,1,0.7651355207778137,logistic_regression,sigmoid
9683,0,0.3776411180445425,logistic_regression,sigmoid
9692,1,0.38027915558449027,logistic_regression,sigmoid
9693,0,0.5214907766977616,logistic_regression,sigmoid
9700,0,0.1816225613157661,logistic_regression,sigmoid
9711,0,0.30235259395925024,logistic_regression,sigmoid
9712,1,0.5396209291362014,logistic_regression,sigmoid
9723,0,0.4753714003178951,logistic_regression,sigmoid
9733,0,0.44442457372205246,logistic_regression,sigmoid
9741,1,0.43011531922810714,logistic_regression,sigmoid
9742,0,0.23516645650281118,logistic_regression,sigmoid
9753,1,0.2994075726376646,logistic_regression,sigmoid
9765,1,0.563871223959668,logistic_regression,sigmoid
9782,0,0.2591706647604987,logistic_regression,sigmoid
9783,1,0.4957879312152566,logistic_regression,sigmoid
9786,1,0.42659892272960004,logistic_regression,sigmoid
9793,0,0.21676910107924763,logistic_regression,sigmoid
9796,0,0.5021795453632153,logistic_regression,sigmoid
9797,0,0.24439015830795713,logistic_regression,sigmoid
9808,0,0.30284619017694014,logistic_regression,sigmoid
9820,0,0.3001117264402415,logistic_regression,sigmoid
9821,0,0.5921371470285147,logistic_regression,sigmoid
9824,1,0.48436021406714297,logistic_regression,sigmoid
9825,0,0.21916806797422916,logistic_regression,sigmoid
9826,0,0.18019157160561639,logistic_regression,sigmoid
9835,0,0.29186206931859837,logistic_regression,sigmoid
9836,0,0.267756554041325,logistic_regression,sigmoid
9843,0,0.2208805582633614,logistic_regression,sigmoid
9846,0,0.3612779095117387,logistic_regression,sigmoid
9851,1,0.26075545617508833,logistic_regression,sigmoid
9852,0,0.41808928160659203,logistic_regression,sigmoid
9854,0,0.3147784414958875,logistic_regression,sigmoid
9863,1,0.30473681782686046,logistic_regression,sigmoid
9869,0,0.4044510838051893,logistic_regression,sigmoid
9882,0,0.21862503388643656,logistic_regression,sigmoid
9883,0,0.4087264885552518,logistic_regression,sigmoid
9885,0,0.2758373572895344,logistic_regression,sigmoid
9893,0,0.1686255996542176,logistic_regression,sigmoid
9896,1,0.3040193106123119,logistic_regression,sigmoid
9912,1,0.4650616094347922,logistic_regression,sigmoid
9929,0,0.27229254038790174,logistic_regression,sigmoid
9950,1,0.5422456222888924,logistic_regression,sigmoid
9951,0,0.3109122297291729,logistic_regression,sigmoid
9952,0,0.436136188119434,logistic_regression,sigmoid
9955,0,0.5085984981622111,logistic_regression,sigmoid
9956,1,0.34026728189541805,logistic_regression,sigmoid
9957,0,0.19336511695083444,logistic_regression,sigmoid
9966,0,0.24667728832541844,logistic_regression,sigmoid
9982,0,0.19220043326126376,logistic_regression,sigmoid
9986,1,0.41141291443968836,logistic_regression,sigmoid
9998,1,0.25425342927612504,logistic_regression,sigmoid
3,1,0.45454545454545453,logistic_regression,isotonic
7,0,0.3252279635258358,logistic_regression,isotonic
8,0,0.20512820512820512,logistic_regression,isotonic
15,1,0.5396825396825397,logistic_regression,isotonic
22,0,0.5396825396825397,logistic_regression,isotonic
25,0,0.4852941176470588,logistic_regression,isotonic
46,1,0.4852941176470588,logistic_regression,isotonic
49,0,0.3252279635258358,logistic_regression,isotonic
62,0,0.3252279635258358,logistic_regression,isotonic
64,1,0.5396825396825397,logistic_regression,isotonic
65,1,0.5396825396825397,logistic_regression,isotonic
66,0,0.5396825396825397,logistic_regression,isotonic
91,0,0.28488372093023256,logistic_regression,isotonic
105,0,0.3252279635258358,logistic_regression,isotonic
110,1,0.5396825396825397,logistic_regression,isotonic
111,1,0.7272727272727273,logistic_regression,isotonic
119,1,0.5396825396825397,logistic_regression,isotonic
124,0,0.5,logistic_regression,isotonic
130,1,0.5396825396825397,logistic_regression,isotonic
138,1,0.5396825396825397,logistic_regression,isotonic
144,1,0.5396825396825397,logistic_regression,isotonic
150,0,0.0,logistic_regression,isotonic
159,0,0.3252279635258358,logistic_regression,isotonic
164,0,0.28488372093023256,logistic_regression,isotonic
173,0,0.2752293577981651,logistic_regression,isotonic
185,0,0.4,logistic_regression,isotonic
188,0,0.22892701308470206,logistic_regression,isotonic
191,1,0.21212121212121213,logistic_regression,isotonic
198,0,0.3252279635258358,logistic_regression,isotonic
204,1,0.28488372093023256,logistic_regression,isotonic
205,0,0.2752293577981651,logistic_regression,isotonic
218,1,0.28488372093023256,logistic_regression,isotonic
226,0,0.4,logistic_regression,isotonic
231,0,0.2752293577981651,logistic_regression,isotonic
240,0,0.22758620689655173,logistic_regression,isotonic
247,1,0.22758620689655173,logistic_regression,isotonic
254,0,0.5,logistic_regression,isotonic
263,0,0.28488372093023256,logistic_regression,isotonic
271,0,0.2752293577981651,logistic_regression,isotonic
297,1,0.3252279635258358,logistic_regression,isotonic
302,0,0.28205128205128205,logistic_regression,isotonic
314,0,0.22758620689655173,logistic_regression,isotonic
321,1,0.3252279635258358,logistic_regression,isotonic
327,0,0.20512820512820512,logistic_regression,isotonic
331,1,0.2752293577981651,logistic_regression,isotonic
340,0,0.4852941176470588,logistic_regression,isotonic
342,1,0.3252279635258358,logistic_regression,isotonic
344,1,0.5396825396825397,logistic_regression,isotonic
354,0,0.4852941176470588,logistic_regression,isotonic
358,1,0.28488372093023256,logistic_regression,isotonic
370,0,0.5,logistic_regression,isotonic
374,1,0.28205128205128205,logistic_regression,isotonic
379,0,0.28488372093023256,logistic_regression,isotonic
396,0,0.2752293577981651,logistic_regression,isotonic
397,1,0.5396825396825397,logistic_regression,isotonic
408,1,0.28205128205128205,logistic_regression,isotonic
420,1,0.5396825396825397,logistic_regression,isotonic
427,0,0.20512820512820512,logistic_regression,isotonic
429,1,0.2752293577981651,logistic_regression,isotonic
430,1,0.2752293577981651,logistic_regression,isotonic
431,0,0.28488372093023256,logistic_regression,isotonic
442,0,0.21212121212121213,logistic_regression,isotonic
446,0,0.5396825396825397,logistic_regression,isotonic
447,0,0.28488372093023256,logistic_regression,isotonic
454,1,0.22758620689655173,logistic_regression,isotonic
462,0,0.2631578947368421,logistic_regression,isotonic
474,0,0.22758620689655173,logistic_regression,isotonic
475,0,0.28488372093023256,logistic_regression,isotonic
483,0,0.45454545454545453,logistic_regression,isotonic
489,0,0.3252279635258358,logistic_regression,isotonic
502,0,0.28488372093023256,logistic_regression,isotonic
506,1,0.7272727272727273,logistic_regression,isotonic
512,0,0.4852941176470588,logistic_regression,isotonic
514,1,0.28488372093023256,logistic_regression,isotonic
521,1,0.5396825396825397,logistic_regression,isotonic
530,1,0.2631578947368421,logistic_regression,isotonic
535,0,0.0,logistic_regression,isotonic
536,1,0.20512820512820512,logistic_regression,isotonic
539,0,0.2752293577981651,logistic_regression,isotonic
544,0,0.3252279635258358,logistic_regression,isotonic
554,1,0.3252279635258358,logistic_regression,isotonic
560,1,0.5396825396825397,logistic_regression,isotonic
566,0,0.5396825396825397,logistic_regression,isotonic
572,0,0.2752293577981651,logistic_regression,isotonic
574,0,0.5396825396825397,logistic_regression,isotonic
587,1,0.3252279635258358,logistic_regression,isotonic
590,0,0.2752293577981651,logistic_regression,isotonic
597,1,0.3252279635258358,logistic_regression,isotonic
598,1,0.3252279635258358,logistic_regression,isotonic
601,0,0.2752293577981651,logistic_regression,isotonic
602,0,0.22758620689655173,logistic_regression,isotonic
605,0,0.3252279635258358,logistic_regression,isotonic
609,0,0.4852941176470588,logistic_regression,isotonic
610,1,0.4,logistic_regression,isotonic
611,0,0.5,logistic_regression,isotonic
616,0,0.28488372093023256,logistic_regression,isotonic
617,1,0.5396825396825397,logistic_regression,isotonic
628,1,0.28488372093023256,logistic_regression,isotonic
630,0,0.5396825396825397,logistic_regression,isotonic
632,1,0.3252279635258358,logistic_regression,isotonic
636,1,0.2752293577981651,logistic_regression,isotonic
640,0,0.4852941176470588,logistic_regression,isotonic
643,1,0.3252279635258358,logistic_regression,isotonic
645,0,0.3252279635258358,logistic_regression,isotonic
653,1,0.5,logistic_regression,isotonic
656,0,0.2631578947368421,logistic_regression,isotonic
671,0,0.20512820512820512,logistic_regression,isotonic
675,1,0.3252279635258358,logistic_regression,isotonic
683,1,0.4852941176470588,logistic_regression,isotonic
693,1,0.3252279635258358,logistic_regression,isotonic
706,1,0.5,logistic_regression,isotonic
712,1,0.2752293577981651,logistic_regression,isotonic
716,0,0.28205128205128205,logistic_regression,isotonic
720,1,0.4852941176470588,logistic_regression,isotonic
721,0,0.7272727272727273,logistic_regression,isotonic
742,0,0.2752293577981651,logistic_regression,isotonic
761,1,0.3252279635258358,logistic_regression,isotonic
785,0,0.3252279635258358,logistic_regression,isotonic
791,0,0.22758620689655173,logistic_regression,isotonic
807,1,0.45454545454545453,logistic_regression,isotonic
808,0,0.3252279635258358,logistic_regression,isotonic
810,0,0.5,logistic_regression,isotonic
811,0,0.20512820512820512,logistic_regression,isotonic
817,0,0.3252279635258358,logistic_regression,isotonic
821,0,0.3252279635258358,logistic_regression,isotonic
822,0,0.3252279635258358,logistic_regression,isotonic
842,0,0.28488372093023256,logistic_regression,isotonic
850,1,0.3252279635258358,logistic_regression,isotonic
853,1,0.3252279635258358,logistic_regression,isotonic
871,1,0.3252279635258358,logistic_regression,isotonic
873,1,0.45454545454545453,logistic_regression,isotonic
875,0,0.20512820512820512,logistic_regression,isotonic
878,0,0.22758620689655173,logistic_regression,isotonic
887,1,0.2631578947368421,logistic_regression,isotonic
890,0,0.5396825396825397,logistic_regression,isotonic
905,0,0.45454545454545453,logistic_regression,isotonic
906,1,0.28488372093023256,logistic_regression,isotonic
912,1,0.4852941176470588,logistic_regression,isotonic
913,1,0.5,logistic_regression,isotonic
916,0,0.3252279635258358,logistic_regression,isotonic
919,0,0.28488372093023256,logistic_regression,isotonic
926,0,0.0,logistic_regression,isotonic
937,0,0.45454545454545453,logistic_regression,isotonic
945,0,0.5396825396825397,logistic_regression,isotonic
947,0,0.28488372093023256,logistic_regression,isotonic
948,0,0.5396825396825397,logistic_regression,isotonic
959,1,0.4,logistic_regression,isotonic
966,0,0.2752293577981651,logistic_regression,isotonic
979,0,0.45454545454545453,logistic_regression,isotonic
980,0,0.28488372093023256,logistic_regression,isotonic
988,0,0.28488372093023256,logistic_regression,isotonic
989,0,0.3252279635258358,logistic_regression,isotonic
1008,0,0.3252279635258358,logistic_regression,isotonic
1011,1,0.4852941176470588,logistic_regression,isotonic
1012,1,0.5396825396825397,logistic_regression,isotonic
1013,1,0.5396825396825397,logistic_regression,isotonic
1034,0,0.5396825396825397,logistic_regression,isotonic
1040,0,0.3252279635258358,logistic_regression,isotonic
1042,1,0.5396825396825397,logistic_regression,isotonic
1046,0,0.3252279635258358,logistic_regression,isotonic
1049,0,0.22758620689655173,logistic_regression,isotonic
1052,0,0.2752293577981651,logistic_regression,isotonic
1073,0,0.3252279635258358,logistic_regression,isotonic
1082,0,0.5396825396825397,logistic_regression,isotonic
1102,0,0.28488372093023256,logistic_regression,isotonic
1104,0,0.3252279635258358,logistic_regression,isotonic
1105,0,0.25,logistic_regression,isotonic
1106,0,0.2752293577981651,logistic_regression,isotonic
1115,0,0.45454545454545453,logistic_regression,isotonic
1116,1,0.2752293577981651,logistic_regression,isotonic
1119,0,0.28488372093023256,logistic_regression,isotonic
1121,0,0.4852941176470588,logistic_regression,isotonic
1128,0,0.5396825396825397,logistic_regression,isotonic
1150,1,0.7272727272727273,logistic_regression,isotonic
1158,0,0.2752293577981651,logistic_regression,isotonic
1164,0,0.3252279635258358,logistic_regression,isotonic
1181,1,0.5396825396825397,logistic_regression,isotonic
1183,1,0.4,logistic_regression,isotonic
1186,1,0.3252279635258358,logistic_regression,isotonic
1187,0,0.28488372093023256,logistic_regression,isotonic
1189,0,0.2752293577981651,logistic_regression,isotonic
1195,1,0.3252279635258358,logistic_regression,isotonic
1199,1,0.28488372093023256,logistic_regression,isotonic
1206,1,0.2752293577981651,logistic_regression,isotonic
1210,1,0.5396825396825397,logistic_regression,isotonic
1218,1,0.4852941176470588,logistic_regression,isotonic
1219,0,0.5396825396825397,logistic_regression,isotonic
1227,1,0.5396825396825397,logistic_regression,isotonic
1228,0,0.5396825396825397,logistic_regression,isotonic
1229,0,0.5396825396825397,logistic_regression,isotonic
1230,0,0.3252279635258358,logistic_regression,isotonic
1233,0,0.3252279635258358,logistic_regression,isotonic
1234,1,0.5396825396825397,logistic_regression,isotonic
1237,0,0.2752293577981651,logistic_regression,isotonic
1259,1,0.3252279635258358,logistic_regression,isotonic
1263,0,0.21212121212121213,logistic_regression,isotonic
1274,0,0.28488372093023256,logistic_regression,isotonic
1290,1,0.5396825396825397,logistic_regression,isotonic
1303,1,0.5396825396825397,logistic_regression,isotonic
1306,0,0.3252279635258358,logistic_regression,isotonic
1310,0,0.6760862847592036,logistic_regression,isotonic
1312,0,0.4852941176470588,logistic_regression,isotonic
1313,0,0.5396825396825397,logistic_regression,isotonic
1316,1,0.5396825396825397,logistic_regression,isotonic
1325,0,0.2752293577981651,logistic_regression,isotonic
1342,0,0.2752293577981651,logistic_regression,isotonic
1344,0,0.5396825396825397,logistic_regression,isotonic
1354,0,0.3252279635258358,logistic_regression,isotonic
1361,1,0.7272727272727273,logistic_regression,isotonic
1362,0,0.21212121212121213,logistic_regression,isotonic
1363,0,0.4,logistic_regression,isotonic
1365,1,0.5396825396825397,logistic_regression,isotonic
1367,1,0.28205128205128205,logistic_regression,isotonic
1378,0,0.22758620689655173,logistic_regression,isotonic
1382,0,0.2752293577981651,logistic_regression,isotonic
1392,0,0.28488372093023256,logistic_regression,isotonic
1405,1,0.2752293577981651,logistic_regression,isotonic
1409,0,0.4,logistic_regression,isotonic
1413,0,0.45454545454545453,logistic_regression,isotonic
1414,1,0.5396825396825397,logistic_regression,isotonic
1415,0,0.2752293577981651,logistic_regression,isotonic
1417,1,0.5396825396825397,logistic_regression,isotonic
1419,0,0.2752293577981651,logistic_regression,isotonic
1421,0,0.28488372093023256,logistic_regression,isotonic
1433,0,0.0,logistic_regression,isotonic
1443,0,0.22758620689655173,logistic_regression,isotonic
1445,0,0.28205128205128205,logistic_regression,isotonic
1451,1,0.3252279635258358,logistic_regression,isotonic
1452,0,0.5396825396825397,logistic_regression,isotonic
1453,0,0.3252279635258358,logistic_regression,isotonic
1456,0,0.22758620689655173,logistic_regression,isotonic
1466,0,0.7272727272727273,logistic_regression,isotonic
1485,1,0.5396825396825397,logistic_regression,isotonic
1489,0,0.2752293577981651,logistic_regression,isotonic
1494,0,0.28205128205128205,logistic_regression,isotonic
1502,0,0.5396825396825397,logistic_regression,isotonic
1508,0,0.491618261961306,logistic_regression,isotonic
1514,0,0.28205128205128205,logistic_regression,isotonic
1515,0,0.5396825396825397,logistic_regression,isotonic
1520,0,0.28205128205128205,logistic_regression,isotonic
1521,0,0.20512820512820512,logistic_regression,isotonic
1525,0,0.45454545454545453,logistic_regression,isotonic
1526,0,0.2752293577981651,logistic_regression,isotonic
1544,0,0.2631578947368421,logistic_regression,isotonic
1546,1,0.28488372093023256,logistic_regression,isotonic
1556,0,0.2752293577981651,logistic_regression,isotonic
1561,0,0.2752293577981651,logistic_regression,isotonic
1573,0,0.2631578947368421,logistic_regression,isotonic
1577,1,0.5396825396825397,logistic_regression,isotonic
1579,1,0.4,logistic_regression,isotonic
1592,0,0.3252279635258358,logistic_regression,isotonic
1595,0,0.3252279635258358,logistic_regression,isotonic
1596,1,0.5396825396825397,logistic_regression,isotonic
1598,0,0.20512820512820512,logistic_regression,isotonic
1608,1,0.2631578947368421,logistic_regression,isotonic
1612,0,0.3252279635258358,logistic_regression,isotonic
1623,0,0.3252279635258358,logistic_regression,isotonic
1624,0,0.2752293577981651,logistic_regression,isotonic
1625,0,0.28205128205128205,logistic_regression,isotonic
1632,0,0.3252279635258358,logistic_regression,isotonic
1643,1,0.5396825396825397,logistic_regression,isotonic
1648,0,0.4852941176470588,logistic_regression,isotonic
1649,0,0.5396825396825397,logistic_regression,isotonic
1656,0,0.5396825396825397,logistic_regression,isotonic
1657,0,0.2756848158361556,logistic_regression,isotonic
1660,1,0.2752293577981651,logistic_regression,isotonic
1682,1,0.28488372093023256,logistic_regression,isotonic
1684,1,0.2194200829369325,logistic_regression,isotonic
1691,1,0.7272727272727273,logistic_regression,isotonic
1702,1,0.5396825396825397,logistic_regression,isotonic
1706,1,0.5396825396825397,logistic_regression,isotonic
1728,0,0.2752293577981651,logistic_regression,isotonic
1729,1,0.28488372093023256,logistic_regression,isotonic
1731,1,0.5396825396825397,logistic_regression,isotonic
1740,1,0.5396825396825397,logistic_regression,isotonic
1750,1,0.5396825396825397,logistic_regression,isotonic
1758,1,0.2631578947368421,logistic_regression,isotonic
1760,0,0.22758620689655173,logistic_regression,isotonic
1763,0,0.22758620689655173,logistic_regression,isotonic
1767,0,0.2752293577981651,logistic_regression,isotonic
1770,0,0.4852941176470588,logistic_regression,isotonic
1773,0,0.7272727272727273,logistic_regression,isotonic
1782,0,0.3252279635258358,logistic_regression,isotonic
1791,0,0.45454545454545453,logistic_regression,isotonic
1797,0,0.3252279635258358,logistic_regression,isotonic
1803,0,0.28205128205128205,logistic_regression,isotonic
1805,1,0.3252279635258358,logistic_regression,isotonic
1822,1,0.5396825396825397,logistic_regression,isotonic
1837,0,0.2752293577981651,logistic_regression,isotonic
1891,1,0.2752293577981651,logistic_regression,isotonic
1900,0,0.28205128205128205,logistic_regression,isotonic
1910,0,0.3252279635258358,logistic_regression,isotonic
1919,1,0.4852941176470588,logistic_regression,isotonic
1921,0,0.7272727272727273,logistic_regression,isotonic
1923,0,0.2752293577981651,logistic_regression,isotonic
1924,1,0.2631578947368421,logistic_regression,isotonic
1926,1,0.28205128205128205,logistic_regression,isotonic
1939,0,0.22758620689655173,logistic_regression,isotonic
1943,0,0.4852941176470588,logistic_regression,isotonic
1953,0,0.2631578947368421,logistic_regression,isotonic
1955,0,0.2631578947368421,logistic_regression,isotonic
1956,0,0.5396825396825397,logistic_regression,isotonic
1959,0,0.5396825396825397,logistic_regression,isotonic
1960,0,0.2752293577981651,logistic_regression,isotonic
1962,0,0.22758620689655173,logistic_regression,isotonic
1977,0,0.4852941176470588,logistic_regression,isotonic
1983,1,0.5396825396825397,logistic_regression,isotonic
1986,0,0.28488372093023256,logistic_regression,isotonic
1990,0,0.2752293577981651,logistic_regression,isotonic
1991,0,0.2752293577981651,logistic_regression,isotonic
1994,0,0.20512820512820512,logistic_regression,isotonic
1997,0,0.22758620689655173,logistic_regression,isotonic
1999,0,0.28488372093023256,logistic_regression,isotonic
2002,1,0.7272727272727273,logistic_regression,isotonic
2003,1,0.28488372093023256,logistic_regression,isotonic
2021,0,0.4852941176470588,logistic_regression,isotonic
2027,1,0.7272727272727273,logistic_regression,isotonic
2030,0,0.4,logistic_regression,isotonic
2032,1,0.7272727272727273,logistic_regression,isotonic
2060,0,0.22758620689655173,logistic_regression,isotonic
2076,0,0.28488372093023256,logistic_regression,isotonic
2077,1,0.28488372093023256,logistic_regression,isotonic
2079,0,0.4902874868162919,logistic_regression,isotonic
2089,0,0.3252279635258358,logistic_regression,isotonic
2096,0,0.20512820512820512,logistic_regression,isotonic
2107,1,0.5,logistic_regression,isotonic
2108,1,0.5396825396825397,logistic_regression,isotonic
2113,0,0.2752293577981651,logistic_regression,isotonic
2120,0,0.2752293577981651,logistic_regression,isotonic
2122,0,0.2752293577981651,logistic_regression,isotonic
2126,1,0.28488372093023256,logistic_regression,isotonic
2128,0,0.2631578947368421,logistic_regression,isotonic
2129,0,0.28488372093023256,logistic_regression,isotonic
2155,1,0.5,logistic_regression,isotonic
2156,1,0.20512820512820512,logistic_regression,isotonic
2161,1,0.5396825396825397,logistic_regression,isotonic
2165,0,0.4,logistic_regression,isotonic
2166,1,0.28205128205128205,logistic_regression,isotonic
2171,1,0.5,logistic_regression,isotonic
2177,0,0.5396825396825397,logistic_regression,isotonic
2198,1,0.4852941176470588,logistic_regression,isotonic
2205,0,0.28205128205128205,logistic_regression,isotonic
2210,0,0.20512820512820512,logistic_regression,isotonic
2212,0,0.3252279635258358,logistic_regression,isotonic
2232,0,0.3252279635258358,logistic_regression,isotonic
2238,0,0.28488372093023256,logistic_regression,isotonic
2243,0,0.0,logistic_regression,isotonic
2245,1,0.22758620689655173,logistic_regression,isotonic
2247,0,0.2752293577981651,logistic_regression,isotonic
2252,0,0.5396825396825397,logistic_regression,isotonic
2264,0,0.2631578947368421,logistic_regression,isotonic
2276,0,0.25,logistic_regression,isotonic
2281,1,0.5396825396825397,logistic_regression,isotonic
2292,0,0.2752293577981651,logistic_regression,isotonic
2300,0,0.3252279635258358,logistic_regression,isotonic
2304,1,0.7272727272727273,logistic_regression,isotonic
2305,1,0.3252279635258358,logistic_regression,isotonic
2308,1,0.5396825396825397,logistic_regression,isotonic
2327,0,0.2752293577981651,logistic_regression,isotonic
2333,0,0.2752293577981651,logistic_regression,isotonic
2341,1,0.28488372093023256,logistic_regression,isotonic
2342,0,0.28488372093023256,logistic_regression,isotonic
2352,0,0.3252279635258358,logistic_regression,isotonic
2362,1,0.4852941176470588,logistic_regression,isotonic
2363,1,0.28205128205128205,logistic_regression,isotonic
2373,0,0.2752293577981651,logistic_regression,isotonic
2383,0,0.22758620689655173,logistic_regression,isotonic
2386,1,0.2752293577981651,logistic_regression,isotonic
2399,1,0.2631578947368421,logistic_regression,isotonic
2403,0,0.5396825396825397,logistic_regression,isotonic
2410,0,0.4852941176470588,logistic_regression,isotonic
2411,1,0.7272727272727273,logistic_regression,isotonic
2412,0,0.7272727272727273,logistic_regression,isotonic
2414,0,0.45454545454545453,logistic_regression,isotonic
2418,0,0.2752293577981651,logistic_regression,isotonic
2424,0,0.22758620689655173,logistic_regression,isotonic
2433,0,0.5396825396825397,logistic_regression,isotonic
2436,1,0.45454545454545453,logistic_regression,isotonic
2450,1,0.5396825396825397,logistic_regression,isotonic
2452,0,0.4852941176470588,logistic_regression,isotonic
2461,0,0.5396825396825397,logistic_regression,isotonic
2463,0,0.3252279635258358,logistic_regression,isotonic
2474,1,0.7272727272727273,logistic_regression,isotonic
2484,0,0.2752293577981651,logistic_regression,isotonic
2490,1,0.3252279635258358,logistic_regression,isotonic
2499,0,0.28488372093023256,logistic_regression,isotonic
2506,0,0.4852941176470588,logistic_regression,isotonic
2517,1,0.22758620689655173,logistic_regression,isotonic
2522,0,0.45454545454545453,logistic_regression,isotonic
2524,0,0.5396825396825397,logistic_regression,isotonic
2533,1,0.7272727272727273,logistic_regression,isotonic
2534,0,0.28488372093023256,logistic_regression,isotonic
2542,1,0.4852941176470588,logistic_regression,isotonic
2545,1,0.7272727272727273,logistic_regression,isotonic
2547,0,0.3252279635258358,logistic_regression,isotonic
2548,0,0.2752293577981651,logistic_regression,isotonic
2552,0,0.45454545454545453,logistic_regression,isotonic
2571,0,0.22758620689655173,logistic_regression,isotonic
2572,0,0.28488372093023256,logistic_regression,isotonic
2576,0,0.45454545454545453,logistic_regression,isotonic
2580,1,0.28488372093023256,logistic_regression,isotonic
2592,0,0.28488372093023256,logistic_regression,isotonic
2593,1,0.2752293577981651,logistic_regression,isotonic
2596,0,0.4852941176470588,logistic_regression,isotonic
2597,1,0.3252279635258358,logistic_regression,isotonic
2602,1,0.3252279635258358,logistic_regression,isotonic
2610,0,0.28488372093023256,logistic_regression,isotonic
2615,0,0.2752293577981651,logistic_regression,isotonic
2616,1,0.5396825396825397,logistic_regression,isotonic
2629,0,0.22758620689655173,logistic_regression,isotonic
2631,0,0.22758620689655173,logistic_regression,isotonic
2632,1,0.28488372093023256,logistic_regression,isotonic
2633,0,0.3252279635258358,logistic_regression,isotonic
2636,0,0.28488372093023256,logistic_regression,isotonic
2655,1,0.4852941176470588,logistic_regression,isotonic
2660,0,0.2752293577981651,logistic_regression,isotonic
2677,1,0.5396825396825397,logistic_regression,isotonic
2686,0,0.3252279635258358,logistic_regression,isotonic
2692,0,0.2631578947368421,logistic_regression,isotonic
2698,0,0.3252279635258358,logistic_regression,isotonic
2704,0,0.28205128205128205,logistic_regression,isotonic
2707,0,0.2631578947368421,logistic_regression,isotonic
2735,0,0.22758620689655173,logistic_regression,isotonic
2747,1,0.5396825396825397,logistic_regression,isotonic
2748,0,0.28488372093023256,logistic_regression,isotonic
2750,0,0.2752293577981651,logistic_regression,isotonic
2755,1,0.5396825396825397,logistic_regression,isotonic
2760,0,0.4,logistic_regression,isotonic
2762,0,0.4,logistic_regression,isotonic
2770,1,0.45454545454545453,logistic_regression,isotonic
2781,0,0.21212121212121213,logistic_regression,isotonic
2785,0,0.2631578947368421,logistic_regression,isotonic
2791,0,0.21212121212121213,logistic_regression,isotonic
2799,0,0.28488372093023256,logistic_regression,isotonic
2816,1,0.7272727272727273,logistic_regression,isotonic
2820,0,0.3252279635258358,logistic_regression,isotonic
2822,0,0.2752293577981651,logistic_regression,isotonic
2828,0,0.2631578947368421,logistic_regression,isotonic
2833,0,0.5396825396825397,logistic_regression,isotonic
2834,0,0.2752293577981651,logistic_regression,isotonic
2835,0,0.3252279635258358,logistic_regression,isotonic
2838,0,0.28488372093023256,logistic_regression,isotonic
2844,1,0.22758620689655173,logistic_regression,isotonic
2853,0,0.3252279635258358,logistic_regression,isotonic
2855,1,0.45454545454545453,logistic_regression,isotonic
2858,1,0.3252279635258358,logistic_regression,isotonic
2864,1,0.28488372093023256,logistic_regression,isotonic
2873,1,0.5,logistic_regression,isotonic
2882,1,0.3252279635258358,logistic_regression,isotonic
2890,1,0.28205128205128205,logistic_regression,isotonic
2904,0,0.3252279635258358,logistic_regression,isotonic
2906,1,0.2631578947368421,logistic_regression,isotonic
2908,0,0.3252279635258358,logistic_regression,isotonic
2913,0,0.5396825396825397,logistic_regression,isotonic
2916,1,0.2752293577981651,logistic_regression,isotonic
2917,1,0.2631578947368421,logistic_regression,isotonic
2918,0,0.2752293577981651,logistic_regression,isotonic
2928,0,0.4852941176470588,logistic_regression,isotonic
2931,0,0.5,logistic_regression,isotonic
2933,1,0.7272727272727273,logistic_regression,isotonic
2935,0,0.3252279635258358,logistic_regression,isotonic
2938,1,0.4852941176470588,logistic_regression,isotonic
2939,1,0.22758620689655173,logistic_regression,isotonic
2944,0,0.28205128205128205,logistic_regression,isotonic
2947,0,0.28488372093023256,logistic_regression,isotonic
2952,0,0.22758620689655173,logistic_regression,isotonic
2965,0,0.22758620689655173,logistic_regression,isotonic
2969,1,0.45454545454545453,logistic_regression,isotonic
2979,0,0.4852941176470588,logistic_regression,isotonic
2984,1,0.5,logistic_regression,isotonic
2988,1,0.5396825396825397,logistic_regression,isotonic
3021,0,0.3252279635258358,logistic_regression,isotonic
3025,0,0.21212121212121213,logistic_regression,isotonic
3027,0,0.21212121212121213,logistic_regression,isotonic
3036,0,0.5396825396825397,logistic_regression,isotonic
3037,0,0.3252279635258358,logistic_regression,isotonic
3038,0,0.2631578947368421,logistic_regression,isotonic
3045,0,0.4852941176470588,logistic_regression,isotonic
3046,0,0.28205128205128205,logistic_regression,isotonic
3056,1,0.3252279635258358,logistic_regression,isotonic
3058,0,0.21212121212121213,logistic_regression,isotonic
3060,0,0.28488372093023256,logistic_regression,isotonic
3064,0,0.3252279635258358,logistic_regression,isotonic
3066,0,0.3252279635258358,logistic_regression,isotonic
3067,1,0.7272727272727273,logistic_regression,isotonic
3087,0,0.20512820512820512,logistic_regression,isotonic
3088,0,0.4852941176470588,logistic_regression,isotonic
3089,1,0.4,logistic_regression,isotonic
3093,1,0.3252279635258358,logistic_regression,isotonic
3097,0,0.2752293577981651,logistic_regression,isotonic
3109,0,0.22758620689655173,logistic_regression,isotonic
3125,0,0.3252279635258358,logistic_regression,isotonic
3126,0,0.3252279635258358,logistic_regression,isotonic
3128,0,0.22758620689655173,logistic_regression,isotonic
3133,0,0.22758620689655173,logistic_regression,isotonic
3146,0,0.5396825396825397,logistic_regression,isotonic
3148,0,0.3252279635258358,logistic_regression,isotonic
3149,1,0.3252279635258358,logistic_regression,isotonic
3153,0,0.2631578947368421,logistic_regression,isotonic
3157,0,0.2752293577981651,logistic_regression,isotonic
3158,1,0.2752293577981651,logistic_regression,isotonic
3168,0,0.22758620689655173,logistic_regression,isotonic
3171,0,0.3252279635258358,logistic_regression,isotonic
3173,0,0.3252279635258358,logistic_regression,isotonic
3174,0,0.3252279635258358,logistic_regression,isotonic
3179,1,0.2752293577981651,logistic_regression,isotonic
3183,1,0.5396825396825397,logistic_regression,isotonic
3187,0,0.28488372093023256,logistic_regression,isotonic
3188,1,0.5396825396825397,logistic_regression,isotonic
3193,1,0.28488372093023256,logistic_regression,isotonic
3195,0,0.5,logistic_regression,isotonic
3196,1,0.20512820512820512,logistic_regression,isotonic
3203,1,0.5396825396825397,logistic_regression,isotonic
3223,0,0.28488372093023256,logistic_regression,isotonic
3224,0,0.4,logistic_regression,isotonic
3229,1,0.5396825396825397,logistic_regression,isotonic
3236,0,0.28488372093023256,logistic_regression,isotonic
3242,0,0.4852941176470588,logistic_regression,isotonic
3245,0,0.20512820512820512,logistic_regression,isotonic
3253,0,0.22758620689655173,logistic_regression,isotonic
3255,0,0.21212121212121213,logistic_regression,isotonic
3270,0,0.22758620689655173,logistic_regression,isotonic
3275,0,0.3252279635258358,logistic_regression,isotonic
3276,1,0.45454545454545453,logistic_regression,isotonic
3281,0,0.2631578947368421,logistic_regression,isotonic
3287,0,0.2631578947368421,logistic_regression,isotonic
3288,0,0.3252279635258358,logistic_regression,isotonic
3296,0,0.2752293577981651,logistic_regression,isotonic
3297,1,0.3252279635258358,logistic_regression,isotonic
3301,0,0.25,logistic_regression,isotonic
3307,0,0.3252279635258358,logistic_regression,isotonic
3319,0,0.22758620689655173,logistic_regression,isotonic
3324,1,0.3252279635258358,logistic_regression,isotonic
3326,1,0.3252279635258358,logistic_regression,isotonic
3339,1,0.20512820512820512,logistic_regression,isotonic
3350,0,0.2752293577981651,logistic_regression,isotonic
3354,0,0.22758620689655173,logistic_regression,isotonic
3355,1,0.5396825396825397,logistic_regression,isotonic
3368,1,0.5396825396825397,logistic_regression,isotonic
3373,0,0.3252279635258358,logistic_regression,isotonic
3386,1,0.5,logistic_regression,isotonic
3388,0,0.28488372093023256,logistic_regression,isotonic
3399,1,0.5396825396825397,logistic_regression,isotonic
3420,0,0.3252279635258358,logistic_regression,isotonic
3426,0,0.2752293577981651,logistic_regression,isotonic
3431,0,0.2752293577981651,logistic_regression,isotonic
3433,0,0.3252279635258358,logistic_regression,isotonic
3437,1,0.4852941176470588,logistic_regression,isotonic
3438,1,0.2631578947368421,logistic_regression,isotonic
3455,0,0.2631578947368421,logistic_regression,isotonic
3457,0,0.2752293577981651,logistic_regression,isotonic
3463,0,0.20512820512820512,logistic_regression,isotonic
3465,1,0.5396825396825397,logistic_regression,isotonic
3468,0,0.20512820512820512,logistic_regression,isotonic
3469,1,0.3252279635258358,logistic_regression,isotonic
3472,1,0.3252279635258358,logistic_regression,isotonic
3475,1,0.3252279635258358,logistic_regression,isotonic
3477,0,0.28205128205128205,logistic_regression,isotonic
3480,1,0.5396825396825397,logistic_regression,isotonic
3484,1,0.3252279635258358,logistic_regression,isotonic
3492,1,0.3252279635258358,logistic_regression,isotonic
3501,0,0.7272727272727273,logistic_regression,isotonic
3519,1,0.3252279635258358,logistic_regression,isotonic
3523,1,0.3252279635258358,logistic_regression,isotonic
3544,1,0.2752293577981651,logistic_regression,isotonic
3553,0,0.2752293577981651,logistic_regression,isotonic
3565,1,0.5396825396825397,logistic_regression,isotonic
3568,0,0.3252279635258358,logistic_regression,isotonic
3572,0,0.28488372093023256,logistic_regression,isotonic
3573,0,0.2752293577981651,logistic_regression,isotonic
3576,1,0.25,logistic_regression,isotonic
3592,1,0.2631578947368421,logistic_regression,isotonic
3594,0,0.2631578947368421,logistic_regression,isotonic
3607,0,0.22758620689655173,logistic_regression,isotonic
3613,0,0.28488372093023256,logistic_regression,isotonic
3618,0,0.28488372093023256,logistic_regression,isotonic
3626,0,0.45454545454545453,logistic_regression,isotonic
3629,1,0.5396825396825397,logistic_regression,isotonic
3646,0,0.5396825396825397,logistic_regression,isotonic
3650,0,0.3252279635258358,logistic_regression,isotonic
3666,0,0.3252279635258358,logistic_regression,isotonic
3679,1,0.22758620689655173,logistic_regression,isotonic
3682,1,0.3252279635258358,logistic_regression,isotonic
3684,1,0.5396825396825397,logistic_regression,isotonic
3691,1,0.3252279635258358,logistic_regression,isotonic
3702,0,0.2752293577981651,logistic_regression,isotonic
3709,0,0.3252279635258358,logistic_regression,isotonic
3733,1,0.4288908122387544,logistic_regression,isotonic
3743,0,0.3252279635258358,logistic_regression,isotonic
3744,1,0.3252279635258358,logistic_regression,isotonic
3751,1,0.2752293577981651,logistic_regression,isotonic
3752,0,0.4852941176470588,logistic_regression,isotonic
3753,0,0.5396825396825397,logistic_regression,isotonic
3759,0,0.28488372093023256,logistic_regression,isotonic
3795,0,0.3252279635258358,logistic_regression,isotonic
3809,1,0.3252279635258358,logistic_regression,isotonic
3810,1,0.3252279635258358,logistic_regression,isotonic
3813,0,0.5396825396825397,logistic_regression,isotonic
3833,1,0.4852941176470588,logistic_regression,isotonic
3836,1,0.28488372093023256,logistic_regression,isotonic
3837,1,0.7272727272727273,logistic_regression,isotonic
3838,0,0.2752293577981651,logistic_regression,isotonic
3847,0,0.3252279635258358,logistic_regression,isotonic
3863,0,0.3252279635258358,logistic_regression,isotonic
3883,1,0.21509429544086225,logistic_regression,isotonic
3886,0,0.21954731060629604,logistic_regression,isotonic
3887,0,0.3252279635258358,logistic_regression,isotonic
3889,0,0.28488372093023256,logistic_regression,isotonic
3896,0,0.5396825396825397,logistic_regression,isotonic
3913,0,0.2752293577981651,logistic_regression,isotonic
3915,0,0.22758620689655173,logistic_regression,isotonic
3920,1,0.7272727272727273,logistic_regression,isotonic
3938,0,0.28488372093023256,logistic_regression,isotonic
3963,1,0.5396825396825397,logistic_regression,isotonic
3965,1,0.28488372093023256,logistic_regression,isotonic
3972,0,0.22758620689655173,logistic_regression,isotonic
3979,1,0.45454545454545453,logistic_regression,isotonic
3980,0,0.2752293577981651,logistic_regression,isotonic
3988,0,0.3252279635258358,logistic_regression,isotonic
4001,0,0.3252279635258358,logistic_regression,isotonic
4002,0,0.22758620689655173,logistic_regression,isotonic
4003,1,0.4852941176470588,logistic_regression,isotonic
4013,0,0.45454545454545453,logistic_regression,isotonic
4018,0,0.2631578947368421,logistic_regression,isotonic
4019,0,0.22758620689655173,logistic_regression,isotonic
4022,1,0.28488372093023256,logistic_regression,isotonic
4028,1,0.4852941176470588,logistic_regression,isotonic
4035,0,0.25,logistic_regression,isotonic
4040,1,0.0,logistic_regression,isotonic
4042,0,0.5396825396825397,logistic_regression,isotonic
4050,1,0.28488372093023256,logistic_regression,isotonic
4053,1,0.7272727272727273,logistic_regression,isotonic
4066,1,0.5,logistic_regression,isotonic
4074,0,0.5396825396825397,logistic_regression,isotonic
4084,0,0.2631578947368421,logistic_regression,isotonic
4093,1,0.7272727272727273,logistic_regression,isotonic
4095,1,0.3252279635258358,logistic_regression,isotonic
4096,0,0.3252279635258358,logistic_regression,isotonic
4098,1,0.3252279635258358,logistic_regression,isotonic
4103,0,0.4852941176470588,logistic_regression,isotonic
4112,1,0.5396825396825397,logistic_regression,isotonic
4126,0,0.28488372093023256,logistic_regression,isotonic
4128,0,0.3252279635258358,logistic_regression,isotonic
4143,0,0.22758620689655173,logistic_regression,isotonic
4145,0,0.5396825396825397,logistic_regression,isotonic
4153,0,0.2752293577981651,logistic_regression,isotonic
4155,0,0.3252279635258358,logistic_regression,isotonic
4156,0,0.20512820512820512,logistic_regression,isotonic
4163,1,0.45454545454545453,logistic_regression,isotonic
4178,0,0.5396825396825397,logistic_regression,isotonic
4185,0,0.28205128205128205,logistic_regression,isotonic
4186,0,0.3252279635258358,logistic_regression,isotonic
4188,0,0.22758620689655173,logistic_regression,isotonic
4190,0,0.5396825396825397,logistic_regression,isotonic
4193,0,0.45454545454545453,logistic_regression,isotonic
4194,0,0.45454545454545453,logistic_regression,isotonic
4195,0,0.2752293577981651,logistic_regression,isotonic
4197,0,0.0,logistic_regression,isotonic
4206,0,0.22758620689655173,logistic_regression,isotonic
4214,1,0.4852941176470588,logistic_regression,isotonic
4217,0,0.5,logistic_regression,isotonic
4219,1,0.4852941176470588,logistic_regression,isotonic
4221,1,0.2631578947368421,logistic_regression,isotonic
4227,1,0.4,logistic_regression,isotonic
4237,0,0.22758620689655173,logistic_regression,isotonic
4245,0,0.3252279635258358,logistic_regression,isotonic
4254,1,0.5396825396825397,logistic_regression,isotonic
4261,0,0.2752293577981651,logistic_regression,isotonic
4271,0,0.3252279635258358,logistic_regression,isotonic
4285,1,0.5396825396825397,logistic_regression,isotonic
4308,1,0.21212121212121213,logistic_regression,isotonic
4315,0,0.2631578947368421,logistic_regression,isotonic
4321,0,0.2631578947368421,logistic_regression,isotonic
4335,1,0.5396825396825397,logistic_regression,isotonic
4348,0,0.3252279635258358,logistic_regression,isotonic
4361,0,0.28488372093023256,logistic_regression,isotonic
4369,0,0.22758620689655173,logistic_regression,isotonic
4375,0,0.5396825396825397,logistic_regression,isotonic
4382,0,0.2752293577981651,logistic_regression,isotonic
4403,0,0.22758620689655173,logistic_regression,isotonic
4404,1,0.28205128205128205,logistic_regression,isotonic
4414,0,0.2752293577981651,logistic_regression,isotonic
4415,1,0.2631578947368421,logistic_regression,isotonic
4423,1,0.3252279635258358,logistic_regression,isotonic
4437,0,0.28488372093023256,logistic_regression,isotonic
4440,0,0.3252279635258358,logistic_regression,isotonic
4444,0,0.3252279635258358,logistic_regression,isotonic
4467,1,0.22758620689655173,logistic_regression,isotonic
4471,0,0.4852941176470588,logistic_regression,isotonic
4477,1,0.5396825396825397,logistic_regression,isotonic
4478,0,0.2752293577981651,logistic_regression,isotonic
4488,0,0.2752293577981651,logistic_regression,isotonic
4492,0,0.28488372093023256,logistic_regression,isotonic
4503,0,0.3252279635258358,logistic_regression,isotonic
4518,0,0.20512820512820512,logistic_regression,isotonic
4523,0,0.28488372093023256,logistic_regression,isotonic
4527,0,0.28488372093023256,logistic_regression,isotonic
4532,1,0.3252279635258358,logistic_regression,isotonic
4536,0,0.21212121212121213,logistic_regression,isotonic
4538,0,0.2752293577981651,logistic_regression,isotonic
4543,0,0.3252279635258358,logistic_regression,isotonic
4550,1,0.28488372093023256,logistic_regression,isotonic
4552,0,0.5396825396825397,logistic_regression,isotonic
4567,0,0.2631578947368421,logistic_regression,isotonic
4570,1,0.5396825396825397,logistic_regression,isotonic
4574,0,0.28488372093023256,logistic_regression,isotonic
4591,0,0.2752293577981651,logistic_regression,isotonic
4601,1,0.2752293577981651,logistic_regression,isotonic
4602,0,0.3252279635258358,logistic_regression,isotonic
4608,0,0.22758620689655173,logistic_regression,isotonic
4609,0,0.4852941176470588,logistic_regression,isotonic
4614,0,0.5396825396825397,logistic_regression,isotonic
4628,1,0.28488372093023256,logistic_regression,isotonic
4629,0,0.2752293577981651,logistic_regression,isotonic
4637,0,0.3252279635258358,logistic_regression,isotonic
4639,1,0.28488372093023256,logistic_regression,isotonic
4642,0,0.28488372093023256,logistic_regression,isotonic
4650,0,0.3252279635258358,logistic_regression,isotonic
4659,0,0.5396825396825397,logistic_regression,isotonic
4673,0,0.2752293577981651,logistic_regression,isotonic
4675,0,0.4852941176470588,logistic_regression,isotonic
4683,1,0.3252279635258358,logistic_regression,isotonic
4684,0,0.5396825396825397,logistic_regression,isotonic
4691,1,0.5,logistic_regression,isotonic
4696,0,0.28488372093023256,logistic_regression,isotonic
4700,0,0.4852941176470588,logistic_regression,isotonic
4706,0,0.28205128205128205,logistic_regression,isotonic
4724,0,0.2752293577981651,logistic_regression,isotonic
4732,0,0.28205128205128205,logistic_regression,isotonic
4744,0,0.2752293577981651,logistic_regression,isotonic
4754,0,0.45454545454545453,logistic_regression,isotonic
4763,0,0.3252279635258358,logistic_regression,isotonic
4766,1,0.3252279635258358,logistic_regression,isotonic
4776,0,0.22758620689655173,logistic_regression,isotonic
4780,1,0.4852941176470588,logistic_regression,isotonic
4786,0,0.28488372093023256,logistic_regression,isotonic
4805,0,0.22758620689655173,logistic_regression,isotonic
4815,1,0.45454545454545453,logistic_regression,isotonic
4823,1,0.7272727272727273,logistic_regression,isotonic
4827,0,0.2752293577981651,logistic_regression,isotonic
4831,0,0.28488372093023256,logistic_regression,isotonic
4838,0,0.22758620689655173,logistic_regression,isotonic
4842,0,0.3252279635258358,logistic_regression,isotonic
4843,0,0.28205128205128205,logistic_regression,isotonic
4852,1,0.22758620689655173,logistic_regression,isotonic
4868,0,0.2631578947368421,logistic_regression,isotonic
4869,0,0.4,logistic_regression,isotonic
4872,0,0.2752293577981651,logistic_regression,isotonic
4883,0,0.5396825396825397,logistic_regression,isotonic
4890,0,0.4852941176470588,logistic_regression,isotonic
4891,0,0.28488372093023256,logistic_regression,isotonic
4911,0,0.0,logistic_regression,isotonic
4936,0,0.2752293577981651,logistic_regression,isotonic
4937,0,0.2752293577981651,logistic_regression,isotonic
4945,0,0.5,logistic_regression,isotonic
4946,1,0.7272727272727273,logistic_regression,isotonic
4957,0,0.28205128205128205,logistic_regression,isotonic
4959,0,0.3252279635258358,logistic_regression,isotonic
4962,1,0.20512820512820512,logistic_regression,isotonic
4967,0,0.2752293577981651,logistic_regression,isotonic
4996,1,0.20512820512820512,logistic_regression,isotonic
4997,0,0.28488372093023256,logistic_regression,isotonic
4999,0,0.20512820512820512,logistic_regression,isotonic
5010,1,0.28488372093023256,logistic_regression,isotonic
5020,0,0.3252279635258358,logistic_regression,isotonic
5022,1,0.5396825396825397,logistic_regression,isotonic
5024,0,0.5,logistic_regression,isotonic
5029,0,0.3252279635258358,logistic_regression,isotonic
5036,0,0.2631578947368421,logistic_regression,isotonic
5042,1,0.22758620689655173,logistic_regression,isotonic
5045,0,0.25,logistic_regression,isotonic
5051,0,0.2752293577981651,logistic_regression,isotonic
5053,1,0.2752293577981651,logistic_regression,isotonic
5059,1,0.4852941176470588,logistic_regression,isotonic
5068,0,0.28205128205128205,logistic_regression,isotonic
5090,1,0.3252279635258358,logistic_regression,isotonic
5097,0,0.3252279635258358,logistic_regression,isotonic
5103,0,0.22758620689655173,logistic_regression,isotonic
5108,1,0.22758620689655173,logistic_regression,isotonic
5114,0,0.3252279635258358,logistic_regression,isotonic
5116,0,0.2631578947368421,logistic_regression,isotonic
5122,0,0.2631578947368421,logistic_regression,isotonic
5126,0,0.2631578947368421,logistic_regression,isotonic
5136,0,0.28488372093023256,logistic_regression,isotonic
5141,0,0.3252279635258358,logistic_regression,isotonic
5145,0,0.22758620689655173,logistic_regression,isotonic
5168,0,0.5396825396825397,logistic_regression,isotonic
5228,0,0.21212121212121213,logistic_regression,isotonic
5238,0,0.28205128205128205,logistic_regression,isotonic
5250,0,0.3252279635258358,logistic_regression,isotonic
5253,0,0.2752293577981651,logistic_regression,isotonic
5261,0,0.3252279635258358,logistic_regression,isotonic
5281,0,0.2752293577981651,logistic_regression,isotonic
5288,0,0.28488372093023256,logistic_regression,isotonic
5289,0,0.3252279635258358,logistic_regression,isotonic
5294,0,0.45454545454545453,logistic_regression,isotonic
5303,0,0.3252279635258358,logistic_regression,isotonic
5308,0,0.22758620689655173,logistic_regression,isotonic
5309,0,0.2752293577981651,logistic_regression,isotonic
5313,0,0.22758620689655173,logistic_regression,isotonic
5316,1,0.2752293577981651,logistic_regression,isotonic
5326,0,0.3252279635258358,logistic_regression,isotonic
5346,0,0.28488372093023256,logistic_regression,isotonic
5351,1,0.28205128205128205,logistic_regression,isotonic
5352,0,0.28488372093023256,logistic_regression,isotonic
5353,1,0.7272727272727273,logistic_regression,isotonic
5361,0,0.3252279635258358,logistic_regression,isotonic
5364,0,0.5396825396825397,logistic_regression,isotonic
5368,1,0.2752293577981651,logistic_regression,isotonic
5372,1,0.5396825396825397,logistic_regression,isotonic
5375,0,0.2752293577981651,logistic_regression,isotonic
5376,1,0.5,logistic_regression,isotonic
5378,0,0.5,logistic_regression,isotonic
5380,0,0.3252279635258358,logistic_regression,isotonic
5384,0,0.2631578947368421,logistic_regression,isotonic
5390,0,0.25335729330550977,logistic_regression,isotonic
5395,0,0.5396825396825397,logistic_regression,isotonic
5402,1,0.22758620689655173,logistic_regression,isotonic
5404,0,0.3252279635258358,logistic_regression,isotonic
5406,1,0.5,logistic_regression,isotonic
5415,0,0.3252279635258358,logistic_regression,isotonic
5438,0,0.25,logistic_regression,isotonic
5458,1,0.5396825396825397,logistic_regression,isotonic
5464,0,0.28488372093023256,logistic_regression,isotonic
5471,0,0.3252279635258358,logistic_regression,isotonic
5475,1,0.5396825396825397,logistic_regression,isotonic
5481,0,0.20512820512820512,logistic_regression,isotonic
5488,0,0.28488372093023256,logistic_regression,isotonic
5490,0,0.28488372093023256,logistic_regression,isotonic
5493,0,0.5396825396825397,logistic_regression,isotonic
5494,0,0.2752293577981651,logistic_regression,isotonic
5497,0,0.2752293577981651,logistic_regression,isotonic
5500,0,0.2752293577981651,logistic_regression,isotonic
5508,0,0.2631578947368421,logistic_regression,isotonic
5509,1,0.3252279635258358,logistic_regression,isotonic
5511,0,0.22758620689655173,logistic_regression,isotonic
5513,0,0.28205128205128205,logistic_regression,isotonic
5515,0,0.28205128205128205,logistic_regression,isotonic
5520,0,0.3252279635258358,logistic_regression,isotonic
5524,1,0.45454545454545453,logistic_regression,isotonic
5544,1,0.3252279635258358,logistic_regression,isotonic
5555,0,0.28488372093023256,logistic_regression,isotonic
5565,0,0.28488372093023256,logistic_regression,isotonic
5588,0,0.28205128205128205,logistic_regression,isotonic
5601,1,0.5396825396825397,logistic_regression,isotonic
5616,1,0.22758620689655173,logistic_regression,isotonic
5622,1,0.2631578947368421,logistic_regression,isotonic
5629,0,0.45454545454545453,logistic_regression,isotonic
5646,0,0.28488372093023256,logistic_regression,isotonic
5659,0,0.2752293577981651,logistic_regression,isotonic
5666,1,0.7272727272727273,logistic_regression,isotonic
5680,0,0.22758620689655173,logistic_regression,isotonic
5681,1,0.4852941176470588,logistic_regression,isotonic
5684,0,0.5396825396825397,logistic_regression,isotonic
5688,1,0.20512820512820512,logistic_regression,isotonic
5693,1,0.5396825396825397,logistic_regression,isotonic
5700,1,0.22758620689655173,logistic_regression,isotonic
5709,0,0.20512820512820512,logistic_regression,isotonic
5715,0,0.22758620689655173,logistic_regression,isotonic
5719,0,0.2631578947368421,logistic_regression,isotonic
5722,1,0.2752293577981651,logistic_regression,isotonic
5728,0,0.2752293577981651,logistic_regression,isotonic
5730,1,0.22758620689655173,logistic_regression,isotonic
5738,0,0.4852941176470588,logistic_regression,isotonic
5742,1,0.7272727272727273,logistic_regression,isotonic
5749,0,0.3252279635258358,logistic_regression,isotonic
5757,0,0.28488372093023256,logistic_regression,isotonic
5773,1,0.3252279635258358,logistic_regression,isotonic
5780,0,0.2752293577981651,logistic_regression,isotonic
5789,1,0.28488372093023256,logistic_regression,isotonic
5790,1,0.5396825396825397,logistic_regression,isotonic
5796,0,0.45454545454545453,logistic_regression,isotonic
5805,0,0.45454545454545453,logistic_regression,isotonic
5806,0,0.28205128205128205,logistic_regression,isotonic
5819,1,0.2752293577981651,logistic_regression,isotonic
5848,1,0.2752293577981651,logistic_regression,isotonic
5871,0,0.3252279635258358,logistic_regression,isotonic
5885,1,0.3252279635258358,logistic_regression,isotonic
5891,1,0.5396825396825397,logistic_regression,isotonic
5898,1,0.22758620689655173,logistic_regression,isotonic
5909,0,0.28488372093023256,logistic_regression,isotonic
5915,0,0.3252279635258358,logistic_regression,isotonic
5917,0,0.4,logistic_regression,isotonic
5919,0,0.28488372093023256,logistic_regression,isotonic
5922,0,0.28205128205128205,logistic_regression,isotonic
5924,0,0.21212121212121213,logistic_regression,isotonic
5929,0,0.2752293577981651,logistic_regression,isotonic
5938,0,0.22758620689655173,logistic_regression,isotonic
5941,1,0.45454545454545453,logistic_regression,isotonic
5950,1,0.3252279635258358,logistic_regression,isotonic
5954,1,0.3252279635258358,logistic_regression,isotonic
5960,1,0.2631578947368421,logistic_regression,isotonic
5968,0,0.20512820512820512,logistic_regression,isotonic
5980,0,0.5396825396825397,logistic_regression,isotonic
5986,0,0.28488372093023256,logistic_regression,isotonic
6000,0,0.4852941176470588,logistic_regression,isotonic
6004,0,0.0,logistic_regression,isotonic
6025,0,0.3252279635258358,logistic_regression,isotonic
6029,1,0.0,logistic_regression,isotonic
6034,0,0.28488372093023256,logistic_regression,isotonic
6039,0,0.22758620689655173,logistic_regression,isotonic
6067,1,0.5396825396825397,logistic_regression,isotonic
6079,1,0.21212121212121213,logistic_regression,isotonic
6090,0,0.25,logistic_regression,isotonic
6094,0,0.3252279635258358,logistic_regression,isotonic
6115,1,0.3252279635258358,logistic_regression,isotonic
6116,1,0.4852941176470588,logistic_regression,isotonic
6118,0,0.28488372093023256,logistic_regression,isotonic
6121,1,0.2752293577981651,logistic_regression,isotonic
6122,0,0.3252279635258358,logistic_regression,isotonic
6131,0,0.28488372093023256,logistic_regression,isotonic
6132,0,0.3252279635258358,logistic_regression,isotonic
6144,0,0.4852941176470588,logistic_regression,isotonic
6146,0,0.5,logistic_regression,isotonic
6153,0,0.2752293577981651,logistic_regression,isotonic
6159,0,0.22758620689655173,logistic_regression,isotonic
6166,0,0.5,logistic_regression,isotonic
6171,1,0.4,logistic_regression,isotonic
6176,0,0.3252279635258358,logistic_regression,isotonic
6178,0,0.22758620689655173,logistic_regression,isotonic
6182,1,0.7272727272727273,logistic_regression,isotonic
6184,1,0.7272727272727273,logistic_regression,isotonic
6185,0,0.21212121212121213,logistic_regression,isotonic
6193,0,0.3252279635258358,logistic_regression,isotonic
6196,0,0.45454545454545453,logistic_regression,isotonic
6197,1,0.22758620689655173,logistic_regression,isotonic
6199,1,0.5396825396825397,logistic_regression,isotonic
6200,1,0.3252279635258358,logistic_regression,isotonic
6211,0,0.22758620689655173,logistic_regression,isotonic
6215,0,0.22758620689655173,logistic_regression,isotonic
6217,1,0.5396825396825397,logistic_regression,isotonic
6225,1,0.5396825396825397,logistic_regression,isotonic
6226,0,0.20512820512820512,logistic_regression,isotonic
6232,0,0.5396825396825397,logistic_regression,isotonic
6237,0,0.5396825396825397,logistic_regression,isotonic
6238,0,0.3252279635258358,logistic_regression,isotonic
6242,1,0.28488372093023256,logistic_regression,isotonic
6244,1,0.5396825396825397,logistic_regression,isotonic
6245,1,0.2752293577981651,logistic_regression,isotonic
6247,0,0.2752293577981651,logistic_regression,isotonic
6255,0,0.28488372093023256,logistic_regression,isotonic
6256,0,0.3252279635258358,logistic_regression,isotonic
6258,0,0.22758620689655173,logistic_regression,isotonic
6297,0,0.28488372093023256,logistic_regression,isotonic
6310,1,0.45454545454545453,logistic_regression,isotonic
6315,1,0.4852941176470588,logistic_regression,isotonic
6320,0,0.4852941176470588,logistic_regression,isotonic
6328,0,0.4,logistic_regression,isotonic
6330,0,0.28488372093023256,logistic_regression,isotonic
6331,0,0.5396825396825397,logistic_regression,isotonic
6334,0,0.28488372093023256,logistic_regression,isotonic
6347,1,0.28488372093023256,logistic_regression,isotonic
6363,0,0.3252279635258358,logistic_regression,isotonic
6364,0,0.20512820512820512,logistic_regression,isotonic
6378,0,0.2752293577981651,logistic_regression,isotonic
6382,1,0.3252279635258358,logistic_regression,isotonic
6398,0,0.21212121212121213,logistic_regression,isotonic
6404,1,0.5396825396825397,logistic_regression,isotonic
6408,0,0.22758620689655173,logistic_regression,isotonic
6416,1,0.2631578947368421,logistic_regression,isotonic
6418,0,0.2752293577981651,logistic_regression,isotonic
6427,0,0.3252279635258358,logistic_regression,isotonic
6429,1,0.4852941176470588,logistic_regression,isotonic
6437,0,0.45454545454545453,logistic_regression,isotonic
6447,1,0.4852941176470588,logistic_regression,isotonic
6460,0,0.28205128205128205,logistic_regression,isotonic
6462,0,0.3252279635258358,logistic_regression,isotonic
6465,1,0.5396825396825397,logistic_regression,isotonic
6466,1,0.3252279635258358,logistic_regression,isotonic
6467,0,0.2752293577981651,logistic_regression,isotonic
6469,1,0.3252279635258358,logistic_regression,isotonic
6470,1,0.28488372093023256,logistic_regression,isotonic
6474,0,0.5396825396825397,logistic_regression,isotonic
6497,0,0.3252279635258358,logistic_regression,isotonic
6499,0,0.2631578947368421,logistic_regression,isotonic
6515,0,0.21212121212121213,logistic_regression,isotonic
6519,0,0.22758620689655173,logistic_regression,isotonic
6526,1,0.2752293577981651,logistic_regression,isotonic
6545,0,0.22758620689655173,logistic_regression,isotonic
6557,1,0.3252279635258358,logistic_regression,isotonic
6558,0,0.22758620689655173,logistic_regression,isotonic
6566,1,0.5396825396825397,logistic_regression,isotonic
6569,0,0.3252279635258358,logistic_regression,isotonic
6575,1,0.5396825396825397,logistic_regression,isotonic
6582,0,0.4852941176470588,logistic_regression,isotonic
6586,0,0.28205128205128205,logistic_regression,isotonic
6603,0,0.2631578947368421,logistic_regression,isotonic
6611,0,0.3252279635258358,logistic_regression,isotonic
6616,0,0.3252279635258358,logistic_regression,isotonic
6617,1,0.45454545454545453,logistic_regression,isotonic
6618,0,0.45454545454545453,logistic_regression,isotonic
6636,0,0.0,logistic_regression,isotonic
6638,0,0.5396825396825397,logistic_regression,isotonic
6649,0,0.5396825396825397,logistic_regression,isotonic
6661,1,0.2752293577981651,logistic_regression,isotonic
6662,0,0.28488372093023256,logistic_regression,isotonic
6664,1,0.2752293577981651,logistic_regression,isotonic
6668,1,0.45454545454545453,logistic_regression,isotonic
6679,0,0.3252279635258358,logistic_regression,isotonic
6707,1,0.21212121212121213,logistic_regression,isotonic
6710,1,0.22758620689655173,logistic_regression,isotonic
6713,1,0.4,logistic_regression,isotonic
6723,0,0.3252279635258358,logistic_regression,isotonic
6726,0,0.3252279635258358,logistic_regression,isotonic
6735,1,0.4852941176470588,logistic_regression,isotonic
6745,1,0.22758620689655173,logistic_regression,isotonic
6759,0,0.28488372093023256,logistic_regression,isotonic
6763,1,0.22758620689655173,logistic_regression,isotonic
6774,0,0.28488372093023256,logistic_regression,isotonic
6775,0,0.4852941176470588,logistic_regression,isotonic
6780,1,0.7272727272727273,logistic_regression,isotonic
6802,0,0.5396825396825397,logistic_regression,isotonic
6810,0,0.5396825396825397,logistic_regression,isotonic
6814,0,0.2752293577981651,logistic_regression,isotonic
6821,0,0.4852941176470588,logistic_regression,isotonic
6834,0,0.5396825396825397,logistic_regression,isotonic
6835,1,0.5396825396825397,logistic_regression,isotonic
6842,0,0.28488372093023256,logistic_regression,isotonic
6861,1,0.28488372093023256,logistic_regression,isotonic
6863,0,0.22758620689655173,logistic_regression,isotonic
6878,0,0.0,logistic_regression,isotonic
6879,0,0.3252279635258358,logistic_regression,isotonic
6887,0,0.5396825396825397,logistic_regression,isotonic
6891,0,0.3252279635258358,logistic_regression,isotonic
6907,1,0.4852941176470588,logistic_regression,isotonic
6910,1,0.3252279635258358,logistic_regression,isotonic
6922,0,0.3252279635258358,logistic_regression,isotonic
6928,0,0.5396825396825397,logistic_regression,isotonic
6929,0,0.22758620689655173,logistic_regression,isotonic
6930,0,0.28488372093023256,logistic_regression,isotonic
6935,0,0.28488372093023256,logistic_regression,isotonic
6951,1,0.5396825396825397,logistic_regression,isotonic
6955,0,0.45454545454545453,logistic_regression,isotonic
6971,0,0.4852941176470588,logistic_regression,isotonic
6989,0,0.2631578947368421,logistic_regression,isotonic
6997,0,0.2752293577981651,logistic_regression,isotonic
7004,1,0.7272727272727273,logistic_regression,isotonic
7006,0,0.3252279635258358,logistic_regression,isotonic
7009,0,0.2752293577981651,logistic_regression,isotonic
7012,0,0.3252279635258358,logistic_regression,isotonic
7022,1,0.3252279635258358,logistic_regression,isotonic
7024,0,0.2631578947368421,logistic_regression,isotonic
7035,1,0.4852941176470588,logistic_regression,isotonic
7046,0,0.2752293577981651,logistic_regression,isotonic
7049,1,0.28488372093023256,logistic_regression,isotonic
7050,0,0.3252279635258358,logistic_regression,isotonic
7058,0,0.2752293577981651,logistic_regression,isotonic
7059,0,0.3252279635258358,logistic_regression,isotonic
7063,0,0.2752293577981651,logistic_regression,isotonic
7074,1,0.4,logistic_regression,isotonic
7075,0,0.5396825396825397,logistic_regression,isotonic
7088,0,0.20512820512820512,logistic_regression,isotonic
7095,1,0.5396825396825397,logistic_regression,isotonic
7110,0,0.3252279635258358,logistic_regression,isotonic
7122,1,0.2631578947368421,logistic_regression,isotonic
7130,0,0.3252279635258358,logistic_regression,isotonic
7138,0,0.25,logistic_regression,isotonic
7142,0,0.5396825396825397,logistic_regression,isotonic
7144,1,0.2752293577981651,logistic_regression,isotonic
7145,0,0.4852941176470588,logistic_regression,isotonic
7153,0,0.3252279635258358,logistic_regression,isotonic
7156,1,0.2752293577981651,logistic_regression,isotonic
7157,0,0.25,logistic_regression,isotonic
7159,0,0.2752293577981651,logistic_regression,isotonic
7171,0,0.2752293577981651,logistic_regression,isotonic
7179,0,0.3252279635258358,logistic_regression,isotonic
7180,0,0.3252279635258358,logistic_regression,isotonic
7185,0,0.20512820512820512,logistic_regression,isotonic
7192,1,0.22758620689655173,logistic_regression,isotonic
7197,0,0.2631578947368421,logistic_regression,isotonic
7202,1,0.22758620689655173,logistic_regression,isotonic
7203,0,0.28488372093023256,logistic_regression,isotonic
7210,1,0.7272727272727273,logistic_regression,isotonic
7213,0,0.3252279635258358,logistic_regression,isotonic
7215,0,0.2752293577981651,logistic_regression,isotonic
7222,1,0.2752293577981651,logistic_regression,isotonic
7229,1,0.2752293577981651,logistic_regression,isotonic
7234,0,0.2752293577981651,logistic_regression,isotonic
7244,1,0.7272727272727273,logistic_regression,isotonic
7245,0,0.7272727272727273,logistic_regression,isotonic
7260,0,0.28488372093023256,logistic_regression,isotonic
7267,0,0.22758620689655173,logistic_regression,isotonic
7270,0,0.2752293577981651,logistic_regression,isotonic
7271,0,0.3252279635258358,logistic_regression,isotonic
7308,0,0.2752293577981651,logistic_regression,isotonic
7312,0,0.28205128205128205,logistic_regression,isotonic
7321,0,0.28205128205128205,logistic_regression,isotonic
7325,1,0.3252279635258358,logistic_regression,isotonic
7327,1,0.5396825396825397,logistic_regression,isotonic
7328,1,0.4,logistic_regression,isotonic
7336,1,0.5396825396825397,logistic_regression,isotonic
7337,1,0.28488372093023256,logistic_regression,isotonic
7352,1,0.22758620689655173,logistic_regression,isotonic
7354,1,0.4852941176470588,logistic_regression,isotonic
7357,0,0.5396825396825397,logistic_regression,isotonic
7359,0,0.2631578947368421,logistic_regression,isotonic
7360,1,0.4,logistic_regression,isotonic
7373,1,0.3252279635258358,logistic_regression,isotonic
7379,1,0.7272727272727273,logistic_regression,isotonic
7386,0,0.2752293577981651,logistic_regression,isotonic
7392,0,0.28488372093023256,logistic_regression,isotonic
7396,1,0.28488372093023256,logistic_regression,isotonic
7397,0,0.20512820512820512,logistic_regression,isotonic
7399,0,0.22758620689655173,logistic_regression,isotonic
7403,0,0.4852941176470588,logistic_regression,isotonic
7404,0,0.2752293577981651,logistic_regression,isotonic
7416,0,0.3252279635258358,logistic_regression,isotonic
7423,0,0.3252279635258358,logistic_regression,isotonic
7424,1,0.5396825396825397,logistic_regression,isotonic
7426,0,0.28488372093023256,logistic_regression,isotonic
7429,1,0.7272727272727273,logistic_regression,isotonic
7438,0,0.28205128205128205,logistic_regression,isotonic
7445,0,0.28488372093023256,logistic_regression,isotonic
7461,0,0.3252279635258358,logistic_regression,isotonic
7466,0,0.2631578947368421,logistic_regression,isotonic
7472,0,0.2752293577981651,logistic_regression,isotonic
7473,0,0.28205128205128205,logistic_regression,isotonic
7482,0,0.21212121212121213,logistic_regression,isotonic
7486,1,0.5,logistic_regression,isotonic
7494,1,0.2631578947368421,logistic_regression,isotonic
7495,0,0.7272727272727273,logistic_regression,isotonic
7497,0,0.3252279635258358,logistic_regression,isotonic
7500,0,0.3252279635258358,logistic_regression,isotonic
7503,0,0.22758620689655173,logistic_regression,isotonic
7504,0,0.3252279635258358,logistic_regression,isotonic
7512,1,0.7272727272727273,logistic_regression,isotonic
7527,1,0.4852941176470588,logistic_regression,isotonic
7528,0,0.28488372093023256,logistic_regression,isotonic
7529,1,0.20512820512820512,logistic_regression,isotonic
7530,1,0.28488372093023256,logistic_regression,isotonic
7531,0,0.2752293577981651,logistic_regression,isotonic
7535,0,0.20512820512820512,logistic_regression,isotonic
7550,1,0.22758620689655173,logistic_regression,isotonic
7558,0,0.0,logistic_regression,isotonic
7605,0,0.3252279635258358,logistic_regression,isotonic
7621,1,0.28488372093023256,logistic_regression,isotonic
7626,1,0.3252279635258358,logistic_regression,isotonic
7628,1,0.4852941176470588,logistic_regression,isotonic
7637,0,0.28488372093023256,logistic_regression,isotonic
7646,0,0.28488372093023256,logistic_regression,isotonic
7648,1,0.3252279635258358,logistic_regression,isotonic
7650,0,0.5396825396825397,logistic_regression,isotonic
7652,0,0.22758620689655173,logistic_regression,isotonic
7655,1,0.22758620689655173,logistic_regression,isotonic
7657,0,0.45454545454545453,logistic_regression,isotonic
7674,0,0.5,logistic_regression,isotonic
7675,1,0.5396825396825397,logistic_regression,isotonic
7686,0,0.28488372093023256,logistic_regression,isotonic
7689,1,0.2752293577981651,logistic_regression,isotonic
7695,0,0.2631578947368421,logistic_regression,isotonic
7699,0,0.28488372093023256,logistic_regression,isotonic
7702,0,0.3252279635258358,logistic_regression,isotonic
7706,1,0.5396825396825397,logistic_regression,isotonic
7710,1,0.7272727272727273,logistic_regression,isotonic
7715,0,0.2752293577981651,logistic_regression,isotonic
7725,1,0.28488372093023256,logistic_regression,isotonic
7729,1,0.5,logistic_regression,isotonic
7730,0,0.20512820512820512,logistic_regression,isotonic
7732,1,0.5396825396825397,logistic_regression,isotonic
7733,1,0.28488372093023256,logistic_regression,isotonic
7737,0,0.3252279635258358,logistic_regression,isotonic
7741,1,0.3252279635258358,logistic_regression,isotonic
7744,0,0.5,logistic_regression,isotonic
7765,0,0.3252279635258358,logistic_regression,isotonic
7767,0,0.28488372093023256,logistic_regression,isotonic
7769,1,0.2631578947368421,logistic_regression,isotonic
7772,0,0.20512820512820512,logistic_regression,isotonic
7780,0,0.28488372093023256,logistic_regression,isotonic
7790,0,0.20512820512820512,logistic_regression,isotonic
7802,0,0.28488372093023256,logistic_regression,isotonic
7824,1,0.3252279635258358,logistic_regression,isotonic
7833,0,0.20512820512820512,logistic_regression,isotonic
7834,1,0.5396825396825397,logistic_regression,isotonic
7836,0,0.2752293577981651,logistic_regression,isotonic
7846,1,0.3252279635258358,logistic_regression,isotonic
7851,1,0.3252279635258358,logistic_regression,isotonic
7865,0,0.3252279635258358,logistic_regression,isotonic
7874,0,0.3252279635258358,logistic_regression,isotonic
7879,0,0.22758620689655173,logistic_regression,isotonic
7882,0,0.21212121212121213,logistic_regression,isotonic
7884,1,0.3252279635258358,logistic_regression,isotonic
7887,0,0.2752293577981651,logistic_regression,isotonic
7892,0,0.28488372093023256,logistic_regression,isotonic
7895,1,0.2752293577981651,logistic_regression,isotonic
7903,0,0.2752293577981651,logistic_regression,isotonic
7908,0,0.3252279635258358,logistic_regression,isotonic
7909,1,0.5396825396825397,logistic_regression,isotonic
7912,0,0.28488372093023256,logistic_regression,isotonic
7934,0,0.3252279635258358,logistic_regression,isotonic
7948,1,0.5396825396825397,logistic_regression,isotonic
7949,0,0.2752293577981651,logistic_regression,isotonic
7950,0,0.3252279635258358,logistic_regression,isotonic
7954,0,0.2752293577981651,logistic_regression,isotonic
7961,0,0.2631578947368421,logistic_regression,isotonic
7975,0,0.22758620689655173,logistic_regression,isotonic
7976,0,0.28488372093023256,logistic_regression,isotonic
7980,0,0.28488372093023256,logistic_regression,isotonic
7981,0,0.21212121212121213,logistic_regression,isotonic
7987,0,0.21212121212121213,logistic_regression,isotonic
7993,1,0.2752293577981651,logistic_regression,isotonic
7999,1,0.28488372093023256,logistic_regression,isotonic
8000,1,0.2752293577981651,logistic_regression,isotonic
8004,0,0.2752293577981651,logistic_regression,isotonic
8019,1,0.45454545454545453,logistic_regression,isotonic
8029,0,0.3252279635258358,logistic_regression,isotonic
8032,1,0.3252279635258358,logistic_regression,isotonic
8035,0,0.2752293577981651,logistic_regression,isotonic
8038,1,0.2752293577981651,logistic_regression,isotonic
8048,0,0.5396825396825397,logistic_regression,isotonic
8067,1,0.3252279635258358,logistic_regression,isotonic
8068,0,0.5396825396825397,logistic_regression,isotonic
8071,0,0.5396825396825397,logistic_regression,isotonic
8072,0,0.5396825396825397,logistic_regression,isotonic
8080,1,0.22758620689655173,logistic_regression,isotonic
8085,0,0.22758620689655173,logistic_regression,isotonic
8087,1,0.28205128205128205,logistic_regression,isotonic
8088,0,0.21212121212121213,logistic_regression,isotonic
8093,0,0.28488372093023256,logistic_regression,isotonic
8098,1,0.5396825396825397,logistic_regression,isotonic
8100,0,0.3252279635258358,logistic_regression,isotonic
8108,1,0.2762869968476402,logistic_regression,isotonic
8120,0,0.3252279635258358,logistic_regression,isotonic
8127,1,0.2752293577981651,logistic_regression,isotonic
8131,1,0.7272727272727273,logistic_regression,isotonic
8134,0,0.5396825396825397,logistic_regression,isotonic
8139,1,0.3252279635258358,logistic_regression,isotonic
8140,0,0.28205128205128205,logistic_regression,isotonic
8141,0,0.28205128205128205,logistic_regression,isotonic
8150,0,0.2752293577981651,logistic_regression,isotonic
8152,0,0.3252279635258358,logistic_regression,isotonic
8156,1,0.5396825396825397,logistic_regression,isotonic
8158,0,0.28488372093023256,logistic_regression,isotonic
8170,0,0.3252279635258358,logistic_regression,isotonic
8173,0,0.5396825396825397,logistic_regression,isotonic
8177,1,0.3252279635258358,logistic_regression,isotonic
8193,1,0.22758620689655173,logistic_regression,isotonic
8197,0,0.5396825396825397,logistic_regression,isotonic
8206,0,0.2752293577981651,logistic_regression,isotonic
8209,0,0.2752293577981651,logistic_regression,isotonic
8216,0,0.2752293577981651,logistic_regression,isotonic
8219,0,0.3252279635258358,logistic_regression,isotonic
8228,0,0.3252279635258358,logistic_regression,isotonic
8237,0,0.5396825396825397,logistic_regression,isotonic
8238,1,0.45454545454545453,logistic_regression,isotonic
8241,0,0.28488372093023256,logistic_regression,isotonic
8269,0,0.45454545454545453,logistic_regression,isotonic
8278,0,0.2752293577981651,logistic_regression,isotonic
8289,1,0.4852941176470588,logistic_regression,isotonic
8295,1,0.3252279635258358,logistic_regression,isotonic
8299,0,0.2631578947368421,logistic_regression,isotonic
8311,0,0.4,logistic_regression,isotonic
8319,0,0.22758620689655173,logistic_regression,isotonic
8334,1,0.3252279635258358,logistic_regression,isotonic
8339,0,0.5396825396825397,logistic_regression,isotonic
8343,0,0.4,logistic_regression,isotonic
8357,0,0.5396825396825397,logistic_regression,isotonic
8366,1,0.5396825396825397,logistic_regression,isotonic
8371,1,0.5396825396825397,logistic_regression,isotonic
8372,0,0.3252279635258358,logistic_regression,isotonic
8374,0,0.5396825396825397,logistic_regression,isotonic
8426,1,0.5396825396825397,logistic_regression,isotonic
8428,0,0.2752293577981651,logistic_regression,isotonic
8429,1,0.5396825396825397,logistic_regression,isotonic
8430,1,0.7272727272727273,logistic_regression,isotonic
8441,1,0.2752293577981651,logistic_regression,isotonic
8446,0,0.22758620689655173,logistic_regression,isotonic
8449,0,0.25,logistic_regression,isotonic
8457,1,0.5,logistic_regression,isotonic
8458,0,0.3252279635258358,logistic_regression,isotonic
8468,0,0.3252279635258358,logistic_regression,isotonic
8487,1,0.28205128205128205,logistic_regression,isotonic
8495,0,0.5396825396825397,logistic_regression,isotonic
8506,0,0.3252279635258358,logistic_regression,isotonic
8508,0,0.21212121212121213,logistic_regression,isotonic
8510,1,0.3252279635258358,logistic_regression,isotonic
8513,0,0.45454545454545453,logistic_regression,isotonic
8544,0,0.3252279635258358,logistic_regression,isotonic
8550,1,0.3252279635258358,logistic_regression,isotonic
8562,1,0.3252279635258358,logistic_regression,isotonic
8568,1,0.5,logistic_regression,isotonic
8569,0,0.2752293577981651,logistic_regression,isotonic
8578,0,0.22758620689655173,logistic_regression,isotonic
8585,0,0.2752293577981651,logistic_regression,isotonic
8590,0,0.3252279635258358,logistic_regression,isotonic
8593,0,0.3252279635258358,logistic_regression,isotonic
8614,1,0.2527968242633868,logistic_regression,isotonic
8620,0,0.2865606010121997,logistic_regression,isotonic
8622,1,0.4,logistic_regression,isotonic
8623,0,0.28488372093023256,logistic_regression,isotonic
8624,1,0.3252279635258358,logistic_regression,isotonic
8629,1,0.45454545454545453,logistic_regression,isotonic
8632,1,0.4852941176470588,logistic_regression,isotonic
8633,0,0.5396825396825397,logistic_regression,isotonic
8635,0,0.2752293577981651,logistic_regression,isotonic
8641,0,0.3252279635258358,logistic_regression,isotonic
8650,0,0.3252279635258358,logistic_regression,isotonic
8652,1,0.5396825396825397,logistic_regression,isotonic
8670,1,0.2752293577981651,logistic_regression,isotonic
8672,1,0.2752293577981651,logistic_regression,isotonic
8674,0,0.22758620689655173,logistic_regression,isotonic
8679,1,0.20512820512820512,logistic_regression,isotonic
8691,0,0.3252279635258358,logistic_regression,isotonic
8700,0,0.3252279635258358,logistic_regression,isotonic
8704,1,0.2631578947368421,logistic_regression,isotonic
8707,0,0.22758620689655173,logistic_regression,isotonic
8711,0,0.3252279635258358,logistic_regression,isotonic
8717,1,0.2631578947368421,logistic_regression,isotonic
8718,0,0.2752293577981651,logistic_regression,isotonic
8731,0,0.22758620689655173,logistic_regression,isotonic
8734,0,0.4852941176470588,logistic_regression,isotonic
8736,0,0.3252279635258358,logistic_regression,isotonic
8738,0,0.22758620689655173,logistic_regression,isotonic
8750,0,0.45454545454545453,logistic_regression,isotonic
8751,0,0.3252279635258358,logistic_regression,isotonic
8758,0,0.2752293577981651,logistic_regression,isotonic
8768,1,0.28488372093023256,logistic_regression,isotonic
8775,0,0.5396825396825397,logistic_regression,isotonic
8783,0,0.5396825396825397,logistic_regression,isotonic
8790,0,0.2752293577981651,logistic_regression,isotonic
8793,0,0.2752293577981651,logistic_regression,isotonic
8795,0,0.3252279635258358,logistic_regression,isotonic
8799,1,0.2752293577981651,logistic_regression,isotonic
8804,0,0.20512820512820512,logistic_regression,isotonic
8810,0,0.3252279635258358,logistic_regression,isotonic
8812,0,0.2752293577981651,logistic_regression,isotonic
8818,0,0.4852941176470588,logistic_regression,isotonic
8825,0,0.22758620689655173,logistic_regression,isotonic
8827,0,0.4852941176470588,logistic_regression,isotonic
8833,0,0.21212121212121213,logistic_regression,isotonic
8836,0,0.28488372093023256,logistic_regression,isotonic
8841,0,0.4,logistic_regression,isotonic
8845,1,0.5,logistic_regression,isotonic
8859,0,0.3252279635258358,logistic_regression,isotonic
8861,1,0.3252279635258358,logistic_regression,isotonic
8868,0,0.3252279635258358,logistic_regression,isotonic
8873,0,0.22758620689655173,logistic_regression,isotonic
8881,0,0.2752293577981651,logistic_regression,isotonic
8882,0,0.5396825396825397,logistic_regression,isotonic
8887,0,0.21212121212121213,logistic_regression,isotonic
8894,0,0.2752293577981651,logistic_regression,isotonic
8895,0,0.03473892615415084,logistic_regression,isotonic
8901,0,0.20512820512820512,logistic_regression,isotonic
8902,0,0.3252279635258358,logistic_regression,isotonic
8913,0,0.28205128205128205,logistic_regression,isotonic
8914,1,0.4852941176470588,logistic_regression,isotonic
8915,1,0.4852941176470588,logistic_regression,isotonic
8917,1,0.7272727272727273,logistic_regression,isotonic
8937,0,0.3252279635258358,logistic_regression,isotonic
8939,1,0.45454545454545453,logistic_regression,isotonic
8951,1,0.28488372093023256,logistic_regression,isotonic
8963,0,0.5396825396825397,logistic_regression,isotonic
8965,1,0.20512820512820512,logistic_regression,isotonic
8972,0,0.2752293577981651,logistic_regression,isotonic
8986,1,0.3252279635258358,logistic_regression,isotonic
8999,1,0.3252279635258358,logistic_regression,isotonic
9000,1,0.4852941176470588,logistic_regression,isotonic
9005,0,0.2752293577981651,logistic_regression,isotonic
9009,1,0.7272727272727273,logistic_regression,isotonic
9012,0,0.3252279635258358,logistic_regression,isotonic
9030,0,0.3252279635258358,logistic_regression,isotonic
9043,0,0.22758620689655173,logistic_regression,isotonic
9054,1,0.5396825396825397,logistic_regression,isotonic
9061,0,0.22758620689655173,logistic_regression,isotonic
9063,1,0.5396825396825397,logistic_regression,isotonic
9065,0,0.28205128205128205,logistic_regression,isotonic
9070,1,0.22758620689655173,logistic_regression,isotonic
9074,1,0.3252279635258358,logistic_regression,isotonic
9086,0,0.25,logistic_regression,isotonic
9087,0,0.20512820512820512,logistic_regression,isotonic
9095,0,0.2631578947368421,logistic_regression,isotonic
9107,0,0.28488372093023256,logistic_regression,isotonic
9112,0,0.0,logistic_regression,isotonic
9114,0,0.2752293577981651,logistic_regression,isotonic
9127,1,0.2752293577981651,logistic_regression,isotonic
9131,0,0.5396825396825397,logistic_regression,isotonic
9144,0,0.5396825396825397,logistic_regression,isotonic
9145,1,0.28488372093023256,logistic_regression,isotonic
9153,0,0.4852941176470588,logistic_regression,isotonic
9167,0,0.45454545454545453,logistic_regression,isotonic
9178,1,0.7272727272727273,logistic_regression,isotonic
9187,0,0.5396825396825397,logistic_regression,isotonic
9190,0,0.45454545454545453,logistic_regression,isotonic
9197,0,0.2752293577981651,logistic_regression,isotonic
9204,0,0.3252279635258358,logistic_regression,isotonic
9209,0,0.28205128205128205,logistic_regression,isotonic
9211,0,0.3252279635258358,logistic_regression,isotonic
9216,0,0.28205128205128205,logistic_regression,isotonic
9217,1,0.5396825396825397,logistic_regression,isotonic
9230,0,0.2752293577981651,logistic_regression,isotonic
9233,1,0.3252279635258358,logistic_regression,isotonic
9238,0,0.7272727272727273,logistic_regression,isotonic
9243,0,0.2752293577981651,logistic_regression,isotonic
9244,0,0.28488372093023256,logistic_regression,isotonic
9245,0,0.22758620689655173,logistic_regression,isotonic
9260,0,0.5396825396825397,logistic_regression,isotonic
9261,1,0.3252279635258358,logistic_regression,isotonic
9276,1,0.22758620689655173,logistic_regression,isotonic
9279,0,0.28488372093023256,logistic_regression,isotonic
9294,0,0.28488372093023256,logistic_regression,isotonic
9314,0,0.4852941176470588,logistic_regression,isotonic
9318,0,0.22758620689655173,logistic_regression,isotonic
9322,0,0.25,logistic_regression,isotonic
9324,0,0.7272727272727273,logistic_regression,isotonic
9356,0,0.28488372093023256,logistic_regression,isotonic
9362,1,0.45454545454545453,logistic_regression,isotonic
9369,1,0.3252279635258358,logistic_regression,isotonic
9371,0,0.0,logistic_regression,isotonic
9379,1,0.3252279635258358,logistic_regression,isotonic
9381,0,0.3252279635258358,logistic_regression,isotonic
9391,0,0.45454545454545453,logistic_regression,isotonic
9393,0,0.4852941176470588,logistic_regression,isotonic
9396,1,0.28488372093023256,logistic_regression,isotonic
9413,1,0.2752293577981651,logistic_regression,isotonic
9417,0,0.22758620689655173,logistic_regression,isotonic
9433,1,0.5,logistic_regression,isotonic
9437,0,0.3252279635258358,logistic_regression,isotonic
9442,0,0.3252279635258358,logistic_regression,isotonic
9457,0,0.2752293577981651,logistic_regression,isotonic
9462,0,0.20512820512820512,logistic_regression,isotonic
9463,0,0.3252279635258358,logistic_regression,isotonic
9465,0,0.2752293577981651,logistic_regression,isotonic
9471,0,0.2752293577981651,logistic_regression,isotonic
9483,1,0.5396825396825397,logistic_regression,isotonic
9490,0,0.5396825396825397,logistic_regression,isotonic
9492,1,0.5396825396825397,logistic_regression,isotonic
9494,0,0.3252279635258358,logistic_regression,isotonic
9496,1,0.28205128205128205,logistic_regression,isotonic
9497,0,0.0,logistic_regression,isotonic
9526,1,0.7272727272727273,logistic_regression,isotonic
9530,0,0.2752293577981651,logistic_regression,isotonic
9534,0,0.7272727272727273,logistic_regression,isotonic
9537,0,0.5396825396825397,logistic_regression,isotonic
9539,1,0.21212121212121213,logistic_regression,isotonic
9545,0,0.28205128205128205,logistic_regression,isotonic
9559,0,0.7272727272727273,logistic_regression,isotonic
9564,0,0.4,logistic_regression,isotonic
9565,0,0.3252279635258358,logistic_regression,isotonic
9569,0,0.22758620689655173,logistic_regression,isotonic
9575,1,0.5396825396825397,logistic_regression,isotonic
9579,0,0.28488372093023256,logistic_regression,isotonic
9581,0,0.3252279635258358,logistic_regression,isotonic
9585,1,0.28488372093023256,logistic_regression,isotonic
9611,1,0.2752293577981651,logistic_regression,isotonic
9620,1,0.28488372093023256,logistic_regression,isotonic
9630,0,0.4852941176470588,logistic_regression,isotonic
9633,1,0.22758620689655173,logistic_regression,isotonic
9636,0,0.28488372093023256,logistic_regression,isotonic
9649,0,0.45454545454545453,logistic_regression,isotonic
9656,0,0.5396825396825397,logistic_regression,isotonic
9674,1,0.7272727272727273,logistic_regression,isotonic
9683,0,0.3252279635258358,logistic_regression,isotonic
9692,1,0.3252279635258358,logistic_regression,isotonic
9693,0,0.5396825396825397,logistic_regression,isotonic
9700,0,0.20512820512820512,logistic_regression,isotonic
9711,0,0.28488372093023256,logistic_regression,isotonic
9712,1,0.5396825396825397,logistic_regression,isotonic
9723,0,0.5396825396825397,logistic_regression,isotonic
9733,0,0.4852941176470588,logistic_regression,isotonic
9741,1,0.4852941176470588,logistic_regression,isotonic
9742,0,0.22758620689655173,logistic_regression,isotonic
9753,1,0.28488372093023256,logistic_regression,isotonic
9765,1,0.5396825396825397,logistic_regression,isotonic
9782,0,0.2752293577981651,logistic_regression,isotonic
9783,1,0.5396825396825397,logistic_regression,isotonic
9786,1,0.4852941176470588,logistic_regression,isotonic
9793,0,0.22758620689655173,logistic_regression,isotonic
9796,0,0.5396825396825397,logistic_regression,isotonic
9797,0,0.25,logistic_regression,isotonic
9808,0,0.28488372093023256,logistic_regression,isotonic
9820,0,0.28488372093023256,logistic_regression,isotonic
9821,0,0.5396825396825397,logistic_regression,isotonic
9824,1,0.5396825396825397,logistic_regression,isotonic
9825,0,0.22758620689655173,logistic_regression,isotonic
9826,0,0.20512820512820512,logistic_regression,isotonic
9835,0,0.28205128205128205,logistic_regression,isotonic
9836,0,0.2752293577981651,logistic_regression,isotonic
9843,0,0.22758620689655173,logistic_regression,isotonic
9846,0,0.3252279635258358,logistic_regression,isotonic
9851,1,0.2752293577981651,logistic_regression,isotonic
9852,0,0.45454545454545453,logistic_regression,isotonic
9854,0,0.28488372093023256,logistic_regression,isotonic
9863,1,0.28488372093023256,logistic_regression,isotonic
9869,0,0.45454545454545453,logistic_regression,isotonic
9882,0,0.22758620689655173,logistic_regression,isotonic
9883,0,0.45454545454545453,logistic_regression,isotonic
9885,0,0.2752293577981651,logistic_regression,isotonic
9893,0,0.0,logistic_regression,isotonic
9896,1,0.28488372093023256,logistic_regression,isotonic
9912,1,0.5396825396825397,logistic_regression,isotonic
9929,0,0.2752293577981651,logistic_regression,isotonic
9950,1,0.5396825396825397,logistic_regression,isotonic
9951,0,0.28488372093023256,logistic_regression,isotonic
9952,0,0.4852941176470588,logistic_regression,isotonic
9955,0,0.5396825396825397,logistic_regression,isotonic
9956,1,0.3252279635258358,logistic_regression,isotonic
9957,0,0.20512820512820512,logistic_regression,isotonic
9966,0,0.2631578947368421,logistic_regression,isotonic
9982,0,0.20512820512820512,logistic_regression,isotonic
9986,1,0.45454545454545453,logistic_regression,isotonic
9998,1,0.2631578947368421,logistic_regression,isotonic
3,1,0.30892042302985523,hist_gradient_boosting,raw
7,0,0.22337212185397212,hist_gradient_boosting,raw
8,0,0.09021488128002558,hist_gradient_boosting,raw
15,1,0.45504172272056853,hist_gradient_boosting,raw
22,0,0.5616203749175678,hist_gradient_boosting,raw
25,0,0.4138645664630727,hist_gradient_boosting,raw
46,1,0.34643103137546194,hist_gradient_boosting,raw
49,0,0.3623519978396723,hist_gradient_boosting,raw
62,0,0.35003673455487005,hist_gradient_boosting,raw
64,1,0.32591203757234805,hist_gradient_boosting,raw
65,1,0.5734053465121768,hist_gradient_boosting,raw
66,0,0.6025642228134311,hist_gradient_boosting,raw
91,0,0.2748624326796034,hist_gradient_boosting,raw
105,0,0.3294602540554243,hist_gradient_boosting,raw
110,1,0.4478352654265993,hist_gradient_boosting,raw
111,1,0.7909768742925645,hist_gradient_boosting,raw
119,1,0.6731866136783167,hist_gradient_boosting,raw
124,0,0.4811995575921936,hist_gradient_boosting,raw
130,1,0.5367759580681796,hist_gradient_boosting,raw
138,1,0.6458542587623038,hist_gradient_boosting,raw
144,1,0.8148111639959896,hist_gradient_boosting,raw
150,0,0.11544874494538082,hist_gradient_boosting,raw
159,0,0.36484564814548265,hist_gradient_boosting,raw
164,0,0.34999079855225385,hist_gradient_boosting,raw
173,0,0.20900104748851556,hist_gradient_boosting,raw
185,0,0.5036303641318515,hist_gradient_boosting,raw
188,0,0.14582002709535163,hist_gradient_boosting,raw
191,1,0.06150055348462224,hist_gradient_boosting,raw
198,0,0.4964486349571823,hist_gradient_boosting,raw
204,1,0.2357303313392056,hist_gradient_boosting,raw
205,0,0.23023394405504521,hist_gradient_boosting,raw
218,1,0.26874117254420393,hist_gradient_boosting,raw
226,0,0.4871781596277369,hist_gradient_boosting,raw
231,0,0.20461663126710572,hist_gradient_boosting,raw
240,0,0.14373737397939604,hist_gradient_boosting,raw
247,1,0.18147782604033275,hist_gradient_boosting,raw
254,0,0.33890285961664485,hist_gradient_boosting,raw
263,0,0.2998551310694852,hist_gradient_boosting,raw
271,0,0.2292655051411401,hist_gradient_boosting,raw
297,1,0.4030091098830152,hist_gradient_boosting,raw
302,0,0.2550080214643117,hist_gradient_boosting,raw
314,0,0.11786554124532382,hist_gradient_boosting,raw
321,1,0.162289625541248,hist_gradient_boosting,raw
327,0,0.15439181870754698,hist_gradient_boosting,raw
331,1,0.2520651759949554,hist_gradient_boosting,raw
340,0,0.495750092791648,hist_gradient_boosting,raw
342,1,0.4681484171437258,hist_gradient_boosting,raw
344,1,0.4745418037983772,hist_gradient_boosting,raw
354,0,0.32861083522639295,hist_gradient_boosting,raw
358,1,0.2254533270004144,hist_gradient_boosting,raw
370,0,0.5557711727848546,hist_gradient_boosting,raw
374,1,0.18263989134558814,hist_gradient_boosting,raw
379,0,0.24811845428707316,hist_gradient_boosting,raw
396,0,0.2973265409537701,hist_gradient_boosting,raw
397,1,0.5209767738648454,hist_gradient_boosting,raw
408,1,0.24052125087905626,hist_gradient_boosting,raw
420,1,0.6258733641867338,hist_gradient_boosting,raw
427,0,0.14926523738021022,hist_gradient_boosting,raw
429,1,0.2749332652505237,hist_gradient_boosting,raw
430,1,0.17819747012426423,hist_gradient_boosting,raw
431,0,0.21227638639888488,hist_gradient_boosting,raw
442,0,0.15001589938702134,hist_gradient_boosting,raw
446,0,0.5097999047623304,hist_gradient_boosting,raw
447,0,0.259888226155515,hist_gradient_boosting,raw
454,1,0.2921385582742892,hist_gradient_boosting,raw
462,0,0.161320721110018,hist_gradient_boosting,raw
474,0,0.21953472006182767,hist_gradient_boosting,raw
475,0,0.27051835040684885,hist_gradient_boosting,raw
483,0,0.3558680650931804,hist_gradient_boosting,raw
489,0,0.4665588334566095,hist_gradient_boosting,raw
502,0,0.13100506524979677,hist_gradient_boosting,raw
506,1,0.9067740068270467,hist_gradient_boosting,raw
512,0,0.4351004288212546,hist_gradient_boosting,raw
514,1,0.35518891743857134,hist_gradient_boosting,raw
521,1,0.7206350435056699,hist_gradient_boosting,raw
530,1,0.2713184980028677,hist_gradient_boosting,raw
535,0,0.1169118929043997,hist_gradient_boosting,raw
536,1,0.3937891942502435,hist_gradient_boosting,raw
539,0,0.26202242099094236,hist_gradient_boosting,raw
544,0,0.19068674021430737,hist_gradient_boosting,raw
554,1,0.46227754932074594,hist_gradient_boosting,raw
560,1,0.49704436876363206,hist_gradient_boosting,raw
566,0,0.47908692655860763,hist_gradient_boosting,raw
572,0,0.18252282457085622,hist_gradient_boosting,raw
574,0,0.4537570835528569,hist_gradient_boosting,raw
587,1,0.3149874731229618,hist_gradient_boosting,raw
590,0,0.27613228682533336,hist_gradient_boosting,raw
597,1,0.4919763663626249,hist_gradient_boosting,raw
598,1,0.48351547416468943,hist_gradient_boosting,raw
601,0,0.4344615654546246,hist_gradient_boosting,raw
602,0,0.27872806998806315,hist_gradient_boosting,raw
605,0,0.37580487783764416,hist_gradient_boosting,raw
609,0,0.24200387256856126,hist_gradient_boosting,raw
610,1,0.4358072601221179,hist_gradient_boosting,raw
611,0,0.5327809452205385,hist_gradient_boosting,raw
616,0,0.4131367868673124,hist_gradient_boosting,raw
617,1,0.4525652283215134,hist_gradient_boosting,raw
628,1,0.29783446256104174,hist_gradient_boosting,raw
630,0,0.4124541278556896,hist_gradient_boosting,raw
632,1,0.4847700568028303,hist_gradient_boosting,raw
636,1,0.22486067203018864,hist_gradient_boosting,raw
640,0,0.5059545171498574,hist_gradient_boosting,raw
643,1,0.3436544341828371,hist_gradient_boosting,raw
645,0,0.4224217617692981,hist_gradient_boosting,raw
653,1,0.6448572825041313,hist_gradient_boosting,raw
656,0,0.4242283932462908,hist_gradient_boosting,raw
671,0,0.13400083538483887,hist_gradient_boosting,raw
675,1,0.3945867700768415,hist_gradient_boosting,raw
683,1,0.35577602274017883,hist_gradient_boosting,raw
693,1,0.33541645270988946,hist_gradient_boosting,raw
706,1,0.3879935291011259,hist_gradient_boosting,raw
712,1,0.2768903011365516,hist_gradient_boosting,raw
716,0,0.27402570405600873,hist_gradient_boosting,raw
720,1,0.41293982398294543,hist_gradient_boosting,raw
721,0,0.6218504294362831,hist_gradient_boosting,raw
742,0,0.2343725853528168,hist_gradient_boosting,raw
761,1,0.3053120086299807,hist_gradient_boosting,raw
785,0,0.41453841242360856,hist_gradient_boosting,raw
791,0,0.21733054485960987,hist_gradient_boosting,raw
807,1,0.2968474756072545,hist_gradient_boosting,raw
808,0,0.26831606805598096,hist_gradient_boosting,raw
810,0,0.4972559570553729,hist_gradient_boosting,raw
811,0,0.17808287479017323,hist_gradient_boosting,raw
817,0,0.42392208091498,hist_gradient_boosting,raw
821,0,0.3953128321492313,hist_gradient_boosting,raw
822,0,0.23007616210640286,hist_gradient_boosting,raw
842,0,0.2718347998203111,hist_gradient_boosting,raw
850,1,0.3335672789241843,hist_gradient_boosting,raw
853,1,0.33535592751707805,hist_gradient_boosting,raw
871,1,0.2535054484605761,hist_gradient_boosting,raw
873,1,0.3755235623482706,hist_gradient_boosting,raw
875,0,0.2473601823955006,hist_gradient_boosting,raw
878,0,0.15950209234751989,hist_gradient_boosting,raw
887,1,0.22245922077841296,hist_gradient_boosting,raw
890,0,0.6717613004306218,hist_gradient_boosting,raw
905,0,0.49782149176737706,hist_gradient_boosting,raw
906,1,0.3178010640236454,hist_gradient_boosting,raw
912,1,0.4478898462734888,hist_gradient_boosting,raw
913,1,0.42202170274978795,hist_gradient_boosting,raw
916,0,0.16713398383745548,hist_gradient_boosting,raw
919,0,0.2809985448686763,hist_gradient_boosting,raw
926,0,0.10634594104402058,hist_gradient_boosting,raw
937,0,0.33746435299081795,hist_gradient_boosting,raw
945,0,0.5778421037106166,hist_gradient_boosting,raw
947,0,0.2106589438627209,hist_gradient_boosting,raw
948,0,0.4041180659508442,hist_gradient_boosting,raw
959,1,0.6275931884826075,hist_gradient_boosting,raw
966,0,0.19586196464828037,hist_gradient_boosting,raw
979,0,0.5967986454584614,hist_gradient_boosting,raw
980,0,0.3013069354845443,hist_gradient_boosting,raw
988,0,0.351858023643839,hist_gradient_boosting,raw
989,0,0.31165712048302086,hist_gradient_boosting,raw
1008,0,0.3840391443422247,hist_gradient_boosting,raw
1011,1,0.47810641089813816,hist_gradient_boosting,raw
1012,1,0.4908836846634605,hist_gradient_boosting,raw
1013,1,0.6618429892515036,hist_gradient_boosting,raw
1034,0,0.5923448060682266,hist_gradient_boosting,raw
1040,0,0.19965326966751568,hist_gradient_boosting,raw
1042,1,0.47621076084789293,hist_gradient_boosting,raw
1046,0,0.29090211657007287,hist_gradient_boosting,raw
1049,0,0.20784958125143455,hist_gradient_boosting,raw
1052,0,0.20877317726042896,hist_gradient_boosting,raw
1073,0,0.35888783536299174,hist_gradient_boosting,raw
1082,0,0.5614535951139401,hist_gradient_boosting,raw
1102,0,0.2852703293072952,hist_gradient_boosting,raw
1104,0,0.29859597261211634,hist_gradient_boosting,raw
1105,0,0.23132223541388322,hist_gradient_boosting,raw
1106,0,0.24950665768470265,hist_gradient_boosting,raw
1115,0,0.23656525642562268,hist_gradient_boosting,raw
1116,1,0.25345497626076824,hist_gradient_boosting,raw
1119,0,0.20062645662082135,hist_gradient_boosting,raw
1121,0,0.5570487020585198,hist_gradient_boosting,raw
1128,0,0.44804529514131114,hist_gradient_boosting,raw
1150,1,0.7355591831220363,hist_gradient_boosting,raw
1158,0,0.19713648189310506,hist_gradient_boosting,raw
1164,0,0.29053472613348097,hist_gradient_boosting,raw
1181,1,0.5871795880071539,hist_gradient_boosting,raw
1183,1,0.4006404290752701,hist_gradient_boosting,raw
1186,1,0.29365621739290587,hist_gradient_boosting,raw
1187,0,0.2302027983266808,hist_gradient_boosting,raw
1189,0,0.23967889501198095,hist_gradient_boosting,raw
1195,1,0.30273498313920844,hist_gradient_boosting,raw
1199,1,0.6239556811948603,hist_gradient_boosting,raw
1206,1,0.23258646803963395,hist_gradient_boosting,raw
1210,1,0.49955947337707757,hist_gradient_boosting,raw
1218,1,0.36850112395842616,hist_gradient_boosting,raw
1219,0,0.3647612873596387,hist_gradient_boosting,raw
1227,1,0.6319512250353043,hist_gradient_boosting,raw
1228,0,0.4993639025660687,hist_gradient_boosting,raw
1229,0,0.5685572444283854,hist_gradient_boosting,raw
1230,0,0.311434948400903,hist_gradient_boosting,raw
1233,0,0.30483795267697406,hist_gradient_boosting,raw
1234,1,0.6366742129932179,hist_gradient_boosting,raw
1237,0,0.21295240351565034,hist_gradient_boosting,raw
1259,1,0.21178336287885619,hist_gradient_boosting,raw
1263,0,0.20933068935688284,hist_gradient_boosting,raw
1274,0,0.35008498899447277,hist_gradient_boosting,raw
1290,1,0.6508534632874513,hist_gradient_boosting,raw
1303,1,0.70532709430108,hist_gradient_boosting,raw
1306,0,0.3526784360705437,hist_gradient_boosting,raw
1310,0,0.6008510757660813,hist_gradient_boosting,raw
1312,0,0.4748066824189032,hist_gradient_boosting,raw
1313,0,0.6309120440145596,hist_gradient_boosting,raw
1316,1,0.8123327783927179,hist_gradient_boosting,raw
1325,0,0.28704315362020694,hist_gradient_boosting,raw
1342,0,0.2127784911375748,hist_gradient_boosting,raw
1344,0,0.34365172110998676,hist_gradient_boosting,raw
1354,0,0.2889032809002359,hist_gradient_boosting,raw
1361,1,0.4710205740433984,hist_gradient_boosting,raw
1362,0,0.1637778778936742,hist_gradient_boosting,raw
1363,0,0.3611717326204998,hist_gradient_boosting,raw
1365,1,0.408263652830088,hist_gradient_boosting,raw
1367,1,0.2139911604252444,hist_gradient_boosting,raw
1378,0,0.24215373324891398,hist_gradient_boosting,raw
1382,0,0.21915898711570767,hist_gradient_boosting,raw
1392,0,0.25605321063925707,hist_gradient_boosting,raw
1405,1,0.2989622497791472,hist_gradient_boosting,raw
1409,0,0.28208364203363867,hist_gradient_boosting,raw
1413,0,0.45973156745447685,hist_gradient_boosting,raw
1414,1,0.4029229238507228,hist_gradient_boosting,raw
1415,0,0.2587418044432614,hist_gradient_boosting,raw
1417,1,0.3259333408721127,hist_gradient_boosting,raw
1419,0,0.24549508832530598,hist_gradient_boosting,raw
1421,0,0.31719079606059675,hist_gradient_boosting,raw
1433,0,0.12372259753463023,hist_gradient_boosting,raw
1443,0,0.21149423106200965,hist_gradient_boosting,raw
1445,0,0.24563537744008349,hist_gradient_boosting,raw
1451,1,0.2543727349680239,hist_gradient_boosting,raw
1452,0,0.6149017234217734,hist_gradient_boosting,raw
1453,0,0.35860922171019294,hist_gradient_boosting,raw
1456,0,0.11952517541314807,hist_gradient_boosting,raw
1466,0,0.881492121971809,hist_gradient_boosting,raw
1485,1,0.502033895131437,hist_gradient_boosting,raw
1489,0,0.24759804297389942,hist_gradient_boosting,raw
1494,0,0.3405743016273671,hist_gradient_boosting,raw
1502,0,0.5279107758152547,hist_gradient_boosting,raw
1508,0,0.4558995372046031,hist_gradient_boosting,raw
1514,0,0.23360142444507243,hist_gradient_boosting,raw
1515,0,0.6692126295175687,hist_gradient_boosting,raw
1520,0,0.2541757284020421,hist_gradient_boosting,raw
1521,0,0.2958686422508643,hist_gradient_boosting,raw
1525,0,0.29104566184424435,hist_gradient_boosting,raw
1526,0,0.19088573320684124,hist_gradient_boosting,raw
1544,0,0.23510780161191758,hist_gradient_boosting,raw
1546,1,0.24969395190291974,hist_gradient_boosting,raw
1556,0,0.3139602190999454,hist_gradient_boosting,raw
1561,0,0.1892535214174832,hist_gradient_boosting,raw
1573,0,0.2768972015922355,hist_gradient_boosting,raw
1577,1,0.4374993689393659,hist_gradient_boosting,raw
1579,1,0.30304051330072923,hist_gradient_boosting,raw
1592,0,0.34914093176346395,hist_gradient_boosting,raw
1595,0,0.395189345017633,hist_gradient_boosting,raw
1596,1,0.5158400440361246,hist_gradient_boosting,raw
1598,0,0.25263710734632566,hist_gradient_boosting,raw
1608,1,0.2222407258587308,hist_gradient_boosting,raw
1612,0,0.3726731721100184,hist_gradient_boosting,raw
1623,0,0.2777602443207123,hist_gradient_boosting,raw
1624,0,0.2073484254947193,hist_gradient_boosting,raw
1625,0,0.18681041804398218,hist_gradient_boosting,raw
1632,0,0.2429728807831146,hist_gradient_boosting,raw
1643,1,0.7038263461813052,hist_gradient_boosting,raw
1648,0,0.3973464397941962,hist_gradient_boosting,raw
1649,0,0.5870366751817658,hist_gradient_boosting,raw
1656,0,0.4566798303830385,hist_gradient_boosting,raw
1657,0,0.2789320494161583,hist_gradient_boosting,raw
1660,1,0.21952178807613995,hist_gradient_boosting,raw
1682,1,0.3106625039467062,hist_gradient_boosting,raw
1684,1,0.10130926596436544,hist_gradient_boosting,raw
1691,1,0.704093629220796,hist_gradient_boosting,raw
1702,1,0.6788529218404833,hist_gradient_boosting,raw
1706,1,0.8756555900651769,hist_gradient_boosting,raw
1728,0,0.24413357666650082,hist_gradient_boosting,raw
1729,1,0.276697568643015,hist_gradient_boosting,raw
1731,1,0.43160561235990086,hist_gradient_boosting,raw
1740,1,0.6500495604124856,hist_gradient_boosting,raw
1750,1,0.5359686760338207,hist_gradient_boosting,raw
1758,1,0.06885664402879103,hist_gradient_boosting,raw
1760,0,0.2265060745650948,hist_gradient_boosting,raw
1763,0,0.22984686987030578,hist_gradient_boosting,raw
1767,0,0.2690902862470643,hist_gradient_boosting,raw
1770,0,0.5705839914190831,hist_gradient_boosting,raw
1773,0,0.8368793515856126,hist_gradient_boosting,raw
1782,0,0.33390709253046685,hist_gradient_boosting,raw
1791,0,0.4391674711263159,hist_gradient_boosting,raw
1797,0,0.4118483899121324,hist_gradient_boosting,raw
1803,0,0.18418731183048792,hist_gradient_boosting,raw
1805,1,0.28920268919580067,hist_gradient_boosting,raw
1822,1,0.6703702625283313,hist_gradient_boosting,raw
1837,0,0.21786772696601056,hist_gradient_boosting,raw
1891,1,0.28415698729992145,hist_gradient_boosting,raw
1900,0,0.2301946164629339,hist_gradient_boosting,raw
1910,0,0.24677766545224825,hist_gradient_boosting,raw
1919,1,0.7009618110560273,hist_gradient_boosting,raw
1921,0,0.7919556998334669,hist_gradient_boosting,raw
1923,0,0.25584968042749345,hist_gradient_boosting,raw
1924,1,0.23571389071231685,hist_gradient_boosting,raw
1926,1,0.5057664013228873,hist_gradient_boosting,raw
1939,0,0.2279292344693436,hist_gradient_boosting,raw
1943,0,0.2932401300969577,hist_gradient_boosting,raw
1953,0,0.381946457699544,hist_gradient_boosting,raw
1955,0,0.20478103137106213,hist_gradient_boosting,raw
1956,0,0.3516217057063386,hist_gradient_boosting,raw
1959,0,0.5103916688375781,hist_gradient_boosting,raw
1960,0,0.13869175393987726,hist_gradient_boosting,raw
1962,0,0.17464257216691673,hist_gradient_boosting,raw
1977,0,0.5493596556242158,hist_gradient_boosting,raw
1983,1,0.6735696088639601,hist_gradient_boosting,raw
1986,0,0.26748184955292004,hist_gradient_boosting,raw
1990,0,0.3158015466732125,hist_gradient_boosting,raw
1991,0,0.24764995562819067,hist_gradient_boosting,raw
1994,0,0.24051681227042837,hist_gradient_boosting,raw
1997,0,0.2237564085492552,hist_gradient_boosting,raw
1999,0,0.13062773977386355,hist_gradient_boosting,raw
2002,1,0.38958085414720867,hist_gradient_boosting,raw
2003,1,0.23594194155393922,hist_gradient_boosting,raw
2021,0,0.48100589752248313,hist_gradient_boosting,raw
2027,1,0.8231477343378323,hist_gradient_boosting,raw
2030,0,0.43833839955269993,hist_gradient_boosting,raw
2032,1,0.8661996279486192,hist_gradient_boosting,raw
2060,0,0.2282264245740794,hist_gradient_boosting,raw
2076,0,0.33243505013454666,hist_gradient_boosting,raw
2077,1,0.20677818842440915,hist_gradient_boosting,raw
2079,0,0.5381527230333931,hist_gradient_boosting,raw
2089,0,0.3911401222758906,hist_gradient_boosting,raw
2096,0,0.37052718116770617,hist_gradient_boosting,raw
2107,1,0.5790915420647205,hist_gradient_boosting,raw
2108,1,0.6113175488688084,hist_gradient_boosting,raw
2113,0,0.13740808123355416,hist_gradient_boosting,raw
2120,0,0.20713202143113324,hist_gradient_boosting,raw
2122,0,0.22558407623591167,hist_gradient_boosting,raw
2126,1,0.41991165385571866,hist_gradient_boosting,raw
2128,0,0.1838555744299402,hist_gradient_boosting,raw
2129,0,0.28997992858857635,hist_gradient_boosting,raw
2155,1,0.5508039734338428,hist_gradient_boosting,raw
2156,1,0.18020565903711874,hist_gradient_boosting,raw
2161,1,0.6501184734132892,hist_gradient_boosting,raw
2165,0,0.41458763914980423,hist_gradient_boosting,raw
2166,1,0.34371785711349273,hist_gradient_boosting,raw
2171,1,0.5162833214458556,hist_gradient_boosting,raw
2177,0,0.5798603175366611,hist_gradient_boosting,raw
2198,1,0.5054044354223656,hist_gradient_boosting,raw
2205,0,0.2591280433204176,hist_gradient_boosting,raw
2210,0,0.25959136023588725,hist_gradient_boosting,raw
2212,0,0.3379649888401287,hist_gradient_boosting,raw
2232,0,0.24742981704530317,hist_gradient_boosting,raw
2238,0,0.3341349505937143,hist_gradient_boosting,raw
2243,0,0.1504510621532798,hist_gradient_boosting,raw
2245,1,0.2991926011635871,hist_gradient_boosting,raw
2247,0,0.2563049847455722,hist_gradient_boosting,raw
2252,0,0.46134021995066243,hist_gradient_boosting,raw
2264,0,0.2731462845946779,hist_gradient_boosting,raw
2276,0,0.18456612538946873,hist_gradient_boosting,raw
2281,1,0.574595021186138,hist_gradient_boosting,raw
2292,0,0.161404463839623,hist_gradient_boosting,raw
2300,0,0.2662673856764505,hist_gradient_boosting,raw
2304,1,0.8364737386251526,hist_gradient_boosting,raw
2305,1,0.30998375163092073,hist_gradient_boosting,raw
2308,1,0.41729860460398993,hist_gradient_boosting,raw
2327,0,0.2953872278457037,hist_gradient_boosting,raw
2333,0,0.22067151600655166,hist_gradient_boosting,raw
2341,1,0.2720803291450399,hist_gradient_boosting,raw
2342,0,0.34945361551416276,hist_gradient_boosting,raw
2352,0,0.27550146147975646,hist_gradient_boosting,raw
2362,1,0.25764086402269376,hist_gradient_boosting,raw
2363,1,0.33602537465710924,hist_gradient_boosting,raw
2373,0,0.2411435590980875,hist_gradient_boosting,raw
2383,0,0.1409357447603953,hist_gradient_boosting,raw
2386,1,0.31322816532209696,hist_gradient_boosting,raw
2399,1,0.268076062404049,hist_gradient_boosting,raw
2403,0,0.4275739729575632,hist_gradient_boosting,raw
2410,0,0.5847574926969833,hist_gradient_boosting,raw
2411,1,0.6554890505880395,hist_gradient_boosting,raw
2412,0,0.7389296080478557,hist_gradient_boosting,raw
2414,0,0.3449112560736061,hist_gradient_boosting,raw
2418,0,0.2692539920510619,hist_gradient_boosting,raw
2424,0,0.16893848483962273,hist_gradient_boosting,raw
2433,0,0.4049555393871489,hist_gradient_boosting,raw
2436,1,0.5791791920639754,hist_gradient_boosting,raw
2450,1,0.7105473340983206,hist_gradient_boosting,raw
2452,0,0.5067029608462513,hist_gradient_boosting,raw
2461,0,0.47564708300136543,hist_gradient_boosting,raw
2463,0,0.3646083318619571,hist_gradient_boosting,raw
2474,1,0.6888293338029196,hist_gradient_boosting,raw
2484,0,0.23493146242673144,hist_gradient_boosting,raw
2490,1,0.34446240387209437,hist_gradient_boosting,raw
2499,0,0.3184151838612332,hist_gradient_boosting,raw
2506,0,0.46616348460900203,hist_gradient_boosting,raw
2517,1,0.26201369420251946,hist_gradient_boosting,raw
2522,0,0.5335607087752199,hist_gradient_boosting,raw
2524,0,0.5878673522773991,hist_gradient_boosting,raw
2533,1,0.6698244911293517,hist_gradient_boosting,raw
2534,0,0.14204889357116068,hist_gradient_boosting,raw
2542,1,0.47145309656845663,hist_gradient_boosting,raw
2545,1,0.7354929595278679,hist_gradient_boosting,raw
2547,0,0.29249805574482535,hist_gradient_boosting,raw
2548,0,0.1465052779307232,hist_gradient_boosting,raw
2552,0,0.4433884123475578,hist_gradient_boosting,raw
2571,0,0.21571130255804538,hist_gradient_boosting,raw
2572,0,0.22826716469338673,hist_gradient_boosting,raw
2576,0,0.42172976024273995,hist_gradient_boosting,raw
2580,1,0.27883726334169623,hist_gradient_boosting,raw
2592,0,0.25849041533478995,hist_gradient_boosting,raw
2593,1,0.2504250646497244,hist_gradient_boosting,raw
2596,0,0.5644371904209287,hist_gradient_boosting,raw
2597,1,0.4327464292792522,hist_gradient_boosting,raw
2602,1,0.37724237470723654,hist_gradient_boosting,raw
2610,0,0.2892641274085865,hist_gradient_boosting,raw
2615,0,0.19279684047948414,hist_gradient_boosting,raw
2616,1,0.6876224579067441,hist_gradient_boosting,raw
2629,0,0.21765660391137592,hist_gradient_boosting,raw
2631,0,0.20582210842742993,hist_gradient_boosting,raw
2632,1,0.24989742985617042,hist_gradient_boosting,raw
2633,0,0.31328839194766683,hist_gradient_boosting,raw
2636,0,0.22454327887037998,hist_gradient_boosting,raw
2655,1,0.47472179332849285,hist_gradient_boosting,raw
2660,0,0.17475539426016842,hist_gradient_boosting,raw
2677,1,0.4702839191020802,hist_gradient_boosting,raw
2686,0,0.16145062318052253,hist_gradient_boosting,raw
2692,0,0.24221866251229235,hist_gradient_boosting,raw
2698,0,0.19608372080472186,hist_gradient_boosting,raw
2704,0,0.18042052494273178,hist_gradient_boosting,raw
2707,0,0.2545657611370795,hist_gradient_boosting,raw
2735,0,0.24727163078195594,hist_gradient_boosting,raw
2747,1,0.4004693919196341,hist_gradient_boosting,raw
2748,0,0.2658896132646291,hist_gradient_boosting,raw
2750,0,0.21448349465160363,hist_gradient_boosting,raw
2755,1,0.6994271555157688,hist_gradient_boosting,raw
2760,0,0.41105430569281987,hist_gradient_boosting,raw
2762,0,0.30064011682826064,hist_gradient_boosting,raw
2770,1,0.4599494091973118,hist_gradient_boosting,raw
2781,0,0.1873305016131395,hist_gradient_boosting,raw
2785,0,0.2499509092288814,hist_gradient_boosting,raw
2791,0,0.2659580207179142,hist_gradient_boosting,raw
2799,0,0.3082031035945328,hist_gradient_boosting,raw
2816,1,0.7079739068313667,hist_gradient_boosting,raw
2820,0,0.29039914928662425,hist_gradient_boosting,raw
2822,0,0.1957288326696614,hist_gradient_boosting,raw
2828,0,0.23084299445492662,hist_gradient_boosting,raw
2833,0,0.5519780574744895,hist_gradient_boosting,raw
2834,0,0.2939052075339826,hist_gradient_boosting,raw
2835,0,0.317350353916782,hist_gradient_boosting,raw
2838,0,0.2530082407838016,hist_gradient_boosting,raw
2844,1,0.18775780088045663,hist_gradient_boosting,raw
2853,0,0.27727982573366483,hist_gradient_boosting,raw
2855,1,0.42902755505558976,hist_gradient_boosting,raw
2858,1,0.35403257534348287,hist_gradient_boosting,raw
2864,1,0.31554556144376705,hist_gradient_boosting,raw
2873,1,0.3485757147231603,hist_gradient_boosting,raw
2882,1,0.41577577747204214,hist_gradient_boosting,raw
2890,1,0.2608801504417241,hist_gradient_boosting,raw
2904,0,0.22784850509797341,hist_gradient_boosting,raw
2906,1,0.33737366384194356,hist_gradient_boosting,raw
2908,0,0.20418938271448722,hist_gradient_boosting,raw
2913,0,0.5450429929634392,hist_gradient_boosting,raw
2916,1,0.24668623496332548,hist_gradient_boosting,raw
2917,1,0.1742018547570146,hist_gradient_boosting,raw
2918,0,0.18758218136607271,hist_gradient_boosting,raw
2928,0,0.5791875803492301,hist_gradient_boosting,raw
2931,0,0.4329499977654302,hist_gradient_boosting,raw
2933,1,0.8662914547067573,hist_gradient_boosting,raw
2935,0,0.3702733813680247,hist_gradient_boosting,raw
2938,1,0.43690946747198167,hist_gradient_boosting,raw
2939,1,0.15567935047778708,hist_gradient_boosting,raw
2944,0,0.3026900272074807,hist_gradient_boosting,raw
2947,0,0.25749144608716246,hist_gradient_boosting,raw
2952,0,0.24713622752800113,hist_gradient_boosting,raw
2965,0,0.14986673976882103,hist_gradient_boosting,raw
2969,1,0.4735949336129491,hist_gradient_boosting,raw
2979,0,0.5524281013595308,hist_gradient_boosting,raw
2984,1,0.35137808833225226,hist_gradient_boosting,raw
2988,1,0.607666813721912,hist_gradient_boosting,raw
3021,0,0.19462963478202944,hist_gradient_boosting,raw
3025,0,0.4355531390094577,hist_gradient_boosting,raw
3027,0,0.23628424679296378,hist_gradient_boosting,raw
3036,0,0.6396146985760928,hist_gradient_boosting,raw
3037,0,0.23075147035011653,hist_gradient_boosting,raw
3038,0,0.2199158402699002,hist_gradient_boosting,raw
3045,0,0.3343475459696375,hist_gradient_boosting,raw
3046,0,0.32195078649274783,hist_gradient_boosting,raw
3056,1,0.2874820158741589,hist_gradient_boosting,raw
3058,0,0.41909459816127714,hist_gradient_boosting,raw
3060,0,0.21050026406684808,hist_gradient_boosting,raw
3064,0,0.382631206413359,hist_gradient_boosting,raw
3066,0,0.2557958573971686,hist_gradient_boosting,raw
3067,1,0.81467809630668,hist_gradient_boosting,raw
3087,0,0.15125029008957225,hist_gradient_boosting,raw
3088,0,0.46956567504047697,hist_gradient_boosting,raw
3089,1,0.39986148568260615,hist_gradient_boosting,raw
3093,1,0.41816102757356927,hist_gradient_boosting,raw
3097,0,0.19731409959463486,hist_gradient_boosting,raw
3109,0,0.12085628366241842,hist_gradient_boosting,raw
3125,0,0.28713247685078785,hist_gradient_boosting,raw
3126,0,0.20257171057776244,hist_gradient_boosting,raw
3128,0,0.3007014782821093,hist_gradient_boosting,raw
3133,0,0.1565268256474039,hist_gradient_boosting,raw
3146,0,0.3974936766015422,hist_gradient_boosting,raw
3148,0,0.34939432906461193,hist_gradient_boosting,raw
3149,1,0.3842682091866553,hist_gradient_boosting,raw
3153,0,0.18780751695947462,hist_gradient_boosting,raw
3157,0,0.20344070197992595,hist_gradient_boosting,raw
3158,1,0.27587279475366655,hist_gradient_boosting,raw
3168,0,0.22082842182256507,hist_gradient_boosting,raw
3171,0,0.35246344835936483,hist_gradient_boosting,raw
3173,0,0.3838674444920497,hist_gradient_boosting,raw
3174,0,0.5110909900987041,hist_gradient_boosting,raw
3179,1,0.2055581301258689,hist_gradient_boosting,raw
3183,1,0.5604506485050954,hist_gradient_boosting,raw
3187,0,0.31637660360462816,hist_gradient_boosting,raw
3188,1,0.44219249506343555,hist_gradient_boosting,raw
3193,1,0.20161900671061972,hist_gradient_boosting,raw
3195,0,0.4949274129689487,hist_gradient_boosting,raw
3196,1,0.13372394005062319,hist_gradient_boosting,raw
3203,1,0.5200244160023552,hist_gradient_boosting,raw
3223,0,0.22198686333701748,hist_gradient_boosting,raw
3224,0,0.48507227791281243,hist_gradient_boosting,raw
3229,1,0.48271187127965853,hist_gradient_boosting,raw
3236,0,0.33615665791964505,hist_gradient_boosting,raw
3242,0,0.45247860856975786,hist_gradient_boosting,raw
3245,0,0.11117320334240709,hist_gradient_boosting,raw
3253,0,0.1773311934950932,hist_gradient_boosting,raw
3255,0,0.21235325621326775,hist_gradient_boosting,raw
3270,0,0.1320672119390156,hist_gradient_boosting,raw
3275,0,0.31494848052953284,hist_gradient_boosting,raw
3276,1,0.324873129696037,hist_gradient_boosting,raw
3281,0,0.24805689628631125,hist_gradient_boosting,raw
3287,0,0.33568723844132903,hist_gradient_boosting,raw
3288,0,0.5956126186269183,hist_gradient_boosting,raw
3296,0,0.18569865914743375,hist_gradient_boosting,raw
3297,1,0.2437675462637535,hist_gradient_boosting,raw
3301,0,0.1396804277324334,hist_gradient_boosting,raw
3307,0,0.19074132455198886,hist_gradient_boosting,raw
3319,0,0.4581562299459227,hist_gradient_boosting,raw
3324,1,0.3507841149225081,hist_gradient_boosting,raw
3326,1,0.4352413352103095,hist_gradient_boosting,raw
3339,1,0.1336628378932134,hist_gradient_boosting,raw
3350,0,0.3131612721441901,hist_gradient_boosting,raw
3354,0,0.3228085573895142,hist_gradient_boosting,raw
3355,1,0.5480885108916119,hist_gradient_boosting,raw
3368,1,0.5884044795763698,hist_gradient_boosting,raw
3373,0,0.26100615583561554,hist_gradient_boosting,raw
3386,1,0.4156627158006531,hist_gradient_boosting,raw
3388,0,0.33020980329886185,hist_gradient_boosting,raw
3399,1,0.46926625148025003,hist_gradient_boosting,raw
3420,0,0.2989958885728945,hist_gradient_boosting,raw
3426,0,0.25979502800279736,hist_gradient_boosting,raw
3431,0,0.20615413690606532,hist_gradient_boosting,raw
3433,0,0.15746838054238624,hist_gradient_boosting,raw
3437,1,0.31691439731988175,hist_gradient_boosting,raw
3438,1,0.13692760618597866,hist_gradient_boosting,raw
3455,0,0.20719377630496022,hist_gradient_boosting,raw
3457,0,0.40629731741041697,hist_gradient_boosting,raw
3463,0,0.2544136716078891,hist_gradient_boosting,raw
3465,1,0.6875123023008222,hist_gradient_boosting,raw
3468,0,0.31086282176488694,hist_gradient_boosting,raw
3469,1,0.29386518371500503,hist_gradient_boosting,raw
3472,1,0.40625813159811724,hist_gradient_boosting,raw
3475,1,0.43819263072367887,hist_gradient_boosting,raw
3477,0,0.21728228934209895,hist_gradient_boosting,raw
3480,1,0.416000911521079,hist_gradient_boosting,raw
3484,1,0.288205453691524,hist_gradient_boosting,raw
3492,1,0.2699996600732602,hist_gradient_boosting,raw
3501,0,0.6131346148959131,hist_gradient_boosting,raw
3519,1,0.43629545187343066,hist_gradient_boosting,raw
3523,1,0.41085672860575284,hist_gradient_boosting,raw
3544,1,0.204422462770065,hist_gradient_boosting,raw
3553,0,0.2056303079408378,hist_gradient_boosting,raw
3565,1,0.5486858413922382,hist_gradient_boosting,raw
3568,0,0.4822502956320157,hist_gradient_boosting,raw
3572,0,0.2991426028039053,hist_gradient_boosting,raw
3573,0,0.17121233517492748,hist_gradient_boosting,raw
3576,1,0.2431687739190491,hist_gradient_boosting,raw
3592,1,0.2462584589453597,hist_gradient_boosting,raw
3594,0,0.2028324722101822,hist_gradient_boosting,raw
3607,0,0.24879045816954953,hist_gradient_boosting,raw
3613,0,0.29678121331745666,hist_gradient_boosting,raw
3618,0,0.32344938883195135,hist_gradient_boosting,raw
3626,0,0.43598724936636074,hist_gradient_boosting,raw
3629,1,0.5490950102561899,hist_gradient_boosting,raw
3646,0,0.4996086419413791,hist_gradient_boosting,raw
3650,0,0.3655530585900336,hist_gradient_boosting,raw
3666,0,0.43307545646441664,hist_gradient_boosting,raw
3679,1,0.13014771819445936,hist_gradient_boosting,raw
3682,1,0.4512151916967961,hist_gradient_boosting,raw
3684,1,0.4524615360385728,hist_gradient_boosting,raw
3691,1,0.18228729815276828,hist_gradient_boosting,raw
3702,0,0.2874035839829894,hist_gradient_boosting,raw
3709,0,0.21053038921211303,hist_gradient_boosting,raw
3733,1,0.28447712647372486,hist_gradient_boosting,raw
3743,0,0.42789790774684516,hist_gradient_boosting,raw
3744,1,0.4325963746039644,hist_gradient_boosting,raw
3751,1,0.3849262975702323,hist_gradient_boosting,raw
3752,0,0.3309210373433821,hist_gradient_boosting,raw
3753,0,0.5284463045912831,hist_gradient_boosting,raw
3759,0,0.25265516878558847,hist_gradient_boosting,raw
3795,0,0.4323371390302058,hist_gradient_boosting,raw
3809,1,0.26377361812800443,hist_gradient_boosting,raw
3810,1,0.2761445237661844,hist_gradient_boosting,raw
3813,0,0.8380876331622681,hist_gradient_boosting,raw
3833,1,0.452667575627916,hist_gradient_boosting,raw
3836,1,0.2017382878935221,hist_gradient_boosting,raw
3837,1,0.8682917606892293,hist_gradient_boosting,raw
3838,0,0.2815984042838065,hist_gradient_boosting,raw
3847,0,0.45605122185498403,hist_gradient_boosting,raw
3863,0,0.33588153811357446,hist_gradient_boosting,raw
3883,1,0.21493444454039212,hist_gradient_boosting,raw
3886,0,0.32791486376861667,hist_gradient_boosting,raw
3887,0,0.2844948424364497,hist_gradient_boosting,raw
3889,0,0.2553308945223414,hist_gradient_boosting,raw
3896,0,0.7164953740674491,hist_gradient_boosting,raw
3913,0,0.24436121351544668,hist_gradient_boosting,raw
3915,0,0.20082805147027707,hist_gradient_boosting,raw
3920,1,0.9159987401782834,hist_gradient_boosting,raw
3938,0,0.41828969163486746,hist_gradient_boosting,raw
3963,1,0.7815075690591379,hist_gradient_boosting,raw
3965,1,0.2654460151249909,hist_gradient_boosting,raw
3972,0,0.11031736378975503,hist_gradient_boosting,raw
3979,1,0.5481000062912548,hist_gradient_boosting,raw
3980,0,0.30068261254762796,hist_gradient_boosting,raw
3988,0,0.3216618741612213,hist_gradient_boosting,raw
4001,0,0.3971413294244035,hist_gradient_boosting,raw
4002,0,0.21978638254098665,hist_gradient_boosting,raw
4003,1,0.39842945680375785,hist_gradient_boosting,raw
4013,0,0.3598490250285779,hist_gradient_boosting,raw
4018,0,0.1939600151172898,hist_gradient_boosting,raw
4019,0,0.1996644891610646,hist_gradient_boosting,raw
4022,1,0.3107511269556441,hist_gradient_boosting,raw
4028,1,0.49851496882037594,hist_gradient_boosting,raw
4035,0,0.16568400437537142,hist_gradient_boosting,raw
4040,1,0.12759672115202844,hist_gradient_boosting,raw
4042,0,0.46556357481153293,hist_gradient_boosting,raw
4050,1,0.16337164550425218,hist_gradient_boosting,raw
4053,1,0.8806057949049494,hist_gradient_boosting,raw
4066,1,0.4747957008841052,hist_gradient_boosting,raw
4074,0,0.47723656360842,hist_gradient_boosting,raw
4084,0,0.1751086535209601,hist_gradient_boosting,raw
4093,1,0.7689881694638181,hist_gradient_boosting,raw
4095,1,0.36549110196267076,hist_gradient_boosting,raw
4096,0,0.27320519682895733,hist_gradient_boosting,raw
4098,1,0.22124860342795571,hist_gradient_boosting,raw
4103,0,0.44370967660150373,hist_gradient_boosting,raw
4112,1,0.5268540596729143,hist_gradient_boosting,raw
4126,0,0.22131282305992814,hist_gradient_boosting,raw
4128,0,0.3827032472035295,hist_gradient_boosting,raw
4143,0,0.24250324123843298,hist_gradient_boosting,raw
4145,0,0.6511649149701295,hist_gradient_boosting,raw
4153,0,0.16915366993187747,hist_gradient_boosting,raw
4155,0,0.3483472673102594,hist_gradient_boosting,raw
4156,0,0.25696637520405746,hist_gradient_boosting,raw
4163,1,0.40595758787386194,hist_gradient_boosting,raw
4178,0,0.30832550163836975,hist_gradient_boosting,raw
4185,0,0.29007452756819907,hist_gradient_boosting,raw
4186,0,0.3481651283902926,hist_gradient_boosting,raw
4188,0,0.16659481669516324,hist_gradient_boosting,raw
4190,0,0.47963661430859883,hist_gradient_boosting,raw
4193,0,0.4403160824844337,hist_gradient_boosting,raw
4194,0,0.35510359134274266,hist_gradient_boosting,raw
4195,0,0.16537752472452516,hist_gradient_boosting,raw
4197,0,0.13275734802299052,hist_gradient_boosting,raw
4206,0,0.2199040806872954,hist_gradient_boosting,raw
4214,1,0.5290662015325126,hist_gradient_boosting,raw
4217,0,0.4490677857067198,hist_gradient_boosting,raw
4219,1,0.43064187981488056,hist_gradient_boosting,raw
4221,1,0.19806555451139388,hist_gradient_boosting,raw
4227,1,0.4058349143889748,hist_gradient_boosting,raw
4237,0,0.17084367026083533,hist_gradient_boosting,raw
4245,0,0.30501889253500564,hist_gradient_boosting,raw
4254,1,0.7817881123581875,hist_gradient_boosting,raw
4261,0,0.2515978407405155,hist_gradient_boosting,raw
4271,0,0.36935695119309064,hist_gradient_boosting,raw
4285,1,0.49450169450582754,hist_gradient_boosting,raw
4308,1,0.213324931860471,hist_gradient_boosting,raw
4315,0,0.19454095504656452,hist_gradient_boosting,raw
4321,0,0.27923583534227153,hist_gradient_boosting,raw
4335,1,0.4915606062394357,hist_gradient_boosting,raw
4348,0,0.3841373318747624,hist_gradient_boosting,raw
4361,0,0.17549429681913065,hist_gradient_boosting,raw
4369,0,0.14385229343753334,hist_gradient_boosting,raw
4375,0,0.29127207618575635,hist_gradient_boosting,raw
4382,0,0.23967454491431525,hist_gradient_boosting,raw
4403,0,0.22225347280128369,hist_gradient_boosting,raw
4404,1,0.36947168043949463,hist_gradient_boosting,raw
4414,0,0.22315602671694787,hist_gradient_boosting,raw
4415,1,0.23094270166327346,hist_gradient_boosting,raw
4423,1,0.37893810482353213,hist_gradient_boosting,raw
4437,0,0.28034546190713755,hist_gradient_boosting,raw
4440,0,0.36613544036743256,hist_gradient_boosting,raw
4444,0,0.3757950785052129,hist_gradient_boosting,raw
4467,1,0.13546268581233198,hist_gradient_boosting,raw
4471,0,0.5547616843724028,hist_gradient_boosting,raw
4477,1,0.5676981918616707,hist_gradient_boosting,raw
4478,0,0.24572687683446082,hist_gradient_boosting,raw
4488,0,0.33046336114308883,hist_gradient_boosting,raw
4492,0,0.17959761189986542,hist_gradient_boosting,raw
4503,0,0.48539021181779307,hist_gradient_boosting,raw
4518,0,0.18692469233037903,hist_gradient_boosting,raw
4523,0,0.17390487380538358,hist_gradient_boosting,raw
4527,0,0.3099798354766999,hist_gradient_boosting,raw
4532,1,0.4694390338043556,hist_gradient_boosting,raw
4536,0,0.05122119834093993,hist_gradient_boosting,raw
4538,0,0.21365076590830057,hist_gradient_boosting,raw
4543,0,0.4689612682672277,hist_gradient_boosting,raw
4550,1,0.2215788788178909,hist_gradient_boosting,raw
4552,0,0.5613309331793397,hist_gradient_boosting,raw
4567,0,0.16412174386549097,hist_gradient_boosting,raw
4570,1,0.5292154847603335,hist_gradient_boosting,raw
4574,0,0.33131374015932286,hist_gradient_boosting,raw
4591,0,0.22836239831656738,hist_gradient_boosting,raw
4601,1,0.1871690803228994,hist_gradient_boosting,raw
4602,0,0.46576735244602024,hist_gradient_boosting,raw
4608,0,0.4007025886900111,hist_gradient_boosting,raw
4609,0,0.5269784668022088,hist_gradient_boosting,raw
4614,0,0.5281614253781868,hist_gradient_boosting,raw
4628,1,0.3920171023236992,hist_gradient_boosting,raw
4629,0,0.16138676059391582,hist_gradient_boosting,raw
4637,0,0.36953803116243045,hist_gradient_boosting,raw
4639,1,0.30355732361014603,hist_gradient_boosting,raw
4642,0,0.26547452691949025,hist_gradient_boosting,raw
4650,0,0.32148132235957283,hist_gradient_boosting,raw
4659,0,0.5373887004123302,hist_gradient_boosting,raw
4673,0,0.22071980946856518,hist_gradient_boosting,raw
4675,0,0.3152099109697319,hist_gradient_boosting,raw
4683,1,0.3276276669179846,hist_gradient_boosting,raw
4684,0,0.5622161832955055,hist_gradient_boosting,raw
4691,1,0.4183549710245832,hist_gradient_boosting,raw
4696,0,0.18060034033978267,hist_gradient_boosting,raw
4700,0,0.2985696791143473,hist_gradient_boosting,raw
4706,0,0.2652957469642205,hist_gradient_boosting,raw
4724,0,0.10496337426163682,hist_gradient_boosting,raw
4732,0,0.29690036245045814,hist_gradient_boosting,raw
4744,0,0.18770488032791052,hist_gradient_boosting,raw
4754,0,0.4451143920465423,hist_gradient_boosting,raw
4763,0,0.3850719580368564,hist_gradient_boosting,raw
4766,1,0.36658767708303597,hist_gradient_boosting,raw
4776,0,0.24959468544189845,hist_gradient_boosting,raw
4780,1,0.31945370578234106,hist_gradient_boosting,raw
4786,0,0.19610150940840868,hist_gradient_boosting,raw
4805,0,0.3481835630721848,hist_gradient_boosting,raw
4815,1,0.3585946411243192,hist_gradient_boosting,raw
4823,1,0.554928744151904,hist_gradient_boosting,raw
4827,0,0.19139261771284305,hist_gradient_boosting,raw
4831,0,0.2164125753748913,hist_gradient_boosting,raw
4838,0,0.31404948153903717,hist_gradient_boosting,raw
4842,0,0.43777379155733354,hist_gradient_boosting,raw
4843,0,0.16507244237832738,hist_gradient_boosting,raw
4852,1,0.19031113369941008,hist_gradient_boosting,raw
4868,0,0.2121689452990879,hist_gradient_boosting,raw
4869,0,0.45951466765784293,hist_gradient_boosting,raw
4872,0,0.19436801572177895,hist_gradient_boosting,raw
4883,0,0.5160300472348593,hist_gradient_boosting,raw
4890,0,0.34941115392946615,hist_gradient_boosting,raw
4891,0,0.2537493697216781,hist_gradient_boosting,raw
4911,0,0.11391019041503422,hist_gradient_boosting,raw
4936,0,0.27896213753743365,hist_gradient_boosting,raw
4937,0,0.2562645923681846,hist_gradient_boosting,raw
4945,0,0.5094465065363475,hist_gradient_boosting,raw
4946,1,0.7754669795694026,hist_gradient_boosting,raw
4957,0,0.17250998299421874,hist_gradient_boosting,raw
4959,0,0.24920980519342195,hist_gradient_boosting,raw
4962,1,0.39403211980283,hist_gradient_boosting,raw
4967,0,0.19390942314938078,hist_gradient_boosting,raw
4996,1,0.09663318885053036,hist_gradient_boosting,raw
4997,0,0.19762020560660945,hist_gradient_boosting,raw
4999,0,0.29975502843256113,hist_gradient_boosting,raw
5010,1,0.5130954511204531,hist_gradient_boosting,raw
5020,0,0.248175327448796,hist_gradient_boosting,raw
5022,1,0.6820039588647389,hist_gradient_boosting,raw
5024,0,0.5702986703588794,hist_gradient_boosting,raw
5029,0,0.31516389827738267,hist_gradient_boosting,raw
5036,0,0.12345174496679194,hist_gradient_boosting,raw
5042,1,0.17630346704513541,hist_gradient_boosting,raw
5045,0,0.06966740887582049,hist_gradient_boosting,raw
5051,0,0.26689817493015583,hist_gradient_boosting,raw
5053,1,0.3099614352948522,hist_gradient_boosting,raw
5059,1,0.6395505745161039,hist_gradient_boosting,raw
5068,0,0.4460789588966198,hist_gradient_boosting,raw
5090,1,0.30700469400032193,hist_gradient_boosting,raw
5097,0,0.4414062418276152,hist_gradient_boosting,raw
5103,0,0.223722315051291,hist_gradient_boosting,raw
5108,1,0.08773367464157462,hist_gradient_boosting,raw
5114,0,0.2535243382396609,hist_gradient_boosting,raw
5116,0,0.21850321769366474,hist_gradient_boosting,raw
5122,0,0.2649048090968194,hist_gradient_boosting,raw
5126,0,0.16454976623880507,hist_gradient_boosting,raw
5136,0,0.3048180122077951,hist_gradient_boosting,raw
5141,0,0.267806633981122,hist_gradient_boosting,raw
5145,0,0.23909911648021637,hist_gradient_boosting,raw
5168,0,0.5468285036633145,hist_gradient_boosting,raw
5228,0,0.19247473329733383,hist_gradient_boosting,raw
5238,0,0.24727682528685618,hist_gradient_boosting,raw
5250,0,0.5174899276995649,hist_gradient_boosting,raw
5253,0,0.1972439938578366,hist_gradient_boosting,raw
5261,0,0.27740401796720354,hist_gradient_boosting,raw
5281,0,0.19859899762866798,hist_gradient_boosting,raw
5288,0,0.287651210799092,hist_gradient_boosting,raw
5289,0,0.2974680743697429,hist_gradient_boosting,raw
5294,0,0.38217399271909724,hist_gradient_boosting,raw
5303,0,0.274150857223555,hist_gradient_boosting,raw
5308,0,0.08880083993576467,hist_gradient_boosting,raw
5309,0,0.25560264747854305,hist_gradient_boosting,raw
5313,0,0.2584485907760559,hist_gradient_boosting,raw
5316,1,0.16503839467865805,hist_gradient_boosting,raw
5326,0,0.4895552692522012,hist_gradient_boosting,raw
5346,0,0.16919762538332656,hist_gradient_boosting,raw
5351,1,0.3539820540911978,hist_gradient_boosting,raw
5352,0,0.29119028801219793,hist_gradient_boosting,raw
5353,1,0.6959970485635303,hist_gradient_boosting,raw
5361,0,0.2853736442783698,hist_gradient_boosting,raw
5364,0,0.6517908803208067,hist_gradient_boosting,raw
5368,1,0.2116977689918802,hist_gradient_boosting,raw
5372,1,0.5612218667865948,hist_gradient_boosting,raw
5375,0,0.2222889003269966,hist_gradient_boosting,raw
5376,1,0.4772658330155894,hist_gradient_boosting,raw
5378,0,0.46708204645411744,hist_gradient_boosting,raw
5380,0,0.3161973107473663,hist_gradient_boosting,raw
5384,0,0.21923459894221592,hist_gradient_boosting,raw
5390,0,0.19625164840288267,hist_gradient_boosting,raw
5395,0,0.507743061898122,hist_gradient_boosting,raw
5402,1,0.31358812285922155,hist_gradient_boosting,raw
5404,0,0.1718112058507145,hist_gradient_boosting,raw
5406,1,0.614561307974584,hist_gradient_boosting,raw
5415,0,0.38127557465682455,hist_gradient_boosting,raw
5438,0,0.11118663063899285,hist_gradient_boosting,raw
5458,1,0.4795614858863695,hist_gradient_boosting,raw
5464,0,0.3200932434863236,hist_gradient_boosting,raw
5471,0,0.3760561055980139,hist_gradient_boosting,raw
5475,1,0.6379159124556008,hist_gradient_boosting,raw
5481,0,0.23045518777279903,hist_gradient_boosting,raw
5488,0,0.2693379424499355,hist_gradient_boosting,raw
5490,0,0.26795079923236265,hist_gradient_boosting,raw
5493,0,0.6018077499376051,hist_gradient_boosting,raw
5494,0,0.24571516670056873,hist_gradient_boosting,raw
5497,0,0.13768017980448252,hist_gradient_boosting,raw
5500,0,0.24867328326345683,hist_gradient_boosting,raw
5508,0,0.1848944553613385,hist_gradient_boosting,raw
5509,1,0.4420541499183808,hist_gradient_boosting,raw
5511,0,0.0888952958778189,hist_gradient_boosting,raw
5513,0,0.23480711644279675,hist_gradient_boosting,raw
5515,0,0.29235556495268394,hist_gradient_boosting,raw
5520,0,0.37376647187151985,hist_gradient_boosting,raw
5524,1,0.5089970195749295,hist_gradient_boosting,raw
5544,1,0.41442270436812934,hist_gradient_boosting,raw
5555,0,0.3501930761036429,hist_gradient_boosting,raw
5565,0,0.15250428123173737,hist_gradient_boosting,raw
5588,0,0.2533760105568801,hist_gradient_boosting,raw
5601,1,0.5795756172670438,hist_gradient_boosting,raw
5616,1,0.1674484033808075,hist_gradient_boosting,raw
5622,1,0.2849001368884662,hist_gradient_boosting,raw
5629,0,0.5207729539066648,hist_gradient_boosting,raw
5646,0,0.3157666824766963,hist_gradient_boosting,raw
5659,0,0.2825747374223942,hist_gradient_boosting,raw
5666,1,0.7025707859028835,hist_gradient_boosting,raw
5680,0,0.24798085745759554,hist_gradient_boosting,raw
5681,1,0.5025252213329183,hist_gradient_boosting,raw
5684,0,0.21437768215441316,hist_gradient_boosting,raw
5688,1,0.12386284814263701,hist_gradient_boosting,raw
5693,1,0.5976776536199486,hist_gradient_boosting,raw
5700,1,0.22744221143121524,hist_gradient_boosting,raw
5709,0,0.1992982745292488,hist_gradient_boosting,raw
5715,0,0.2502316565679888,hist_gradient_boosting,raw
5719,0,0.21552317389304387,hist_gradient_boosting,raw
5722,1,0.17209530033472095,hist_gradient_boosting,raw
5728,0,0.18926807207585183,hist_gradient_boosting,raw
5730,1,0.3321629900826489,hist_gradient_boosting,raw
5738,0,0.49774916255490886,hist_gradient_boosting,raw
5742,1,0.6046592565157104,hist_gradient_boosting,raw
5749,0,0.3582205270675109,hist_gradient_boosting,raw
5757,0,0.24424573270206312,hist_gradient_boosting,raw
5773,1,0.3409543268300006,hist_gradient_boosting,raw
5780,0,0.24453200168085693,hist_gradient_boosting,raw
5789,1,0.2810607403096898,hist_gradient_boosting,raw
5790,1,0.5800679654325162,hist_gradient_boosting,raw
5796,0,0.43331966462439603,hist_gradient_boosting,raw
5805,0,0.38172776133557296,hist_gradient_boosting,raw
5806,0,0.2879678677740701,hist_gradient_boosting,raw
5819,1,0.27464745610685454,hist_gradient_boosting,raw
5848,1,0.2327281162176621,hist_gradient_boosting,raw
5871,0,0.42425687155929015,hist_gradient_boosting,raw
5885,1,0.36250594999700914,hist_gradient_boosting,raw
5891,1,0.39704660084237603,hist_gradient_boosting,raw
5898,1,0.3108956194229336,hist_gradient_boosting,raw
5909,0,0.2246155104903265,hist_gradient_boosting,raw
5915,0,0.3827966022430829,hist_gradient_boosting,raw
5917,0,0.43150541607432646,hist_gradient_boosting,raw
5919,0,0.2935657140986239,hist_gradient_boosting,raw
5922,0,0.2830429799631729,hist_gradient_boosting,raw
5924,0,0.2566826640714088,hist_gradient_boosting,raw
5929,0,0.22525401509089452,hist_gradient_boosting,raw
5938,0,0.1587233839204594,hist_gradient_boosting,raw
5941,1,0.22621979102765136,hist_gradient_boosting,raw
5950,1,0.2622741109104674,hist_gradient_boosting,raw
5954,1,0.38353700122449036,hist_gradient_boosting,raw
5960,1,0.2612572375660689,hist_gradient_boosting,raw
5968,0,0.18826203891813803,hist_gradient_boosting,raw
5980,0,0.5439281692251832,hist_gradient_boosting,raw
5986,0,0.2766052551803769,hist_gradient_boosting,raw
6000,0,0.41452995415697047,hist_gradient_boosting,raw
6004,0,0.30121889741821223,hist_gradient_boosting,raw
6025,0,0.262474554437299,hist_gradient_boosting,raw
6029,1,0.09431249931046441,hist_gradient_boosting,raw
6034,0,0.3040344940380941,hist_gradient_boosting,raw
6039,0,0.3156594953672132,hist_gradient_boosting,raw
6067,1,0.8437635023152368,hist_gradient_boosting,raw
6079,1,0.17135211242171852,hist_gradient_boosting,raw
6090,0,0.28593150672172285,hist_gradient_boosting,raw
6094,0,0.2969794358958424,hist_gradient_boosting,raw
6115,1,0.4266970231067653,hist_gradient_boosting,raw
6116,1,0.32033068741818005,hist_gradient_boosting,raw
6118,0,0.2229185793920151,hist_gradient_boosting,raw
6121,1,0.18584154156240404,hist_gradient_boosting,raw
6122,0,0.2916659298752358,hist_gradient_boosting,raw
6131,0,0.46356848948052565,hist_gradient_boosting,raw
6132,0,0.44908544499475195,hist_gradient_boosting,raw
6144,0,0.44526934996475814,hist_gradient_boosting,raw
6146,0,0.5343373965120002,hist_gradient_boosting,raw
6153,0,0.272474326603699,hist_gradient_boosting,raw
6159,0,0.2608541869182277,hist_gradient_boosting,raw
6166,0,0.35273865134491206,hist_gradient_boosting,raw
6171,1,0.47695801506583296,hist_gradient_boosting,raw
6176,0,0.2594933239090916,hist_gradient_boosting,raw
6178,0,0.28755149012691517,hist_gradient_boosting,raw
6182,1,0.4880495937142976,hist_gradient_boosting,raw
6184,1,0.6346050445884603,hist_gradient_boosting,raw
6185,0,0.20244118937967115,hist_gradient_boosting,raw
6193,0,0.3791485801656714,hist_gradient_boosting,raw
6196,0,0.5215541040068324,hist_gradient_boosting,raw
6197,1,0.24672695870218622,hist_gradient_boosting,raw
6199,1,0.6701284187992642,hist_gradient_boosting,raw
6200,1,0.32340970240792255,hist_gradient_boosting,raw
6211,0,0.10351861858453963,hist_gradient_boosting,raw
6215,0,0.18818035928628907,hist_gradient_boosting,raw
6217,1,0.6474496186791241,hist_gradient_boosting,raw
6225,1,0.5873412122305558,hist_gradient_boosting,raw
6226,0,0.14139450304889414,hist_gradient_boosting,raw
6232,0,0.6310557561068951,hist_gradient_boosting,raw
6237,0,0.4584115689627329,hist_gradient_boosting,raw
6238,0,0.3102990470034024,hist_gradient_boosting,raw
6242,1,0.33942135560530273,hist_gradient_boosting,raw
6244,1,0.5554734220796422,hist_gradient_boosting,raw
6245,1,0.23772726611664938,hist_gradient_boosting,raw
6247,0,0.421431956564382,hist_gradient_boosting,raw
6255,0,0.26670877335969384,hist_gradient_boosting,raw
6256,0,0.3180872737812268,hist_gradient_boosting,raw
6258,0,0.2140654680712301,hist_gradient_boosting,raw
6297,0,0.2866703895075736,hist_gradient_boosting,raw
6310,1,0.5278142269660198,hist_gradient_boosting,raw
6315,1,0.4105513772462839,hist_gradient_boosting,raw
6320,0,0.4452580884497672,hist_gradient_boosting,raw
6328,0,0.35031757350757664,hist_gradient_boosting,raw
6330,0,0.22824087828754638,hist_gradient_boosting,raw
6331,0,0.8441630689200603,hist_gradient_boosting,raw
6334,0,0.176071511029833,hist_gradient_boosting,raw
6347,1,0.32693017452055473,hist_gradient_boosting,raw
6363,0,0.3156642355878981,hist_gradient_boosting,raw
6364,0,0.5060366098697292,hist_gradient_boosting,raw
6378,0,0.1622209344966365,hist_gradient_boosting,raw
6382,1,0.29060158202080016,hist_gradient_boosting,raw
6398,0,0.17614266101386705,hist_gradient_boosting,raw
6404,1,0.48918661697444576,hist_gradient_boosting,raw
6408,0,0.22331735261104874,hist_gradient_boosting,raw
6416,1,0.14188646046393838,hist_gradient_boosting,raw
6418,0,0.1309463091933957,hist_gradient_boosting,raw
6427,0,0.21472574105142708,hist_gradient_boosting,raw
6429,1,0.4531394001623751,hist_gradient_boosting,raw
6437,0,0.41214829213820003,hist_gradient_boosting,raw
6447,1,0.459544186692538,hist_gradient_boosting,raw
6460,0,0.2192849854465878,hist_gradient_boosting,raw
6462,0,0.33450336812961484,hist_gradient_boosting,raw
6465,1,0.636816732846193,hist_gradient_boosting,raw
6466,1,0.27832750693952474,hist_gradient_boosting,raw
6467,0,0.2686865396425105,hist_gradient_boosting,raw
6469,1,0.35027863137053467,hist_gradient_boosting,raw
6470,1,0.2596396075600014,hist_gradient_boosting,raw
6474,0,0.4697594292545582,hist_gradient_boosting,raw
6497,0,0.4533630330355002,hist_gradient_boosting,raw
6499,0,0.37978235882273,hist_gradient_boosting,raw
6515,0,0.07540462458923151,hist_gradient_boosting,raw
6519,0,0.22915601879537573,hist_gradient_boosting,raw
6526,1,0.14194330347111322,hist_gradient_boosting,raw
6545,0,0.28907152035513534,hist_gradient_boosting,raw
6557,1,0.24995166189534732,hist_gradient_boosting,raw
6558,0,0.16084436112136022,hist_gradient_boosting,raw
6566,1,0.4559147279737568,hist_gradient_boosting,raw
6569,0,0.2575886837054357,hist_gradient_boosting,raw
6575,1,0.535821546010456,hist_gradient_boosting,raw
6582,0,0.4834131116039287,hist_gradient_boosting,raw
6586,0,0.2849384226628761,hist_gradient_boosting,raw
6603,0,0.2675685681815312,hist_gradient_boosting,raw
6611,0,0.1831581315712696,hist_gradient_boosting,raw
6616,0,0.20743982831095958,hist_gradient_boosting,raw
6617,1,0.5204830474807667,hist_gradient_boosting,raw
6618,0,0.3553579318870841,hist_gradient_boosting,raw
6636,0,0.21131039090075776,hist_gradient_boosting,raw
6638,0,0.5279688247099394,hist_gradient_boosting,raw
6649,0,0.7500444918823035,hist_gradient_boosting,raw
6661,1,0.29628103124671257,hist_gradient_boosting,raw
6662,0,0.3592131356488483,hist_gradient_boosting,raw
6664,1,0.22721622622581608,hist_gradient_boosting,raw
6668,1,0.43762550433215336,hist_gradient_boosting,raw
6679,0,0.38773994071304696,hist_gradient_boosting,raw
6707,1,0.14860291639811296,hist_gradient_boosting,raw
6710,1,0.2128880256917446,hist_gradient_boosting,raw
6713,1,0.4854083468968973,hist_gradient_boosting,raw
6723,0,0.39564877540011417,hist_gradient_boosting,raw
6726,0,0.2531951521209994,hist_gradient_boosting,raw
6735,1,0.6021119260592631,hist_gradient_boosting,raw
6745,1,0.10518855173493263,hist_gradient_boosting,raw
6759,0,0.2706891092178699,hist_gradient_boosting,raw
6763,1,0.2665803716247407,hist_gradient_boosting,raw
6774,0,0.2407559599581237,hist_gradient_boosting,raw
6775,0,0.45805381060424144,hist_gradient_boosting,raw
6780,1,0.6253786322006437,hist_gradient_boosting,raw
6802,0,0.6037472038280932,hist_gradient_boosting,raw
6810,0,0.4904923902367476,hist_gradient_boosting,raw
6814,0,0.11653337301140027,hist_gradient_boosting,raw
6821,0,0.5496539926474637,hist_gradient_boosting,raw
6834,0,0.44968530242992905,hist_gradient_boosting,raw
6835,1,0.6299910364863779,hist_gradient_boosting,raw
6842,0,0.2566067459880476,hist_gradient_boosting,raw
6861,1,0.41909189962533683,hist_gradient_boosting,raw
6863,0,0.18671131664211774,hist_gradient_boosting,raw
6878,0,0.14097396268802884,hist_gradient_boosting,raw
6879,0,0.3416915123011086,hist_gradient_boosting,raw
6887,0,0.41918204407130544,hist_gradient_boosting,raw
6891,0,0.35492831705698197,hist_gradient_boosting,raw
6907,1,0.5164005524386117,hist_gradient_boosting,raw
6910,1,0.21437763241549507,hist_gradient_boosting,raw
6922,0,0.40856509133694785,hist_gradient_boosting,raw
6928,0,0.4440057035992958,hist_gradient_boosting,raw
6929,0,0.23784717478013503,hist_gradient_boosting,raw
6930,0,0.2528397748147108,hist_gradient_boosting,raw
6935,0,0.3528378028636228,hist_gradient_boosting,raw
6951,1,0.5226857677586121,hist_gradient_boosting,raw
6955,0,0.4349742496925618,hist_gradient_boosting,raw
6971,0,0.512272050792338,hist_gradient_boosting,raw
6989,0,0.25146695323792767,hist_gradient_boosting,raw
6997,0,0.2467359814835027,hist_gradient_boosting,raw
7004,1,0.7497091852815448,hist_gradient_boosting,raw
7006,0,0.25646551509713655,hist_gradient_boosting,raw
7009,0,0.305763958891358,hist_gradient_boosting,raw
7012,0,0.18985736026805103,hist_gradient_boosting,raw
7022,1,0.39407745892615753,hist_gradient_boosting,raw
7024,0,0.18487608856482599,hist_gradient_boosting,raw
7035,1,0.47074569530768234,hist_gradient_boosting,raw
7046,0,0.16491854432825218,hist_gradient_boosting,raw
7049,1,0.16897901497321677,hist_gradient_boosting,raw
7050,0,0.2549306609938682,hist_gradient_boosting,raw
7058,0,0.14118132205216827,hist_gradient_boosting,raw
7059,0,0.4591385639900106,hist_gradient_boosting,raw
7063,0,0.1339585777278825,hist_gradient_boosting,raw
7074,1,0.4985934021398316,hist_gradient_boosting,raw
7075,0,0.562925032635314,hist_gradient_boosting,raw
7088,0,0.08956437559536028,hist_gradient_boosting,raw
7095,1,0.6754352857632487,hist_gradient_boosting,raw
7110,0,0.3671319905980307,hist_gradient_boosting,raw
7122,1,0.24541281172862403,hist_gradient_boosting,raw
7130,0,0.30853830753537925,hist_gradient_boosting,raw
7138,0,0.21121347402333115,hist_gradient_boosting,raw
7142,0,0.4409234135276869,hist_gradient_boosting,raw
7144,1,0.2941018503032458,hist_gradient_boosting,raw
7145,0,0.27397419902188663,hist_gradient_boosting,raw
7153,0,0.5235069138455393,hist_gradient_boosting,raw
7156,1,0.24027725853163012,hist_gradient_boosting,raw
7157,0,0.2129709100806389,hist_gradient_boosting,raw
7159,0,0.14724039968174318,hist_gradient_boosting,raw
7171,0,0.1729066866251065,hist_gradient_boosting,raw
7179,0,0.3121079074777306,hist_gradient_boosting,raw
7180,0,0.24301467598673798,hist_gradient_boosting,raw
7185,0,0.16977754298169295,hist_gradient_boosting,raw
7192,1,0.37893927324089965,hist_gradient_boosting,raw
7197,0,0.23628064491927653,hist_gradient_boosting,raw
7202,1,0.2140329692371091,hist_gradient_boosting,raw
7203,0,0.4823002774411235,hist_gradient_boosting,raw
7210,1,0.7810412766218735,hist_gradient_boosting,raw
7213,0,0.3536480862189627,hist_gradient_boosting,raw
7215,0,0.30732946136023176,hist_gradient_boosting,raw
7222,1,0.2832132840268833,hist_gradient_boosting,raw
7229,1,0.24285670317671035,hist_gradient_boosting,raw
7234,0,0.22385491301608823,hist_gradient_boosting,raw
7244,1,0.7918788421939535,hist_gradient_boosting,raw
7245,0,0.5602268744392752,hist_gradient_boosting,raw
7260,0,0.24670688253632825,hist_gradient_boosting,raw
7267,0,0.0944304333846863,hist_gradient_boosting,raw
7270,0,0.264916686877082,hist_gradient_boosting,raw
7271,0,0.4126870604547652,hist_gradient_boosting,raw
7308,0,0.3365799471816302,hist_gradient_boosting,raw
7312,0,0.2265825467097457,hist_gradient_boosting,raw
7321,0,0.24947380457063145,hist_gradient_boosting,raw
7325,1,0.4057415266782304,hist_gradient_boosting,raw
7327,1,0.631190524835127,hist_gradient_boosting,raw
7328,1,0.37090516967756004,hist_gradient_boosting,raw
7336,1,0.4776761272149056,hist_gradient_boosting,raw
7337,1,0.19676576592885556,hist_gradient_boosting,raw
7352,1,0.187435121466175,hist_gradient_boosting,raw
7354,1,0.5189631799562182,hist_gradient_boosting,raw
7357,0,0.32102434340258734,hist_gradient_boosting,raw
7359,0,0.14825244783596708,hist_gradient_boosting,raw
7360,1,0.4089239365584467,hist_gradient_boosting,raw
7373,1,0.37716158818777995,hist_gradient_boosting,raw
7379,1,0.7606628924872717,hist_gradient_boosting,raw
7386,0,0.26619249975574316,hist_gradient_boosting,raw
7392,0,0.2758155256175665,hist_gradient_boosting,raw
7396,1,0.16996853702217612,hist_gradient_boosting,raw
7397,0,0.11059087217310526,hist_gradient_boosting,raw
7399,0,0.43775687637917216,hist_gradient_boosting,raw
7403,0,0.5802810972349787,hist_gradient_boosting,raw
7404,0,0.32416889681092703,hist_gradient_boosting,raw
7416,0,0.2495550282572404,hist_gradient_boosting,raw
7423,0,0.13194390954133983,hist_gradient_boosting,raw
7424,1,0.5513660169953406,hist_gradient_boosting,raw
7426,0,0.1879531157244737,hist_gradient_boosting,raw
7429,1,0.7963361969563322,hist_gradient_boosting,raw
7438,0,0.13633803038684156,hist_gradient_boosting,raw
7445,0,0.30488134396262506,hist_gradient_boosting,raw
7461,0,0.43453945515351877,hist_gradient_boosting,raw
7466,0,0.23084478891105478,hist_gradient_boosting,raw
7472,0,0.2185676098276712,hist_gradient_boosting,raw
7473,0,0.15783737574308218,hist_gradient_boosting,raw
7482,0,0.13221131923373108,hist_gradient_boosting,raw
7486,1,0.49058962756727503,hist_gradient_boosting,raw
7494,1,0.2483027661618429,hist_gradient_boosting,raw
7495,0,0.8915300640661108,hist_gradient_boosting,raw
7497,0,0.15104422610750548,hist_gradient_boosting,raw
7500,0,0.2802297476783547,hist_gradient_boosting,raw
7503,0,0.25086732720274646,hist_gradient_boosting,raw
7504,0,0.369214335895963,hist_gradient_boosting,raw
7512,1,0.583639567460839,hist_gradient_boosting,raw
7527,1,0.6163750318738045,hist_gradient_boosting,raw
7528,0,0.16909770082420666,hist_gradient_boosting,raw
7529,1,0.18017835532139664,hist_gradient_boosting,raw
7530,1,0.264980239436429,hist_gradient_boosting,raw
7531,0,0.17929285002035975,hist_gradient_boosting,raw
7535,0,0.12352235091398807,hist_gradient_boosting,raw
7550,1,0.22949879921889713,hist_gradient_boosting,raw
7558,0,0.13942202770585746,hist_gradient_boosting,raw
7605,0,0.47262899050079016,hist_gradient_boosting,raw
7621,1,0.33148234037661034,hist_gradient_boosting,raw
7626,1,0.2936941235057392,hist_gradient_boosting,raw
7628,1,0.3644017696398281,hist_gradient_boosting,raw
7637,0,0.27192418955298525,hist_gradient_boosting,raw
7646,0,0.42817754162444027,hist_gradient_boosting,raw
7648,1,0.39180065437868,hist_gradient_boosting,raw
7650,0,0.42766340810760467,hist_gradient_boosting,raw
7652,0,0.10664180195281092,hist_gradient_boosting,raw
7655,1,0.16967139571364065,hist_gradient_boosting,raw
7657,0,0.4678230728381598,hist_gradient_boosting,raw
7674,0,0.45830179606617955,hist_gradient_boosting,raw
7675,1,0.4227813412509008,hist_gradient_boosting,raw
7686,0,0.3630176330485729,hist_gradient_boosting,raw
7689,1,0.2771197927575284,hist_gradient_boosting,raw
7695,0,0.2441186919378646,hist_gradient_boosting,raw
7699,0,0.25510384862986196,hist_gradient_boosting,raw
7702,0,0.3582604142017258,hist_gradient_boosting,raw
7706,1,0.4226447728169926,hist_gradient_boosting,raw
7710,1,0.756835690745616,hist_gradient_boosting,raw
7715,0,0.2736529823792712,hist_gradient_boosting,raw
7725,1,0.2870708861995994,hist_gradient_boosting,raw
7729,1,0.6583256991760317,hist_gradient_boosting,raw
7730,0,0.11102954006792921,hist_gradient_boosting,raw
7732,1,0.4741780146230445,hist_gradient_boosting,raw
7733,1,0.3867114935273077,hist_gradient_boosting,raw
7737,0,0.3369257282682579,hist_gradient_boosting,raw
7741,1,0.2917494299179885,hist_gradient_boosting,raw
7744,0,0.3850123177110366,hist_gradient_boosting,raw
7765,0,0.421862081916142,hist_gradient_boosting,raw
7767,0,0.21748321922707986,hist_gradient_boosting,raw
7769,1,0.27516598435180284,hist_gradient_boosting,raw
7772,0,0.2311961390775921,hist_gradient_boosting,raw
7780,0,0.27845339148927756,hist_gradient_boosting,raw
7790,0,0.10732814458777903,hist_gradient_boosting,raw
7802,0,0.45648334620224135,hist_gradient_boosting,raw
7824,1,0.3643873785528994,hist_gradient_boosting,raw
7833,0,0.1710797614743628,hist_gradient_boosting,raw
7834,1,0.40248646840023294,hist_gradient_boosting,raw
7836,0,0.19968989403201345,hist_gradient_boosting,raw
7846,1,0.28835987587134876,hist_gradient_boosting,raw
7851,1,0.34937470687642036,hist_gradient_boosting,raw
7865,0,0.37436134898302903,hist_gradient_boosting,raw
7874,0,0.6072482050188002,hist_gradient_boosting,raw
7879,0,0.2326329161754344,hist_gradient_boosting,raw
7882,0,0.23725298863893224,hist_gradient_boosting,raw
7884,1,0.38431975765654613,hist_gradient_boosting,raw
7887,0,0.1739425298991913,hist_gradient_boosting,raw
7892,0,0.21417024436034196,hist_gradient_boosting,raw
7895,1,0.33194281058163955,hist_gradient_boosting,raw
7903,0,0.27189014997730515,hist_gradient_boosting,raw
7908,0,0.5115073967160884,hist_gradient_boosting,raw
7909,1,0.6314191856130696,hist_gradient_boosting,raw
7912,0,0.3798800369065134,hist_gradient_boosting,raw
7934,0,0.3013684769595259,hist_gradient_boosting,raw
7948,1,0.6094353819075912,hist_gradient_boosting,raw
7949,0,0.3133833530669865,hist_gradient_boosting,raw
7950,0,0.47412743408816044,hist_gradient_boosting,raw
7954,0,0.24062051004952784,hist_gradient_boosting,raw
7961,0,0.23572413352468943,hist_gradient_boosting,raw
7975,0,0.19754592087580097,hist_gradient_boosting,raw
7976,0,0.17737084677697537,hist_gradient_boosting,raw
7980,0,0.3006029566508231,hist_gradient_boosting,raw
7981,0,0.24634634458359705,hist_gradient_boosting,raw
7987,0,0.1664644297109093,hist_gradient_boosting,raw
7993,1,0.29427539047242945,hist_gradient_boosting,raw
7999,1,0.1999349565735629,hist_gradient_boosting,raw
8000,1,0.2801885138412385,hist_gradient_boosting,raw
8004,0,0.1894975857786627,hist_gradient_boosting,raw
8019,1,0.19487747475788494,hist_gradient_boosting,raw
8029,0,0.3936759421220259,hist_gradient_boosting,raw
8032,1,0.3684838638361606,hist_gradient_boosting,raw
8035,0,0.3366255270966928,hist_gradient_boosting,raw
8038,1,0.2117631331071608,hist_gradient_boosting,raw
8048,0,0.5995155677981862,hist_gradient_boosting,raw
8067,1,0.2911933782030568,hist_gradient_boosting,raw
8068,0,0.3489419652021506,hist_gradient_boosting,raw
8071,0,0.410470640039063,hist_gradient_boosting,raw
8072,0,0.5991255067257397,hist_gradient_boosting,raw
8080,1,0.1526822005504324,hist_gradient_boosting,raw
8085,0,0.25083878272414384,hist_gradient_boosting,raw
8087,1,0.3406300859019795,hist_gradient_boosting,raw
8088,0,0.15004056346033653,hist_gradient_boosting,raw
8093,0,0.13351392197896605,hist_gradient_boosting,raw
8098,1,0.4566566437048789,hist_gradient_boosting,raw
8100,0,0.45940225069859336,hist_gradient_boosting,raw
8108,1,0.27057882502910025,hist_gradient_boosting,raw
8120,0,0.3024198229119599,hist_gradient_boosting,raw
8127,1,0.22092322350672225,hist_gradient_boosting,raw
8131,1,0.7267216065105107,hist_gradient_boosting,raw
8134,0,0.3731546456355079,hist_gradient_boosting,raw
8139,1,0.5462760507188907,hist_gradient_boosting,raw
8140,0,0.21945464497062808,hist_gradient_boosting,raw
8141,0,0.18246945755096128,hist_gradient_boosting,raw
8150,0,0.3555901587684206,hist_gradient_boosting,raw
8152,0,0.5415888596697169,hist_gradient_boosting,raw
8156,1,0.5344628122918155,hist_gradient_boosting,raw
8158,0,0.31350408932904883,hist_gradient_boosting,raw
8170,0,0.363382398499185,hist_gradient_boosting,raw
8173,0,0.2873367123524616,hist_gradient_boosting,raw
8177,1,0.23868852957511946,hist_gradient_boosting,raw
8193,1,0.3584086458908768,hist_gradient_boosting,raw
8197,0,0.5395085634005015,hist_gradient_boosting,raw
8206,0,0.38032287356674727,hist_gradient_boosting,raw
8209,0,0.18710401001052013,hist_gradient_boosting,raw
8216,0,0.24084823303011602,hist_gradient_boosting,raw
8219,0,0.45468669780519366,hist_gradient_boosting,raw
8228,0,0.23649704063351845,hist_gradient_boosting,raw
8237,0,0.4572292039147377,hist_gradient_boosting,raw
8238,1,0.3442253753055657,hist_gradient_boosting,raw
8241,0,0.4028655677916922,hist_gradient_boosting,raw
8269,0,0.2658583220611662,hist_gradient_boosting,raw
8278,0,0.2734278930043866,hist_gradient_boosting,raw
8289,1,0.5511122947384824,hist_gradient_boosting,raw
8295,1,0.2191534463490942,hist_gradient_boosting,raw
8299,0,0.2794526632980608,hist_gradient_boosting,raw
8311,0,0.24705007776468502,hist_gradient_boosting,raw
8319,0,0.271139699113504,hist_gradient_boosting,raw
8334,1,0.19734224913449308,hist_gradient_boosting,raw
8339,0,0.4805844071877489,hist_gradient_boosting,raw
8343,0,0.47308494132521633,hist_gradient_boosting,raw
8357,0,0.4431982316831163,hist_gradient_boosting,raw
8366,1,0.3014503600677802,hist_gradient_boosting,raw
8371,1,0.5449441388710129,hist_gradient_boosting,raw
8372,0,0.2861488765325713,hist_gradient_boosting,raw
8374,0,0.3585664102395291,hist_gradient_boosting,raw
8426,1,0.42018732199267084,hist_gradient_boosting,raw
8428,0,0.11617996398326409,hist_gradient_boosting,raw
8429,1,0.4706729198566708,hist_gradient_boosting,raw
8430,1,0.6333411363250991,hist_gradient_boosting,raw
8441,1,0.19759623318615877,hist_gradient_boosting,raw
8446,0,0.3365110508713844,hist_gradient_boosting,raw
8449,0,0.2472002516141572,hist_gradient_boosting,raw
8457,1,0.428814992996395,hist_gradient_boosting,raw
8458,0,0.27693895148319264,hist_gradient_boosting,raw
8468,0,0.3290499933638671,hist_gradient_boosting,raw
8487,1,0.23472573981405584,hist_gradient_boosting,raw
8495,0,0.5714914757909246,hist_gradient_boosting,raw
8506,0,0.36493864518418495,hist_gradient_boosting,raw
8508,0,0.07543529342070593,hist_gradient_boosting,raw
8510,1,0.23291751101325228,hist_gradient_boosting,raw
8513,0,0.4211516115494941,hist_gradient_boosting,raw
8544,0,0.3047057119818802,hist_gradient_boosting,raw
8550,1,0.4884082691487961,hist_gradient_boosting,raw
8562,1,0.30968653290500675,hist_gradient_boosting,raw
8568,1,0.4432790153612016,hist_gradient_boosting,raw
8569,0,0.2560473556036686,hist_gradient_boosting,raw
8578,0,0.2411359901875257,hist_gradient_boosting,raw
8585,0,0.2501130174254503,hist_gradient_boosting,raw
8590,0,0.4447373304834374,hist_gradient_boosting,raw
8593,0,0.23979613457642726,hist_gradient_boosting,raw
8614,1,0.20539292578550294,hist_gradient_boosting,raw
8620,0,0.3182737565218791,hist_gradient_boosting,raw
8622,1,0.4584900713969938,hist_gradient_boosting,raw
8623,0,0.13463992829479787,hist_gradient_boosting,raw
8624,1,0.3917325174847857,hist_gradient_boosting,raw
8629,1,0.49610601512633334,hist_gradient_boosting,raw
8632,1,0.37745801873856333,hist_gradient_boosting,raw
8633,0,0.5855496719991744,hist_gradient_boosting,raw
8635,0,0.3184930389125133,hist_gradient_boosting,raw
8641,0,0.30424572078250167,hist_gradient_boosting,raw
8650,0,0.35765544938182614,hist_gradient_boosting,raw
8652,1,0.6623344889464321,hist_gradient_boosting,raw
8670,1,0.2626604883711322,hist_gradient_boosting,raw
8672,1,0.21430845062492007,hist_gradient_boosting,raw
8674,0,0.251380489169256,hist_gradient_boosting,raw
8679,1,0.2685466259535257,hist_gradient_boosting,raw
8691,0,0.14191293918571704,hist_gradient_boosting,raw
8700,0,0.3620801291418385,hist_gradient_boosting,raw
8704,1,0.2553083363211619,hist_gradient_boosting,raw
8707,0,0.19322796946037946,hist_gradient_boosting,raw
8711,0,0.3878239616814546,hist_gradient_boosting,raw
8717,1,0.2119827724185656,hist_gradient_boosting,raw
8718,0,0.2877919627780447,hist_gradient_boosting,raw
8731,0,0.22906572112703094,hist_gradient_boosting,raw
8734,0,0.4463404025920908,hist_gradient_boosting,raw
8736,0,0.3868028557003675,hist_gradient_boosting,raw
8738,0,0.2708474046440988,hist_gradient_boosting,raw
8750,0,0.44192063909930485,hist_gradient_boosting,raw
8751,0,0.4096804508366924,hist_gradient_boosting,raw
8758,0,0.24461798498621165,hist_gradient_boosting,raw
8768,1,0.3017167510363764,hist_gradient_boosting,raw
8775,0,0.49254706650895236,hist_gradient_boosting,raw
8783,0,0.596148792770516,hist_gradient_boosting,raw
8790,0,0.2438030441144726,hist_gradient_boosting,raw
8793,0,0.2117338226567148,hist_gradient_boosting,raw
8795,0,0.22743210313150394,hist_gradient_boosting,raw
8799,1,0.1803919414316669,hist_gradient_boosting,raw
8804,0,0.34511393229738024,hist_gradient_boosting,raw
8810,0,0.2710185329267281,hist_gradient_boosting,raw
8812,0,0.19339005977884932,hist_gradient_boosting,raw
8818,0,0.4970128877336919,hist_gradient_boosting,raw
8825,0,0.14423099000478654,hist_gradient_boosting,raw
8827,0,0.41519131793997366,hist_gradient_boosting,raw
8833,0,0.10743591439121601,hist_gradient_boosting,raw
8836,0,0.3149760708038946,hist_gradient_boosting,raw
8841,0,0.44183324262453016,hist_gradient_boosting,raw
8845,1,0.3071504797315024,hist_gradient_boosting,raw
8859,0,0.26478678370005365,hist_gradient_boosting,raw
8861,1,0.3817225406274492,hist_gradient_boosting,raw
8868,0,0.3187309163928668,hist_gradient_boosting,raw
8873,0,0.20133703264036265,hist_gradient_boosting,raw
8881,0,0.23578523480611124,hist_gradient_boosting,raw
8882,0,0.5872008448881938,hist_gradient_boosting,raw
8887,0,0.4131208993226474,hist_gradient_boosting,raw
8894,0,0.23764430714539356,hist_gradient_boosting,raw
8895,0,0.21235159800249934,hist_gradient_boosting,raw
8901,0,0.24753941846277358,hist_gradient_boosting,raw
8902,0,0.253099215728361,hist_gradient_boosting,raw
8913,0,0.31162831054454476,hist_gradient_boosting,raw
8914,1,0.3744613301842887,hist_gradient_boosting,raw
8915,1,0.5894214497900686,hist_gradient_boosting,raw
8917,1,0.8351249796126923,hist_gradient_boosting,raw
8937,0,0.4016251871316984,hist_gradient_boosting,raw
8939,1,0.5097123991110201,hist_gradient_boosting,raw
8951,1,0.1901333552116625,hist_gradient_boosting,raw
8963,0,0.386995494832471,hist_gradient_boosting,raw
8965,1,0.18748442593906497,hist_gradient_boosting,raw
8972,0,0.1439492638088609,hist_gradient_boosting,raw
8986,1,0.29287259612965827,hist_gradient_boosting,raw
8999,1,0.3412417414035958,hist_gradient_boosting,raw
9000,1,0.4109404429415289,hist_gradient_boosting,raw
9005,0,0.2895330972694193,hist_gradient_boosting,raw
9009,1,0.7192126328830408,hist_gradient_boosting,raw
9012,0,0.20516082337164318,hist_gradient_boosting,raw
9030,0,0.29178864170374474,hist_gradient_boosting,raw
9043,0,0.45899254762325364,hist_gradient_boosting,raw
9054,1,0.5485896140907457,hist_gradient_boosting,raw
9061,0,0.19642869102104507,hist_gradient_boosting,raw
9063,1,0.378813265326178,hist_gradient_boosting,raw
9065,0,0.16899342050440108,hist_gradient_boosting,raw
9070,1,0.2639368887310955,hist_gradient_boosting,raw
9074,1,0.47425002024589824,hist_gradient_boosting,raw
9086,0,0.21541268522947837,hist_gradient_boosting,raw
9087,0,0.08721703456056999,hist_gradient_boosting,raw
9095,0,0.3069897879081965,hist_gradient_boosting,raw
9107,0,0.24202305801689525,hist_gradient_boosting,raw
9112,0,0.38207218155628364,hist_gradient_boosting,raw
9114,0,0.2406794020168773,hist_gradient_boosting,raw
9127,1,0.324877908464206,hist_gradient_boosting,raw
9131,0,0.48231304810664005,hist_gradient_boosting,raw
9144,0,0.5376822311270908,hist_gradient_boosting,raw
9145,1,0.2602358585051325,hist_gradient_boosting,raw
9153,0,0.4765396854544966,hist_gradient_boosting,raw
9167,0,0.2478861262479543,hist_gradient_boosting,raw
9178,1,0.7611650268413959,hist_gradient_boosting,raw
9187,0,0.437460802192066,hist_gradient_boosting,raw
9190,0,0.4967147041232096,hist_gradient_boosting,raw
9197,0,0.3693757396632524,hist_gradient_boosting,raw
9204,0,0.2936053363474211,hist_gradient_boosting,raw
9209,0,0.2994038035671188,hist_gradient_boosting,raw
9211,0,0.3841835174105404,hist_gradient_boosting,raw
9216,0,0.16196376015836883,hist_gradient_boosting,raw
9217,1,0.5665679430305594,hist_gradient_boosting,raw
9230,0,0.14868786600914094,hist_gradient_boosting,raw
9233,1,0.48713051455553447,hist_gradient_boosting,raw
9238,0,0.5997072924750818,hist_gradient_boosting,raw
9243,0,0.2409964949450536,hist_gradient_boosting,raw
9244,0,0.42172767108896747,hist_gradient_boosting,raw
9245,0,0.17480074567401196,hist_gradient_boosting,raw
9260,0,0.5861806415772018,hist_gradient_boosting,raw
9261,1,0.3563722102354905,hist_gradient_boosting,raw
9276,1,0.13996168702329997,hist_gradient_boosting,raw
9279,0,0.2558793957401251,hist_gradient_boosting,raw
9294,0,0.21804241897976312,hist_gradient_boosting,raw
9314,0,0.3563929206979675,hist_gradient_boosting,raw
9318,0,0.09136047667006386,hist_gradient_boosting,raw
9322,0,0.20686561345801321,hist_gradient_boosting,raw
9324,0,0.7971928208410257,hist_gradient_boosting,raw
9356,0,0.27305802068290624,hist_gradient_boosting,raw
9362,1,0.3378166560722163,hist_gradient_boosting,raw
9369,1,0.479574514775359,hist_gradient_boosting,raw
9371,0,0.18172355083799502,hist_gradient_boosting,raw
9379,1,0.2586051848694747,hist_gradient_boosting,raw
9381,0,0.3291377066844039,hist_gradient_boosting,raw
9391,0,0.34246860099783066,hist_gradient_boosting,raw
9393,0,0.44175023700081967,hist_gradient_boosting,raw
9396,1,0.1742699879817586,hist_gradient_boosting,raw
9413,1,0.27943210473875657,hist_gradient_boosting,raw
9417,0,0.21797564325470625,hist_gradient_boosting,raw
9433,1,0.6685966419803877,hist_gradient_boosting,raw
9437,0,0.3749644835939709,hist_gradient_boosting,raw
9442,0,0.2753743602702866,hist_gradient_boosting,raw
9457,0,0.1665296427669498,hist_gradient_boosting,raw
9462,0,0.1922521141957011,hist_gradient_boosting,raw
9463,0,0.39389998917473285,hist_gradient_boosting,raw
9465,0,0.2564598755138742,hist_gradient_boosting,raw
9471,0,0.25478147179746413,hist_gradient_boosting,raw
9483,1,0.39721974513526825,hist_gradient_boosting,raw
9490,0,0.504597868001602,hist_gradient_boosting,raw
9492,1,0.7384516022376906,hist_gradient_boosting,raw
9494,0,0.3961595646308283,hist_gradient_boosting,raw
9496,1,0.220443934452475,hist_gradient_boosting,raw
9497,0,0.1024003169575612,hist_gradient_boosting,raw
9526,1,0.7557004720599689,hist_gradient_boosting,raw
9530,0,0.23205957050296913,hist_gradient_boosting,raw
9534,0,0.7295681182952448,hist_gradient_boosting,raw
9537,0,0.4385438436903087,hist_gradient_boosting,raw
9539,1,0.18328117759307613,hist_gradient_boosting,raw
9545,0,0.21294990715519282,hist_gradient_boosting,raw
9559,0,0.4940078599051424,hist_gradient_boosting,raw
9564,0,0.5100530886950004,hist_gradient_boosting,raw
9565,0,0.3732853478424046,hist_gradient_boosting,raw
9569,0,0.13213919312866867,hist_gradient_boosting,raw
9575,1,0.45434707115498835,hist_gradient_boosting,raw
9579,0,0.2495373930335472,hist_gradient_boosting,raw
9581,0,0.3709317917130948,hist_gradient_boosting,raw
9585,1,0.19365147863656407,hist_gradient_boosting,raw
9611,1,0.49500438950610764,hist_gradient_boosting,raw
9620,1,0.38505957608602875,hist_gradient_boosting,raw
9630,0,0.5482515302414057,hist_gradient_boosting,raw
9633,1,0.24987035100754204,hist_gradient_boosting,raw
9636,0,0.37451106105825005,hist_gradient_boosting,raw
9649,0,0.42480515164422195,hist_gradient_boosting,raw
9656,0,0.5270722506705497,hist_gradient_boosting,raw
9674,1,0.8899869238985061,hist_gradient_boosting,raw
9683,0,0.32773465994677065,hist_gradient_boosting,raw
9692,1,0.3626236544540689,hist_gradient_boosting,raw
9693,0,0.4854174283074672,hist_gradient_boosting,raw
9700,0,0.2489791999723822,hist_gradient_boosting,raw
9711,0,0.34018018222986945,hist_gradient_boosting,raw
9712,1,0.6261924436380429,hist_gradient_boosting,raw
9723,0,0.4256763087396733,hist_gradient_boosting,raw
9733,0,0.5915338522600228,hist_gradient_boosting,raw
9741,1,0.4546875166874935,hist_gradient_boosting,raw
9742,0,0.21115103067175026,hist_gradient_boosting,raw
9753,1,0.23185599187707723,hist_gradient_boosting,raw
9765,1,0.5779711556134329,hist_gradient_boosting,raw
9782,0,0.3501568542241948,hist_gradient_boosting,raw
9783,1,0.49449255627954913,hist_gradient_boosting,raw
9786,1,0.3386491399059951,hist_gradient_boosting,raw
9793,0,0.19212473863704355,hist_gradient_boosting,raw
9796,0,0.5384689614130784,hist_gradient_boosting,raw
9797,0,0.2559407598605153,hist_gradient_boosting,raw
9808,0,0.2276562903161432,hist_gradient_boosting,raw
9820,0,0.26955002348969564,hist_gradient_boosting,raw
9821,0,0.7450680347857165,hist_gradient_boosting,raw
9824,1,0.548797720496121,hist_gradient_boosting,raw
9825,0,0.1965159803788148,hist_gradient_boosting,raw
9826,0,0.054877257901705,hist_gradient_boosting,raw
9835,0,0.2983454548450571,hist_gradient_boosting,raw
9836,0,0.2141072706711024,hist_gradient_boosting,raw
9843,0,0.21435867196706399,hist_gradient_boosting,raw
9846,0,0.39807689686366954,hist_gradient_boosting,raw
9851,1,0.17600072935443467,hist_gradient_boosting,raw
9852,0,0.530739544320337,hist_gradient_boosting,raw
9854,0,0.27284638388113164,hist_gradient_boosting,raw
9863,1,0.1727475681649923,hist_gradient_boosting,raw
9869,0,0.5010336814718162,hist_gradient_boosting,raw
9882,0,0.23373281940032734,hist_gradient_boosting,raw
9883,0,0.5344530220983571,hist_gradient_boosting,raw
9885,0,0.2020473637310956,hist_gradient_boosting,raw
9893,0,0.44460118738377924,hist_gradient_boosting,raw
9896,1,0.27587647860533815,hist_gradient_boosting,raw
9912,1,0.4652018280403437,hist_gradient_boosting,raw
9929,0,0.38575335880088546,hist_gradient_boosting,raw
9950,1,0.4590183860546352,hist_gradient_boosting,raw
9951,0,0.2090063662509704,hist_gradient_boosting,raw
9952,0,0.39071554349317505,hist_gradient_boosting,raw
9955,0,0.5692468531621518,hist_gradient_boosting,raw
9956,1,0.26354793423178197,hist_gradient_boosting,raw
9957,0,0.1745966534909596,hist_gradient_boosting,raw
9966,0,0.14730786009408406,hist_gradient_boosting,raw
9982,0,0.09390503713389856,hist_gradient_boosting,raw
9986,1,0.30044637769000987,hist_gradient_boosting,raw
9998,1,0.22652090848451328,hist_gradient_boosting,raw
3,1,0.32952821261443865,hist_gradient_boosting,sigmoid
7,0,0.2722943766329794,hist_gradient_boosting,sigmoid
8,0,0.16225236085976116,hist_gradient_boosting,sigmoid
15,1,0.4197258830149163,hist_gradient_boosting,sigmoid
22,0,0.48521006933260186,hist_gradient_boosting,sigmoid
25,0,0.39469886905720974,hist_gradient_boosting,sigmoid
46,1,0.35321512279320333,hist_gradient_boosting,sigmoid
49,0,0.3631083929713088,hist_gradient_boosting,sigmoid
62,0,0.35546281323897505,hist_gradient_boosting,sigmoid
64,1,0.34033272000330445,hist_gradient_boosting,sigmoid
65,1,0.4926300770890643,hist_gradient_boosting,sigmoid
66,0,0.5112424660522902,hist_gradient_boosting,sigmoid
91,0,0.30739863376981963,hist_gradient_boosting,sigmoid
105,0,0.3425723869383438,hist_gradient_boosting,sigmoid
110,1,0.4153491496333736,hist_gradient_boosting,sigmoid
111,1,0.6480831185318323,hist_gradient_boosting,sigmoid
119,1,0.5583593709023649,hist_gradient_boosting,sigmoid
124,0,0.435630852432076,hist_gradient_boosting,sigmoid
130,1,0.4697249728746053,hist_gradient_boosting,sigmoid
138,1,0.5397167735354693,hist_gradient_boosting,sigmoid
144,1,0.6690418958443277,hist_gradient_boosting,sigmoid
150,0,0.18669247153687796,hist_gradient_boosting,sigmoid
159,0,0.36465103092311374,hist_gradient_boosting,sigmoid
164,0,0.3554342055845773,hist_gradient_boosting,sigmoid
173,0,0.26202371589661383,hist_gradient_boosting,sigmoid
185,0,0.4493234653856159,hist_gradient_boosting,sigmoid
188,0,0.2132224005357886,hist_gradient_boosting,sigmoid
191,1,0.13036589361874704,hist_gradient_boosting,sigmoid
198,0,0.44493175245886585,hist_gradient_boosting,sigmoid
204,1,0.28094247646640624,hist_gradient_boosting,sigmoid
205,0,0.27711589248060803,hist_gradient_boosting,sigmoid
218,1,0.3033415669771137,hist_gradient_boosting,sigmoid
226,0,0.43927395468217173,hist_gradient_boosting,sigmoid
231,0,0.2588400307503447,hist_gradient_boosting,sigmoid
240,0,0.21148255174914082,hist_gradient_boosting,sigmoid
247,1,0.24159521158889954,hist_gradient_boosting,sigmoid
254,0,0.34850754985884885,hist_gradient_boosting,sigmoid
263,0,0.32370466643895524,hist_gradient_boosting,sigmoid
271,0,0.2764384504680193,hist_gradient_boosting,sigmoid
297,1,0.3880802581200413,hist_gradient_boosting,sigmoid
302,0,0.2941359498591873,hist_gradient_boosting,sigmoid
314,0,0.18890479792473874,hist_gradient_boosting,sigmoid
321,1,0.22663808818578787,hist_gradient_boosting,sigmoid
327,0,0.22027782068752155,hist_gradient_boosting,sigmoid
331,1,0.2921433824828364,hist_gradient_boosting,sigmoid
340,0,0.4445050142886295,hist_gradient_boosting,sigmoid
342,1,0.4276898883711083,hist_gradient_boosting,sigmoid
344,1,0.431578187017305,hist_gradient_boosting,sigmoid
354,0,0.34203671216071735,hist_gradient_boosting,sigmoid
358,1,0.27376211127328015,hist_gradient_boosting,sigmoid
370,0,0.4815462815227629,hist_gradient_boosting,sigmoid
374,1,0.24248055625235101,hist_gradient_boosting,sigmoid
379,0,0.2894593858048557,hist_gradient_boosting,sigmoid
396,0,0.3220722590428591,hist_gradient_boosting,sigmoid
397,1,0.45996968041906194,hist_gradient_boosting,sigmoid
408,1,0.28425342577836926,hist_gradient_boosting,sigmoid
420,1,0.5264317374171547,hist_gradient_boosting,sigmoid
427,0,0.21607812210117228,hist_gradient_boosting,sigmoid
429,1,0.3074454234578827,hist_gradient_boosting,sigmoid
430,1,0.23908404062248378,hist_gradient_boosting,sigmoid
431,0,0.2643862158291912,hist_gradient_boosting,sigmoid
442,0,0.2166967229733297,hist_gradient_boosting,sigmoid
446,0,0.4531032234891191,hist_gradient_boosting,sigmoid
447,0,0.2974243867096848,hist_gradient_boosting,sigmoid
454,1,0.31871143227321275,hist_gradient_boosting,sigmoid
462,0,0.22586466095133714,hist_gradient_boosting,sigmoid
474,0,0.26957548777197504,hist_gradient_boosting,sigmoid
475,0,0.30452224868942224,hist_gradient_boosting,sigmoid
483,0,0.35908884999365354,hist_gradient_boosting,sigmoid
489,0,0.42672357265603494,hist_gradient_boosting,sigmoid
502,0,0.20060783808061727,hist_gradient_boosting,sigmoid
506,1,0.767534138739898,hist_gradient_boosting,sigmoid
512,0,0.4076142325248741,hist_gradient_boosting,sigmoid
514,1,0.3586670975020229,hist_gradient_boosting,sigmoid
521,1,0.5923379787017187,hist_gradient_boosting,sigmoid
530,1,0.30505307748584654,hist_gradient_boosting,sigmoid
535,0,0.18803418755116277,hist_gradient_boosting,sigmoid
536,1,0.38244595845088153,hist_gradient_boosting,sigmoid
539,0,0.2988564214232843,hist_gradient_boosting,sigmoid
544,0,0.2485528010043862,hist_gradient_boosting,sigmoid
554,1,0.42412165372912114,hist_gradient_boosting,sigmoid
560,1,0.44529574262513577,hist_gradient_boosting,sigmoid
566,0,0.4343444157489004,hist_gradient_boosting,sigmoid
572,0,0.24239146538990589,hist_gradient_boosting,sigmoid
574,0,0.41894562234173277,hist_gradient_boosting,sigmoid
587,1,0.33340187755948586,hist_gradient_boosting,sigmoid
590,0,0.30823692509957223,hist_gradient_boosting,sigmoid
597,1,0.44220086502907013,hist_gradient_boosting,sigmoid
598,1,0.4370416016979577,hist_gradient_boosting,sigmoid
601,0,0.40722608741109134,hist_gradient_boosting,sigmoid
602,0,0.30994705253241617,hist_gradient_boosting,sigmoid
605,0,0.3714112296069546,hist_gradient_boosting,sigmoid
609,0,0.2852735842354154,hist_gradient_boosting,sigmoid
610,1,0.4080436537218757,hist_gradient_boosting,sigmoid
611,0,0.46725221522777977,hist_gradient_boosting,sigmoid
616,0,0.39425557426921987,hist_gradient_boosting,sigmoid
617,1,0.41822174474768387,hist_gradient_boosting,sigmoid
628,1,0.3224004544790113,hist_gradient_boosting,sigmoid
630,0,0.39383971078076,hist_gradient_boosting,sigmoid
632,1,0.4378060783607813,hist_gradient_boosting,sigmoid
636,1,0.2733446341283579,hist_gradient_boosting,sigmoid
640,0,0.4507465490987476,hist_gradient_boosting,sigmoid
643,1,0.3514812159210171,hist_gradient_boosting,sigmoid
645,0,0.3999072469726152,hist_gradient_boosting,sigmoid
653,1,0.539047483704294,hist_gradient_boosting,sigmoid
656,0,0.401006062913348,hist_gradient_boosting,sigmoid
671,0,0.20320509085877086,hist_gradient_boosting,sigmoid
675,1,0.38293389708233294,hist_gradient_boosting,sigmoid
683,1,0.3590316998174198,hist_gradient_boosting,sigmoid
693,1,0.34632026977626923,hist_gradient_boosting,sigmoid
706,1,0.37889691266997416,hist_gradient_boosting,sigmoid
712,1,0.30873679160501655,hist_gradient_boosting,sigmoid
716,0,0.3068456506415118,hist_gradient_boosting,sigmoid
720,1,0.39413559325761505,hist_gradient_boosting,sigmoid
721,0,0.5237878882693712,hist_gradient_boosting,sigmoid
742,0,0.2800000563810941,hist_gradient_boosting,sigmoid
761,1,0.32721543172404366,hist_gradient_boosting,sigmoid
785,0,0.3951092626918731,hist_gradient_boosting,sigmoid
791,0,0.26800619389711444,hist_gradient_boosting,sigmoid
807,1,0.32176257369633726,hist_gradient_boosting,sigmoid
808,0,0.3030587995857422,hist_gradient_boosting,sigmoid
810,0,0.44542503479588774,hist_gradient_boosting,sigmoid
811,0,0.23899599175545846,hist_gradient_boosting,sigmoid
817,0,0.40081977707076416,hist_gradient_boosting,sigmoid
821,0,0.38337799166250797,hist_gradient_boosting,sigmoid
822,0,0.27700558769183503,hist_gradient_boosting,sigmoid
842,0,0.305395352435041,hist_gradient_boosting,sigmoid
850,1,0.3451582249179729,hist_gradient_boosting,sigmoid
853,1,0.3462822563175133,hist_gradient_boosting,sigmoid
871,1,0.29311949253349856,hist_gradient_boosting,sigmoid
873,1,0.37123807269542175,hist_gradient_boosting,sigmoid
875,0,0.2889421456386401,hist_gradient_boosting,sigmoid
878,0,0.22440786134278623,hist_gradient_boosting,sigmoid
887,1,0.2716490623001644,hist_gradient_boosting,sigmoid
890,0,0.557372279794046,hist_gradient_boosting,sigmoid
905,0,0.44577064123112325,hist_gradient_boosting,sigmoid
906,1,0.33519217442162785,hist_gradient_boosting,sigmoid
912,1,0.4153822968651585,hist_gradient_boosting,sigmoid
913,1,0.39966389220257054,hist_gradient_boosting,sigmoid
916,0,0.23047760859416863,hist_gradient_boosting,sigmoid
919,0,0.3114391088894542,hist_gradient_boosting,sigmoid
926,0,0.17817392655288375,hist_gradient_boosting,sigmoid
937,0,0.3476056342855134,hist_gradient_boosting,sigmoid
945,0,0.49543770867197945,hist_gradient_boosting,sigmoid
947,0,0.26322121806280246,hist_gradient_boosting,sigmoid
948,0,0.38875708357504585,hist_gradient_boosting,sigmoid
959,1,0.5275650204185103,hist_gradient_boosting,sigmoid
966,0,0.25240655143958984,hist_gradient_boosting,sigmoid
979,0,0.5075306088915421,hist_gradient_boosting,sigmoid
980,0,0.3246402995534637,hist_gradient_boosting,sigmoid
988,0,0.3565965010948254,hist_gradient_boosting,sigmoid
989,0,0.331277802646608,hist_gradient_boosting,sigmoid
1008,0,0.37647174415610163,hist_gradient_boosting,sigmoid
1011,1,0.4337475013589368,hist_gradient_boosting,sigmoid
1012,1,0.44153406631253717,hist_gradient_boosting,sigmoid
1013,1,0.5505505985592939,hist_gradient_boosting,sigmoid
1034,0,0.5046744797875482,hist_gradient_boosting,sigmoid
1040,0,0.25520550058904234,hist_gradient_boosting,sigmoid
1042,1,0.43259372636312354,hist_gradient_boosting,sigmoid
1046,0,0.3179080934178056,hist_gradient_boosting,sigmoid
1049,0,0.2611899766607229,hist_gradient_boosting,sigmoid
1052,0,0.2618588554801312,hist_gradient_boosting,sigmoid
1073,0,0.3609624279216857,hist_gradient_boosting,sigmoid
1082,0,0.48510543521823835,hist_gradient_boosting,sigmoid
1102,0,0.31423709621490975,hist_gradient_boosting,sigmoid
1104,0,0.3228922315258317,hist_gradient_boosting,sigmoid
1105,0,0.2778760093053217,hist_gradient_boosting,sigmoid
1106,0,0.2904049986406183,hist_gradient_boosting,sigmoid
1115,0,0.28152109428981587,hist_gradient_boosting,sigmoid
1116,1,0.29308531609884975,hist_gradient_boosting,sigmoid
1119,0,0.25592075277189186,hist_gradient_boosting,sigmoid
1121,0,0.48234547468068856,hist_gradient_boosting,sigmoid
1128,0,0.4154767017891777,hist_gradient_boosting,sigmoid
1150,1,0.603547300830994,hist_gradient_boosting,sigmoid
1158,0,0.2533497131720754,hist_gradient_boosting,sigmoid
1164,0,0.3176692144084369,hist_gradient_boosting,sigmoid
1181,1,0.5013739235410395,hist_gradient_boosting,sigmoid
1183,1,0.3866340028216247,hist_gradient_boosting,sigmoid
1186,1,0.3196962276265127,hist_gradient_boosting,sigmoid
1187,0,0.2770941206682473,hist_gradient_boosting,sigmoid
1189,0,0.28367289061412737,hist_gradient_boosting,sigmoid
1195,1,0.3255594867654293,hist_gradient_boosting,sigmoid
1199,1,0.5251702221842373,hist_gradient_boosting,sigmoid
1206,1,0.27875748023320174,hist_gradient_boosting,sigmoid
1210,1,0.446833056224605,hist_gradient_boosting,sigmoid
1218,1,0.3669093352460584,hist_gradient_boosting,sigmoid
1219,0,0.36459887134119484,hist_gradient_boosting,sigmoid
1227,1,0.530445077051481,hist_gradient_boosting,sigmoid
1228,0,0.44671348163678315,hist_gradient_boosting,sigmoid
1229,0,0.48957119684867173,hist_gradient_boosting,sigmoid
1230,0,0.331135907509859,hist_gradient_boosting,sigmoid
1233,0,0.3269110804487985,hist_gradient_boosting,sigmoid
1234,1,0.5335801436560905,hist_gradient_boosting,sigmoid
1237,0,0.2648721818687221,hist_gradient_boosting,sigmoid
1259,1,0.2640314458542816,hist_gradient_boosting,sigmoid
1263,0,0.26226209082626567,hist_gradient_boosting,sigmoid
1274,0,0.3554928639972525,hist_gradient_boosting,sigmoid
1290,1,0.5430836179319576,hist_gradient_boosting,sigmoid
1303,1,0.5811192877022152,hist_gradient_boosting,sigmoid
1306,0,0.35710682574032593,hist_gradient_boosting,sigmoid
1310,0,0.510137795066307,hist_gradient_boosting,sigmoid
1312,0,0.4317393466623398,hist_gradient_boosting,sigmoid
1313,0,0.5297572264671673,hist_gradient_boosting,sigmoid
1316,1,0.6668005126106251,hist_gradient_boosting,sigmoid
1325,0,0.31539482689927956,hist_gradient_boosting,sigmoid
1342,0,0.2647472152454532,hist_gradient_boosting,sigmoid
1344,0,0.3514795203499969,hist_gradient_boosting,sigmoid
1354,0,0.3166074421429252,hist_gradient_boosting,sigmoid
1361,1,0.4294362975451253,hist_gradient_boosting,sigmoid
1362,0,0.22782247399707722,hist_gradient_boosting,sigmoid
1363,0,0.3623776377305753,hist_gradient_boosting,sigmoid
1365,1,0.3912857867354927,hist_gradient_boosting,sigmoid
1367,1,0.26561782906942255,hist_gradient_boosting,sigmoid
1378,0,0.2853765847524792,hist_gradient_boosting,sigmoid
1382,0,0.26930837555179327,hist_gradient_boosting,sigmoid
1392,0,0.2948418808449864,hist_gradient_boosting,sigmoid
1405,1,0.323128653233603,hist_gradient_boosting,sigmoid
1409,0,0.3121509715142908,hist_gradient_boosting,sigmoid
1413,0,0.4225747582715009,hist_gradient_boosting,sigmoid
1414,1,0.38802764928554007,hist_gradient_boosting,sigmoid
1415,0,0.29665363890547575,hist_gradient_boosting,sigmoid
1417,1,0.34034618292751634,hist_gradient_boosting,sigmoid
1419,0,0.2876677112147183,hist_gradient_boosting,sigmoid
1421,0,0.3348041790655456,hist_gradient_boosting,sigmoid
1433,0,0.19418691258638546,hist_gradient_boosting,sigmoid
1443,0,0.26382325363580983,hist_gradient_boosting,sigmoid
1445,0,0.2877636814053739,hist_gradient_boosting,sigmoid
1451,1,0.29370642473956365,hist_gradient_boosting,sigmoid
1452,0,0.5192438612989404,hist_gradient_boosting,sigmoid
1453,0,0.3607896806977997,hist_gradient_boosting,sigmoid
1456,0,0.1904127301535564,hist_gradient_boosting,sigmoid
1466,0,0.7366367356789923,hist_gradient_boosting,sigmoid
1485,1,0.4483464823972005,hist_gradient_boosting,sigmoid
1489,0,0.2891044527776306,hist_gradient_boosting,sigmoid
1494,0,0.3495545320393929,hist_gradient_boosting,sigmoid
1502,0,0.4642434379473802,hist_gradient_boosting,sigmoid
1508,0,0.42024692075288234,hist_gradient_boosting,sigmoid
1514,0,0.27946396646179666,hist_gradient_boosting,sigmoid
1515,0,0.5556115350832525,hist_gradient_boosting,sigmoid
1520,0,0.29357315720471694,hist_gradient_boosting,sigmoid
1521,0,0.3211294086243805,hist_gradient_boosting,sigmoid
1525,0,0.31800140492012047,hist_gradient_boosting,sigmoid
1526,0,0.24870170820384768,hist_gradient_boosting,sigmoid
1544,0,0.2805106028625141,hist_gradient_boosting,sigmoid
1546,1,0.2905324491461238,hist_gradient_boosting,sigmoid
1556,0,0.3327472832038725,hist_gradient_boosting,sigmoid
1561,0,0.24747856612421312,hist_gradient_boosting,sigmoid
1573,0,0.3087413402298886,hist_gradient_boosting,sigmoid
1577,1,0.4090715891378507,hist_gradient_boosting,sigmoid
1579,1,0.325756001668129,hist_gradient_boosting,sigmoid
1592,0,0.35490480566073795,hist_gradient_boosting,sigmoid
1595,0,0.3833024672126457,hist_gradient_boosting,sigmoid
1596,1,0.45681072133487755,hist_gradient_boosting,sigmoid
1598,0,0.2925312073069808,hist_gradient_boosting,sigmoid
1608,1,0.2714944743994604,hist_gradient_boosting,sigmoid
1612,0,0.36948251966144713,hist_gradient_boosting,sigmoid
1623,0,0.3093099801047736,hist_gradient_boosting,sigmoid
1624,0,0.26082658041340406,hist_gradient_boosting,sigmoid
1625,0,0.24564021162528182,hist_gradient_boosting,sigmoid
1632,0,0.2859392206110969,hist_gradient_boosting,sigmoid
1643,1,0.5800335333602532,hist_gradient_boosting,sigmoid
1648,0,0.38462138069686386,hist_gradient_boosting,sigmoid
1649,0,0.5012827775133382,hist_gradient_boosting,sigmoid
1656,0,0.42072088822892223,hist_gradient_boosting,sigmoid
1657,0,0.31008124090652933,hist_gradient_boosting,sigmoid
1660,1,0.26956629698511547,hist_gradient_boosting,sigmoid
1682,1,0.33064237581741396,hist_gradient_boosting,sigmoid
1684,1,0.173324064088655,hist_gradient_boosting,sigmoid
1691,1,0.5802267289382073,hist_gradient_boosting,sigmoid
1702,1,0.5623010644408428,hist_gradient_boosting,sigmoid
1706,1,0.730019439909443,hist_gradient_boosting,sigmoid
1728,0,0.2867353828132121,hist_gradient_boosting,sigmoid
1729,1,0.3086097334027242,hist_gradient_boosting,sigmoid
1731,1,0.40549072366954725,hist_gradient_boosting,sigmoid
1740,1,0.5425409807302847,hist_gradient_boosting,sigmoid
1750,1,0.4692249475806757,hist_gradient_boosting,sigmoid
1758,1,0.13907528950656828,hist_gradient_boosting,sigmoid
1760,0,0.27450274709920797,hist_gradient_boosting,sigmoid
1763,0,0.2768452440626588,hist_gradient_boosting,sigmoid
1767,0,0.30357368715760236,hist_gradient_boosting,sigmoid
1770,0,0.4908488352798291,hist_gradient_boosting,sigmoid
1773,0,0.6897284664918917,hist_gradient_boosting,sigmoid
1782,0,0.34537186993572416,hist_gradient_boosting,sigmoid
1791,0,0.41008485401564965,hist_gradient_boosting,sigmoid
1797,0,0.3934706632886025,hist_gradient_boosting,sigmoid
1803,0,0.24365611735893386,hist_gradient_boosting,sigmoid
1805,1,0.31680242493663624,hist_gradient_boosting,sigmoid
1822,1,0.5564106013975111,hist_gradient_boosting,sigmoid
1837,0,0.2683891667492849,hist_gradient_boosting,sigmoid
1891,1,0.31350900940328025,hist_gradient_boosting,sigmoid
1900,0,0.2770884011289193,hist_gradient_boosting,sigmoid
1910,0,0.28854444377833127,hist_gradient_boosting,sigmoid
1919,1,0.5779677818777933,hist_gradient_boosting,sigmoid
1921,0,0.6489191368193155,hist_gradient_boosting,sigmoid
1923,0,0.2947044858721235,hist_gradient_boosting,sigmoid
1924,1,0.28093107589946886,hist_gradient_boosting,sigmoid
1926,1,0.450631330056115,hist_gradient_boosting,sigmoid
1939,0,0.27550208482801125,hist_gradient_boosting,sigmoid
1943,0,0.3194263690269973,hist_gradient_boosting,sigmoid
1953,0,0.3751870435126289,hist_gradient_boosting,sigmoid
1955,0,0.2589598558887485,hist_gradient_boosting,sigmoid
1956,0,0.35644946282663176,hist_gradient_boosting,sigmoid
1959,0,0.453466136068418,hist_gradient_boosting,sigmoid
1960,0,0.20722339157111014,hist_gradient_boosting,sigmoid
1962,0,0.23634222929996548,hist_gradient_boosting,sigmoid
1977,0,0.47754362727665434,hist_gradient_boosting,sigmoid
1983,1,0.5586249100675822,hist_gradient_boosting,sigmoid
1986,0,0.30250350949389665,hist_gradient_boosting,sigmoid
1990,0,0.3339202644376898,hist_gradient_boosting,sigmoid
1991,0,0.2891398693025512,hist_gradient_boosting,sigmoid
1994,0,0.28425036854839414,hist_gradient_boosting,sigmoid
1997,0,0.27256574629892755,hist_gradient_boosting,sigmoid
1999,0,0.20027893528840265,hist_gradient_boosting,sigmoid
2002,1,0.3798695421114762,hist_gradient_boosting,sigmoid
2003,1,0.2810891912687984,hist_gradient_boosting,sigmoid
2021,0,0.4355129091041837,hist_gradient_boosting,sigmoid
2027,1,0.6766973513560367,hist_gradient_boosting,sigmoid
2030,0,0.4095812561782922,hist_gradient_boosting,sigmoid
2032,1,0.7196407643812089,hist_gradient_boosting,sigmoid
2060,0,0.2757104982140766,hist_gradient_boosting,sigmoid
2076,0,0.3444460445398772,hist_gradient_boosting,sigmoid
2077,1,0.260412701777093,hist_gradient_boosting,sigmoid
2079,0,0.47057814894739325,hist_gradient_boosting,sigmoid
2089,0,0.380824523043028,hist_gradient_boosting,sigmoid
2096,0,0.3681594927235271,hist_gradient_boosting,sigmoid
2107,1,0.49622984267357234,hist_gradient_boosting,sigmoid
2108,1,0.5169108295352824,hist_gradient_boosting,sigmoid
2113,0,0.2061295276324551,hist_gradient_boosting,sigmoid
2120,0,0.26066956316339035,hist_gradient_boosting,sigmoid
2122,0,0.27385416204119223,hist_gradient_boosting,sigmoid
2126,1,0.3983801402388012,hist_gradient_boosting,sigmoid
2128,0,0.2434044216273695,hist_gradient_boosting,sigmoid
2129,0,0.3173083262128484,hist_gradient_boosting,sigmoid
2155,1,0.4784441280321322,hist_gradient_boosting,sigmoid
2156,1,0.24062345854592132,hist_gradient_boosting,sigmoid
2161,1,0.5425874786148076,hist_gradient_boosting,sigmoid
2165,0,0.39513924148331764,hist_gradient_boosting,sigmoid
2166,1,0.3515208521769928,hist_gradient_boosting,sigmoid
2171,1,0.45708310185664147,hist_gradient_boosting,sigmoid
2177,0,0.4967175684941122,hist_gradient_boosting,sigmoid
2198,1,0.45040964729076255,hist_gradient_boosting,sigmoid
2205,0,0.29691342859080894,hist_gradient_boosting,sigmoid
2210,0,0.29722490314327105,hist_gradient_boosting,sigmoid
2212,0,0.3479196125082647,hist_gradient_boosting,sigmoid
2232,0,0.28898966695166267,hist_gradient_boosting,sigmoid
2238,0,0.34551510134529734,hist_gradient_boosting,sigmoid
2243,0,0.21705474622169021,hist_gradient_boosting,sigmoid
2245,1,0.32327729982969045,hist_gradient_boosting,sigmoid
2247,0,0.2950117957630437,hist_gradient_boosting,sigmoid
2252,0,0.4235521170252987,hist_gradient_boosting,sigmoid
2264,0,0.3062639192954389,hist_gradient_boosting,sigmoid
2276,0,0.24394331704466218,hist_gradient_boosting,sigmoid
2281,1,0.4933821257926832,hist_gradient_boosting,sigmoid
2292,0,0.22593158231576166,hist_gradient_boosting,sigmoid
2300,0,0.3016941779697963,hist_gradient_boosting,sigmoid
2304,1,0.6893354949322401,hist_gradient_boosting,sigmoid
2305,1,0.33020845745588706,hist_gradient_boosting,sigmoid
2308,1,0.396789828320032,hist_gradient_boosting,sigmoid
2327,0,0.32081779852078124,hist_gradient_boosting,sigmoid
2333,0,0.27038266535909966,hist_gradient_boosting,sigmoid
2341,1,0.3055580550306107,hist_gradient_boosting,sigmoid
2342,0,0.35509961097805065,hist_gradient_boosting,sigmoid
2352,0,0.3078206280419237,hist_gradient_boosting,sigmoid
2362,1,0.29591246617646827,hist_gradient_boosting,sigmoid
2363,1,0.3467026296420274,hist_gradient_boosting,sigmoid
2373,0,0.2846818749016868,hist_gradient_boosting,sigmoid
2383,0,0.20912545603945046,hist_gradient_boosting,sigmoid
2386,1,0.33228048394130094,hist_gradient_boosting,sigmoid
2399,1,0.30289909524874964,hist_gradient_boosting,sigmoid
2403,0,0.40304027592125546,hist_gradient_boosting,sigmoid
2410,0,0.49983042002490824,hist_gradient_boosting,sigmoid
2411,1,0.5462220477062519,hist_gradient_boosting,sigmoid
2412,0,0.6061190268569046,hist_gradient_boosting,sigmoid
2414,0,0.3522664019589087,hist_gradient_boosting,sigmoid
2418,0,0.3036825014891881,hist_gradient_boosting,sigmoid
2424,0,0.23189640590732893,hist_gradient_boosting,sigmoid
2433,0,0.38926810380333304,hist_gradient_boosting,sigmoid
2436,1,0.49628543682392123,hist_gradient_boosting,sigmoid
2450,1,0.5849151406926609,hist_gradient_boosting,sigmoid
2452,0,0.4512050260463434,hist_gradient_boosting,sigmoid
2461,0,0.43225070899432816,hist_gradient_boosting,sigmoid
2463,0,0.3645042952213318,hist_gradient_boosting,sigmoid
2474,1,0.5693118775665356,hist_gradient_boosting,sigmoid
2484,0,0.2803881992359758,hist_gradient_boosting,sigmoid
2490,1,0.3519860506454246,hist_gradient_boosting,sigmoid
2499,0,0.3355824417443604,hist_gradient_boosting,sigmoid
2506,0,0.4264832613870887,hist_gradient_boosting,sigmoid
2517,1,0.2988505731370005,hist_gradient_boosting,sigmoid
2522,0,0.4677345217308416,hist_gradient_boosting,sigmoid
2524,0,0.5018126914121789,hist_gradient_boosting,sigmoid
2533,1,0.5560337370476391,hist_gradient_boosting,sigmoid
2534,0,0.2100642968354358,hist_gradient_boosting,sigmoid
2542,1,0.42969934136342963,hist_gradient_boosting,sigmoid
2545,1,0.6034969243311818,hist_gradient_boosting,sigmoid
2547,0,0.31894483141176505,hist_gradient_boosting,sigmoid
2548,0,0.21379260449859516,hist_gradient_boosting,sigmoid
2552,0,0.41264851678112324,hist_gradient_boosting,sigmoid
2571,0,0.2668497439337673,hist_gradient_boosting,sigmoid
2572,0,0.2757390611347495,hist_gradient_boosting,sigmoid
2576,0,0.39948629638759214,hist_gradient_boosting,sigmoid
2580,1,0.3100188891622197,hist_gradient_boosting,sigmoid
2592,0,0.29648448614653183,hist_gradient_boosting,sigmoid
2593,1,0.29102966480620157,hist_gradient_boosting,sigmoid
2596,0,0.48697880833349255,hist_gradient_boosting,sigmoid
2597,1,0.40618396278822355,hist_gradient_boosting,sigmoid
2602,1,0.37229575795388475,hist_gradient_boosting,sigmoid
2610,0,0.3168424283132403,hist_gradient_boosting,sigmoid
2615,0,0.2501288105428513,hist_gradient_boosting,sigmoid
2616,1,0.5684587903942568,hist_gradient_boosting,sigmoid
2629,0,0.2682386910182611,hist_gradient_boosting,sigmoid
2631,0,0.25971783969528056,hist_gradient_boosting,sigmoid
2632,1,0.2906708775331329,hist_gradient_boosting,sigmoid
2633,0,0.33231889781257556,hist_gradient_boosting,sigmoid
2636,0,0.27312089900247366,hist_gradient_boosting,sigmoid
2655,1,0.4316876971067533,hist_gradient_boosting,sigmoid
2660,0,0.23642958091489044,hist_gradient_boosting,sigmoid
2677,1,0.42898832259278835,hist_gradient_boosting,sigmoid
2686,0,0.22596846366338774,hist_gradient_boosting,sigmoid
2692,0,0.2854212046499633,hist_gradient_boosting,sigmoid
2698,0,0.25257081938059045,hist_gradient_boosting,sigmoid
2704,0,0.2407877718423933,hist_gradient_boosting,sigmoid
2707,0,0.2938369679905786,hist_gradient_boosting,sigmoid
2735,0,0.28888170840470373,hist_gradient_boosting,sigmoid
2747,1,0.38652954016378016,hist_gradient_boosting,sigmoid
2748,0,0.30144219891521834,hist_gradient_boosting,sigmoid
2750,0,0.26597078545186964,hist_gradient_boosting,sigmoid
2755,1,0.5768646207420334,hist_gradient_boosting,sigmoid
2760,0,0.3929868029305951,hist_gradient_boosting,sigmoid
2762,0,0.3242107055983668,hist_gradient_boosting,sigmoid
2770,1,0.42270710506954057,hist_gradient_boosting,sigmoid
2781,0,0.24603232421881657,hist_gradient_boosting,sigmoid
2785,0,0.29070725414511667,hist_gradient_boosting,sigmoid
2791,0,0.3014878356073503,hist_gradient_boosting,sigmoid
2799,0,0.32906899312443216,hist_gradient_boosting,sigmoid
2816,1,0.5830401432990758,hist_gradient_boosting,sigmoid
2820,0,0.3175810409066595,hist_gradient_boosting,sigmoid
2822,0,0.25230789912805274,hist_gradient_boosting,sigmoid
2828,0,0.27754143470437587,hist_gradient_boosting,sigmoid
2833,0,0.47917664046364883,hist_gradient_boosting,sigmoid
2834,0,0.31985766416161276,hist_gradient_boosting,sigmoid
2835,0,0.3349056395335664,hist_gradient_boosting,sigmoid
2838,0,0.2927827220145478,hist_gradient_boosting,sigmoid
2844,1,0.24635417097875456,hist_gradient_boosting,sigmoid
2853,0,0.30899350606399967,hist_gradient_boosting,sigmoid
2855,1,0.4039238746297879,hist_gradient_boosting,sigmoid
2858,1,0.3579486749068856,hist_gradient_boosting,sigmoid
2864,1,0.33375729223109707,hist_gradient_boosting,sigmoid
2873,1,0.3545525861549597,hist_gradient_boosting,sigmoid
2882,1,0.39586273588520393,hist_gradient_boosting,sigmoid
2890,1,0.2980904135825369,hist_gradient_boosting,sigmoid
2904,0,0.2754454547667534,hist_gradient_boosting,sigmoid
2906,1,0.34754874752077597,hist_gradient_boosting,sigmoid
2908,0,0.2585284594090389,hist_gradient_boosting,sigmoid
2913,0,0.47485620146700735,hist_gradient_boosting,sigmoid
2916,1,0.28848199374443523,hist_gradient_boosting,sigmoid
2917,1,0.2360007943849776,hist_gradient_boosting,sigmoid
2918,0,0.24622192629590825,hist_gradient_boosting,sigmoid
2928,0,0.49629075746926227,hist_gradient_boosting,sigmoid
2931,0,0.40630765866407403,hist_gradient_boosting,sigmoid
2933,1,0.7197396396944606,hist_gradient_boosting,sigmoid
2935,0,0.3680029458523389,hist_gradient_boosting,sigmoid
2938,1,0.40871324203722803,hist_gradient_boosting,sigmoid
2939,1,0.22132355804724477,hist_gradient_boosting,sigmoid
2944,0,0.3255305671301338,hist_gradient_boosting,sigmoid
2947,0,0.29581179913947336,hist_gradient_boosting,sigmoid
2952,0,0.28878928093813594,hist_gradient_boosting,sigmoid
2965,0,0.21657390602188623,hist_gradient_boosting,sigmoid
2969,1,0.4310021312048632,hist_gradient_boosting,sigmoid
2979,0,0.4794575427122324,hist_gradient_boosting,sigmoid
2984,1,0.35629786378946526,hist_gradient_boosting,sigmoid
2988,1,0.5145417575506578,hist_gradient_boosting,sigmoid
3021,0,0.2514924145218185,hist_gradient_boosting,sigmoid
3025,0,0.40788926967001643,hist_gradient_boosting,sigmoid
3027,0,0.2813264265055112,hist_gradient_boosting,sigmoid
3036,0,0.5355394857190321,hist_gradient_boosting,sigmoid
3037,0,0.2774775115719599,hist_gradient_boosting,sigmoid
3038,0,0.2698462647803642,hist_gradient_boosting,sigmoid
3045,0,0.3456487200353702,hist_gradient_boosting,sigmoid
3046,0,0.33782588482663484,hist_gradient_boosting,sigmoid
3056,1,0.31568111589769815,hist_gradient_boosting,sigmoid
3058,0,0.39788294285976955,hist_gradient_boosting,sigmoid
3060,0,0.2631067515858104,hist_gradient_boosting,sigmoid
3064,0,0.37560751178194135,hist_gradient_boosting,sigmoid
3066,0,0.29466814637835925,hist_gradient_boosting,sigmoid
3067,1,0.6689211615380702,hist_gradient_boosting,sigmoid
3087,0,0.21771119185171744,hist_gradient_boosting,sigmoid
3088,0,0.42855157990163,hist_gradient_boosting,sigmoid
3089,1,0.38615821985443455,hist_gradient_boosting,sigmoid
3093,1,0.39731477082758637,hist_gradient_boosting,sigmoid
3097,0,0.25348097122602253,hist_gradient_boosting,sigmoid
3109,0,0.19161567908276847,hist_gradient_boosting,sigmoid
3125,0,0.315453106158908,hist_gradient_boosting,sigmoid
3126,0,0.2573465873333466,hist_gradient_boosting,sigmoid
3128,0,0.32425024764874344,hist_gradient_boosting,sigmoid
3133,0,0.22200995743726296,hist_gradient_boosting,sigmoid
3146,0,0.38471137827765095,hist_gradient_boosting,sigmoid
3148,0,0.3550626773988879,hist_gradient_boosting,sigmoid
3149,1,0.3766123119278547,hist_gradient_boosting,sigmoid
3153,0,0.24639159949188766,hist_gradient_boosting,sigmoid
3157,0,0.2579819038551696,hist_gradient_boosting,sigmoid
3158,1,0.308065713511239,hist_gradient_boosting,sigmoid
3168,0,0.27049396040420204,hist_gradient_boosting,sigmoid
3171,0,0.3569731170075091,hist_gradient_boosting,sigmoid
3173,0,0.3763663718852211,hist_gradient_boosting,sigmoid
3174,0,0.45389509735221417,hist_gradient_boosting,sigmoid
3179,1,0.2595257767090793,hist_gradient_boosting,sigmoid
3183,1,0.48447641842236805,hist_gradient_boosting,sigmoid
3187,0,0.33428625804211526,hist_gradient_boosting,sigmoid
3188,1,0.4119221885609779,hist_gradient_boosting,sigmoid
3193,1,0.25664891016281083,hist_gradient_boosting,sigmoid
3195,0,0.44400253251837823,hist_gradient_boosting,sigmoid
3196,1,0.20296606490694208,hist_gradient_boosting,sigmoid
3203,1,0.45938356769973326,hist_gradient_boosting,sigmoid
3223,0,0.27131479648467355,hist_gradient_boosting,sigmoid
3224,0,0.4379902624494845,hist_gradient_boosting,sigmoid
3229,1,0.43655201934492754,hist_gradient_boosting,sigmoid
3236,0,0.3467850472872409,hist_gradient_boosting,sigmoid
3242,0,0.41816913684192036,hist_gradient_boosting,sigmoid
3245,0,0.18272907225840535,hist_gradient_boosting,sigmoid
3253,0,0.23841789057125704,hist_gradient_boosting,sigmoid
3255,0,0.26444150303258396,hist_gradient_boosting,sigmoid
3270,0,0.20153153313057418,hist_gradient_boosting,sigmoid
3275,0,0.33337703977191196,hist_gradient_boosting,sigmoid
3276,1,0.3396759277773667,hist_gradient_boosting,sigmoid
3281,0,0.2894174143505293,hist_gradient_boosting,sigmoid
3287,0,0.3464903219250851,hist_gradient_boosting,sigmoid
3288,0,0.5067691024917833,hist_gradient_boosting,sigmoid
3296,0,0.2448006034084267,hist_gradient_boosting,sigmoid
3297,1,0.2864844442057389,hist_gradient_boosting,sigmoid
3301,0,0.20806298981002486,hist_gradient_boosting,sigmoid
3307,0,0.24859365254346127,hist_gradient_boosting,sigmoid
3319,0,0.42161773397809776,hist_gradient_boosting,sigmoid
3324,1,0.35592816273445776,hist_gradient_boosting,sigmoid
3326,1,0.40769983887457595,hist_gradient_boosting,sigmoid
3339,1,0.20291329125283106,hist_gradient_boosting,sigmoid
3350,0,0.3322378159017494,hist_gradient_boosting,sigmoid
3354,0,0.3383693070761599,hist_gradient_boosting,sigmoid
3355,1,0.4767516461177449,hist_gradient_boosting,sigmoid
3368,1,0.5021555087866965,hist_gradient_boosting,sigmoid
3373,0,0.29817496366260854,hist_gradient_boosting,sigmoid
3386,1,0.39579389523926983,hist_gradient_boosting,sigmoid
3388,0,0.3430448298793079,hist_gradient_boosting,sigmoid
3399,1,0.42836951970063053,hist_gradient_boosting,sigmoid
3420,0,0.32315036233708133,hist_gradient_boosting,sigmoid
3426,0,0.297361768416836,hist_gradient_boosting,sigmoid
3431,0,0.2599592858477446,hist_gradient_boosting,sigmoid
3433,0,0.22277078495403543,hist_gradient_boosting,sigmoid
3437,1,0.3346283926715788,hist_gradient_boosting,sigmoid
3438,1,0.20571899664947932,hist_gradient_boosting,sigmoid
3455,0,0.26071437702760747,hist_gradient_boosting,sigmoid
3457,0,0.3900866511593027,hist_gradient_boosting,sigmoid
3463,0,0.29373411273477273,hist_gradient_boosting,sigmoid
3465,1,0.5683809957537141,hist_gradient_boosting,sigmoid
3468,0,0.33077039210840686,hist_gradient_boosting,sigmoid
3469,1,0.31983171658764775,hist_gradient_boosting,sigmoid
3472,1,0.39006274934039215,hist_gradient_boosting,sigmoid
3475,1,0.4094927107526518,hist_gradient_boosting,sigmoid
3477,0,0.26797177466050126,hist_gradient_boosting,sigmoid
3480,1,0.39599981104011445,hist_gradient_boosting,sigmoid
3484,1,0.3161527823824459,hist_gradient_boosting,sigmoid
3492,1,0.30417789283059854,hist_gradient_boosting,sigmoid
3501,0,0.5180927065264332,hist_gradient_boosting,sigmoid
3519,1,0.40834023421569504,hist_gradient_boosting,sigmoid
3523,1,0.39286640186518235,hist_gradient_boosting,sigmoid
3544,1,0.25869846292383086,hist_gradient_boosting,sigmoid
3553,0,0.25957830018323813,hist_gradient_boosting,sigmoid
3565,1,0.47712374662444923,hist_gradient_boosting,sigmoid
3568,0,0.4362708430519647,hist_gradient_boosting,sigmoid
3572,0,0.3232450382459724,hist_gradient_boosting,sigmoid
3573,0,0.23367568025776003,hist_gradient_boosting,sigmoid
3576,1,0.2860736781891161,hist_gradient_boosting,sigmoid
3592,1,0.2881897085285744,hist_gradient_boosting,sigmoid
3594,0,0.2575373347344464,hist_gradient_boosting,sigmoid
3607,0,0.28991735243111644,hist_gradient_boosting,sigmoid
3613,0,0.3217197289424677,hist_gradient_boosting,sigmoid
3618,0,0.33877507695985704,hist_gradient_boosting,sigmoid
3626,0,0.4081529996491039,hist_gradient_boosting,sigmoid
3629,1,0.4773786989572626,hist_gradient_boosting,sigmoid
3646,0,0.4468631194907618,hist_gradient_boosting,sigmoid
3650,0,0.36508834032600307,hist_gradient_boosting,sigmoid
3666,0,0.4063838911603686,hist_gradient_boosting,sigmoid
3679,1,0.19985993363498974,hist_gradient_boosting,sigmoid
3682,1,0.41740182123751235,hist_gradient_boosting,sigmoid
3684,1,0.4181587679719044,hist_gradient_boosting,sigmoid
3691,1,0.24221215662776277,hist_gradient_boosting,sigmoid
3702,0,0.31562996023539286,hist_gradient_boosting,sigmoid
3709,0,0.263128485294901,hist_gradient_boosting,sigmoid
3733,1,0.3137184509984938,hist_gradient_boosting,sigmoid
3743,0,0.4032371993244863,hist_gradient_boosting,sigmoid
3744,1,0.4060927827068414,hist_gradient_boosting,sigmoid
3751,1,0.3770160944320344,hist_gradient_boosting,sigmoid
3752,0,0.34349290733745247,hist_gradient_boosting,sigmoid
3753,0,0.46457399184275283,hist_gradient_boosting,sigmoid
3759,0,0.2925434501491148,hist_gradient_boosting,sigmoid
3795,0,0.40593525686311305,hist_gradient_boosting,sigmoid
3809,1,0.3000287849466532,hist_gradient_boosting,sigmoid
3810,1,0.30824499781654835,hist_gradient_boosting,sigmoid
3813,0,0.6909021391315961,hist_gradient_boosting,sigmoid
3833,1,0.4182839048236961,hist_gradient_boosting,sigmoid
3836,1,0.2567363280138345,hist_gradient_boosting,sigmoid
3837,1,0.7219025201907806,hist_gradient_boosting,sigmoid
3838,0,0.31183273450217525,hist_gradient_boosting,sigmoid
3847,0,0.4203390561278164,hist_gradient_boosting,sigmoid
3863,0,0.34661232353420157,hist_gradient_boosting,sigmoid
3883,1,0.2662938184808217,hist_gradient_boosting,sigmoid
3886,0,0.3415975804165831,hist_gradient_boosting,sigmoid
3887,0,0.31373003921223935,hist_gradient_boosting,sigmoid
3889,0,0.2943541187253099,hist_gradient_boosting,sigmoid
3896,0,0.5892775401430188,hist_gradient_boosting,sigmoid
3913,0,0.2868913810195749,hist_gradient_boosting,sigmoid
3915,0,0.2560687553186071,hist_gradient_boosting,sigmoid
3920,1,0.7799088508156925,hist_gradient_boosting,sigmoid
3938,0,0.3973930806011689,hist_gradient_boosting,sigmoid
3963,1,0.6400948177583127,hist_gradient_boosting,sigmoid
3965,1,0.30114617459631754,hist_gradient_boosting,sigmoid
3972,0,0.18192783775725554,hist_gradient_boosting,sigmoid
3979,1,0.4767588059911712,hist_gradient_boosting,sigmoid
3980,0,0.3242380905678231,hist_gradient_boosting,sigmoid
3988,0,0.33764277601244613,hist_gradient_boosting,sigmoid
4001,0,0.38449600248506244,hist_gradient_boosting,sigmoid
4002,0,0.2697543066960059,hist_gradient_boosting,sigmoid
4003,1,0.3852832878146946,hist_gradient_boosting,sigmoid
4013,0,0.3615582123304391,hist_gradient_boosting,sigmoid
4018,0,0.25099477985613455,hist_gradient_boosting,sigmoid
4019,0,0.2552137538318276,hist_gradient_boosting,sigmoid
4022,1,0.33069901425925996,hist_gradient_boosting,sigmoid
4028,1,0.446194502068998,hist_gradient_boosting,sigmoid
4035,0,0.22933312160628352,hist_gradient_boosting,sigmoid
4040,1,0.19762213034310952,hist_gradient_boosting,sigmoid
4042,0,0.42611862543087337,hist_gradient_boosting,sigmoid
4050,1,0.22749961571001537,hist_gradient_boosting,sigmoid
4053,1,0.7356208217221796,hist_gradient_boosting,sigmoid
4066,1,0.43173266507054575,hist_gradient_boosting,sigmoid
4074,0,0.43321803421921995,hist_gradient_boosting,sigmoid
4084,0,0.2367029458256377,hist_gradient_boosting,sigmoid
4093,1,0.6297936764334667,hist_gradient_boosting,sigmoid
4095,1,0.36505004522269774,hist_gradient_boosting,sigmoid
4096,0,0.30630290662850534,hist_gradient_boosting,sigmoid
4098,1,0.2707918628415381,hist_gradient_boosting,sigmoid
4103,0,0.4128436300364625,hist_gradient_boosting,sigmoid
4112,1,0.4635913903230008,hist_gradient_boosting,sigmoid
4126,0,0.27083737604442054,hist_gradient_boosting,sigmoid
4128,0,0.37565174250229355,hist_gradient_boosting,sigmoid
4143,0,0.28561672282882206,hist_gradient_boosting,sigmoid
4145,0,0.5432939769606417,hist_gradient_boosting,sigmoid
4153,0,0.2320651926427447,hist_gradient_boosting,sigmoid
4155,0,0.35441019677467356,hist_gradient_boosting,sigmoid
4156,0,0.29545789898561614,hist_gradient_boosting,sigmoid
4163,1,0.3898794227129125,hist_gradient_boosting,sigmoid
4178,0,0.32914736969392555,hist_gradient_boosting,sigmoid
4185,0,0.3173698748759657,hist_gradient_boosting,sigmoid
4186,0,0.35429665844367253,hist_gradient_boosting,sigmoid
4188,0,0.23005250232217522,hist_gradient_boosting,sigmoid
4190,0,0.4346790926715196,hist_gradient_boosting,sigmoid
4193,0,0.4107825190262955,hist_gradient_boosting,sigmoid
4194,0,0.3586140996404332,hist_gradient_boosting,sigmoid
4195,0,0.22909070137371212,hist_gradient_boosting,sigmoid
4197,0,0.20213002749970074,hist_gradient_boosting,sigmoid
4206,0,0.26983791235161775,hist_gradient_boosting,sigmoid
4214,1,0.4649567111707609,hist_gradient_boosting,sigmoid
4217,0,0.4160976672155466,hist_gradient_boosting,sigmoid
4219,1,0.40490504344859374,hist_gradient_boosting,sigmoid
4221,1,0.25403580193419295,hist_gradient_boosting,sigmoid
4227,1,0.3898045905443486,hist_gradient_boosting,sigmoid
4237,0,0.233387841707493,hist_gradient_boosting,sigmoid
4245,0,0.32702726077697863,hist_gradient_boosting,sigmoid
4254,1,0.6403289632905076,hist_gradient_boosting,sigmoid
4261,0,0.2918262753590294,hist_gradient_boosting,sigmoid
4271,0,0.3674375434403139,hist_gradient_boosting,sigmoid
4285,1,0.44374254789417356,hist_gradient_boosting,sigmoid
4308,1,0.26513974262463896,hist_gradient_boosting,sigmoid
4315,0,0.25142654838809936,hist_gradient_boosting,sigmoid
4321,0,0.3102810349764161,hist_gradient_boosting,sigmoid
4335,1,0.44194713249534906,hist_gradient_boosting,sigmoid
4348,0,0.37653199916512015,hist_gradient_boosting,sigmoid
4361,0,0.23700112340981322,hist_gradient_boosting,sigmoid
4369,0,0.21157882699932679,hist_gradient_boosting,sigmoid
4375,0,0.3181485599684239,hist_gradient_boosting,sigmoid
4382,0,0.2836698908526624,hist_gradient_boosting,sigmoid
4403,0,0.27150349448547934,hist_gradient_boosting,sigmoid
4404,1,0.3675083388026481,hist_gradient_boosting,sigmoid
4414,0,0.27214170618345124,hist_gradient_boosting,sigmoid
4415,1,0.2776110632892544,hist_gradient_boosting,sigmoid
4423,1,0.37333857547332755,hist_gradient_boosting,sigmoid
4437,0,0.3110102859266583,hist_gradient_boosting,sigmoid
4440,0,0.36544825689829513,hist_gradient_boosting,sigmoid
4444,0,0.3714051981784066,hist_gradient_boosting,sigmoid
4467,1,0.20446358031666587,hist_gradient_boosting,sigmoid
4471,0,0.48091516184623656,hist_gradient_boosting,sigmoid
4477,1,0.4890301390968178,hist_gradient_boosting,sigmoid
4478,0,0.2878262654622437,hist_gradient_boosting,sigmoid
4488,0,0.34320459528870234,hist_gradient_boosting,sigmoid
4492,0,0.2401580563223207,hist_gradient_boosting,sigmoid
4503,0,0.43818403373249437,hist_gradient_boosting,sigmoid
4518,0,0.24572640357820164,hist_gradient_boosting,sigmoid
4523,0,0.2357705239644377,hist_gradient_boosting,sigmoid
4527,0,0.3302059532266191,hist_gradient_boosting,sigmoid
4532,1,0.42847457678467604,hist_gradient_boosting,sigmoid
4536,0,0.11737061213493849,hist_gradient_boosting,sigmoid
4538,0,0.2653736284564009,hist_gradient_boosting,sigmoid
4543,0,0.42818408513604783,hist_gradient_boosting,sigmoid
4550,1,0.271025883402409,hist_gradient_boosting,sigmoid
4552,0,0.48502848611310384,hist_gradient_boosting,sigmoid
4567,0,0.22809551454404695,hist_gradient_boosting,sigmoid
4570,1,0.4650488918302908,hist_gradient_boosting,sigmoid
4574,0,0.34374022086361083,hist_gradient_boosting,sigmoid
4591,0,0.27580582262641057,hist_gradient_boosting,sigmoid
4601,1,0.24591066669743178,hist_gradient_boosting,sigmoid
4602,0,0.42624248288741934,hist_gradient_boosting,sigmoid
4608,0,0.3866719663502929,hist_gradient_boosting,sigmoid
4609,0,0.46366814160676456,hist_gradient_boosting,sigmoid
4614,0,0.4643981419332237,hist_gradient_boosting,sigmoid
4628,1,0.3813614395316594,hist_gradient_boosting,sigmoid
4629,0,0.22591743628076102,hist_gradient_boosting,sigmoid
4637,0,0.3675492799415508,hist_gradient_boosting,sigmoid
4639,1,0.3260882951525081,hist_gradient_boosting,sigmoid
4642,0,0.301165205756111,hist_gradient_boosting,sigmoid
4650,0,0.3375283254861103,hist_gradient_boosting,sigmoid
4659,0,0.4701046217588724,hist_gradient_boosting,sigmoid
4673,0,0.2704169234197958,hist_gradient_boosting,sigmoid
4675,0,0.33354355358134685,hist_gradient_boosting,sigmoid
4683,1,0.34141631018242175,hist_gradient_boosting,sigmoid
4684,0,0.4855839489340732,hist_gradient_boosting,sigmoid
4691,1,0.39743281150765924,hist_gradient_boosting,sigmoid
4696,0,0.24092522269140754,hist_gradient_boosting,sigmoid
4700,0,0.32287525688532237,hist_gradient_boosting,sigmoid
4706,0,0.3010458627741106,hist_gradient_boosting,sigmoid
4724,0,0.1768528133150676,hist_gradient_boosting,sigmoid
4732,0,0.32179676816182107,hist_gradient_boosting,sigmoid
4744,0,0.24631432582644397,hist_gradient_boosting,sigmoid
4754,0,0.41369674223417374,hist_gradient_boosting,sigmoid
4763,0,0.3771054552790254,hist_gradient_boosting,sigmoid
4766,1,0.36572767964333425,hist_gradient_boosting,sigmoid
4776,0,0.2904649038564679,hist_gradient_boosting,sigmoid
4780,1,0.3362420116419128,hist_gradient_boosting,sigmoid
4786,0,0.2525839934317292,hist_gradient_boosting,sigmoid
4805,0,0.35430815041992464,hist_gradient_boosting,sigmoid
4815,1,0.3607806397442447,hist_gradient_boosting,sigmoid
4823,1,0.4810195817554566,hist_gradient_boosting,sigmoid
4827,0,0.24908074562912366,hist_gradient_boosting,sigmoid
4831,0,0.26735096600812797,hist_gradient_boosting,sigmoid
4838,0,0.33280418406677337,hist_gradient_boosting,sigmoid
4842,0,0.4092382887768345,hist_gradient_boosting,sigmoid
4843,0,0.22884920767131414,hist_gradient_boosting,sigmoid
4852,1,0.24827157215913026,hist_gradient_boosting,sigmoid
4868,0,0.26430892869164324,hist_gradient_boosting,sigmoid
4869,0,0.42244298549604614,hist_gradient_boosting,sigmoid
4872,0,0.25129806659461656,hist_gradient_boosting,sigmoid
4883,0,0.4569274674834833,hist_gradient_boosting,sigmoid
4890,0,0.35507315887582086,hist_gradient_boosting,sigmoid
4891,0,0.29328462943063355,hist_gradient_boosting,sigmoid
4911,0,0.1852736701472256,hist_gradient_boosting,sigmoid
4936,0,0.31010103206410045,hist_gradient_boosting,sigmoid
4937,0,0.2949845396760784,hist_gradient_boosting,sigmoid
4945,0,0.4528865259522239,hist_gradient_boosting,sigmoid
4946,1,0.6350890576044409,hist_gradient_boosting,sigmoid
4957,0,0.234686885519958,hist_gradient_boosting,sigmoid
4959,0,0.29020293244894135,hist_gradient_boosting,sigmoid
4962,1,0.3825945862367988,hist_gradient_boosting,sigmoid
4967,0,0.25095715561896725,hist_gradient_boosting,sigmoid
4996,1,0.16872605053509818,hist_gradient_boosting,sigmoid
4997,0,0.25370707737377635,hist_gradient_boosting,sigmoid
4999,0,0.32364011077257904,hist_gradient_boosting,sigmoid
5010,1,0.45512515755822625,hist_gradient_boosting,sigmoid
5020,0,0.2894981600485996,hist_gradient_boosting,sigmoid
5022,1,0.5645054556543986,hist_gradient_boosting,sigmoid
5024,0,0.4906688752668344,hist_gradient_boosting,sigmoid
5029,0,0.33351424895156634,hist_gradient_boosting,sigmoid
5036,0,0.1939450415530616,hist_gradient_boosting,sigmoid
5042,1,0.23762593534002066,hist_gradient_boosting,sigmoid
5045,0,0.1400091774085908,hist_gradient_boosting,sigmoid
5051,0,0.30211468143721065,hist_gradient_boosting,sigmoid
5053,1,0.33019418691710745,hist_gradient_boosting,sigmoid
5059,1,0.5354966953912895,hist_gradient_boosting,sigmoid
5068,0,0.41428253423469796,hist_gradient_boosting,sigmoid
5090,1,0.32830119081858755,hist_gradient_boosting,sigmoid
5097,0,0.41144465315811735,hist_gradient_boosting,sigmoid
5103,0,0.27254167726517586,hist_gradient_boosting,sigmoid
5108,1,0.15969553683263535,hist_gradient_boosting,sigmoid
5114,0,0.2931322828863657,hist_gradient_boosting,sigmoid
5116,0,0.2688417939403779,hist_gradient_boosting,sigmoid
5122,0,0.3007848104096372,hist_gradient_boosting,sigmoid
5126,0,0.22843505744558668,hist_gradient_boosting,sigmoid
5136,0,0.32689827573172636,hist_gradient_boosting,sigmoid
5141,0,0.3027197612093915,hist_gradient_boosting,sigmoid
5145,0,0.2832729240964448,hist_gradient_boosting,sigmoid
5168,0,0.47596710512122525,hist_gradient_boosting,sigmoid
5228,0,0.24988865677440492,hist_gradient_boosting,sigmoid
5238,0,0.28888525389267616,hist_gradient_boosting,sigmoid
5250,0,0.4578247353747495,hist_gradient_boosting,sigmoid
5253,0,0.2534291689365328,hist_gradient_boosting,sigmoid
5261,0,0.3090753324454665,hist_gradient_boosting,sigmoid
5281,0,0.2544291880279534,hist_gradient_boosting,sigmoid
5288,0,0.3157914568274568,hist_gradient_boosting,sigmoid
5289,0,0.3221637262170065,hist_gradient_boosting,sigmoid
5294,0,0.3753267718382789,hist_gradient_boosting,sigmoid
5303,0,0.3069283941914934,hist_gradient_boosting,sigmoid
5308,0,0.16079909204745507,hist_gradient_boosting,sigmoid
5309,0,0.2945376777089911,hist_gradient_boosting,sigmoid
5313,0,0.2964563385842877,hist_gradient_boosting,sigmoid
5316,1,0.22882224548593882,hist_gradient_boosting,sigmoid
5326,0,0.4407236252615029,hist_gradient_boosting,sigmoid
5346,0,0.23209965988716863,hist_gradient_boosting,sigmoid
5351,1,0.3579172770237596,hist_gradient_boosting,sigmoid
5352,0,0.31809540639988526,hist_gradient_boosting,sigmoid
5353,1,0.57440774249292,hist_gradient_boosting,sigmoid
5361,0,0.3143046202424389,hist_gradient_boosting,sigmoid
5364,0,0.543716980362565,hist_gradient_boosting,sigmoid
5368,1,0.26396982383337797,hist_gradient_boosting,sigmoid
5372,1,0.4849600703994047,hist_gradient_boosting,sigmoid
5375,0,0.2715285630207538,hist_gradient_boosting,sigmoid
5376,1,0.4332358490839064,hist_gradient_boosting,sigmoid
5378,0,0.4270416196237389,hist_gradient_boosting,sigmoid
5380,0,0.3341721645148516,hist_gradient_boosting,sigmoid
5384,0,0.26936214175003875,hist_gradient_boosting,sigmoid
5390,0,0.252695166913539,hist_gradient_boosting,sigmoid
5395,0,0.4518423330593742,hist_gradient_boosting,sigmoid
5402,1,0.3325100462726976,hist_gradient_boosting,sigmoid
5404,0,0.23414273158328797,hist_gradient_boosting,sigmoid
5406,1,0.5190219660785946,hist_gradient_boosting,sigmoid
5415,0,0.37477499274174203,hist_gradient_boosting,sigmoid
5438,0,0.18274162150566178,hist_gradient_boosting,sigmoid
5458,1,0.43463334906399004,hist_gradient_boosting,sigmoid
5464,0,0.33664793611152477,hist_gradient_boosting,sigmoid
5471,0,0.37156585106354667,hist_gradient_boosting,sigmoid
5475,1,0.5344068183790837,hist_gradient_boosting,sigmoid
5481,0,0.2772705195348588,hist_gradient_boosting,sigmoid
5488,0,0.30373829516865797,hist_gradient_boosting,sigmoid
5490,0,0.3028157256756321,hist_gradient_boosting,sigmoid
5493,0,0.5107544922093391,hist_gradient_boosting,sigmoid
5494,0,0.28781825635074665,hist_gradient_boosting,sigmoid
5497,0,0.20636174907590857,hist_gradient_boosting,sigmoid
5500,0,0.2898375272404659,hist_gradient_boosting,sigmoid
5508,0,0.24419205862634544,hist_gradient_boosting,sigmoid
5509,1,0.4118381646247181,hist_gradient_boosting,sigmoid
5511,0,0.16089648563874706,hist_gradient_boosting,sigmoid
5513,0,0.28030186737260315,hist_gradient_boosting,sigmoid
5515,0,0.318852330366293,hist_gradient_boosting,sigmoid
5520,0,0.37015611355661815,hist_gradient_boosting,sigmoid
5524,1,0.4526109426473933,hist_gradient_boosting,sigmoid
5544,1,0.3950387961685971,hist_gradient_boosting,sigmoid
5555,0,0.35556017313010824,hist_gradient_boosting,sigmoid
5565,0,0.21873829567252007,hist_gradient_boosting,sigmoid
5588,0,0.29303184141019994,hist_gradient_boosting,sigmoid
5601,1,0.4965369199067732,hist_gradient_boosting,sigmoid
5616,1,0.2307252599822975,hist_gradient_boosting,sigmoid
5622,1,0.313995091747988,hist_gradient_boosting,sigmoid
5629,0,0.45984422571839745,hist_gradient_boosting,sigmoid
5646,0,0.3338980701072067,hist_gradient_boosting,sigmoid
5659,0,0.31247289223607444,hist_gradient_boosting,sigmoid
5666,1,0.5791270190758115,hist_gradient_boosting,sigmoid
5680,0,0.2893655649278249,hist_gradient_boosting,sigmoid
5681,1,0.4486471110494371,hist_gradient_boosting,sigmoid
5684,0,0.2658949525832922,hist_gradient_boosting,sigmoid
5688,1,0.19431206732766343,hist_gradient_boosting,sigmoid
5693,1,0.508095435438186,hist_gradient_boosting,sigmoid
5700,1,0.2751603425131844,hist_gradient_boosting,sigmoid
5709,0,0.25494427111761847,hist_gradient_boosting,sigmoid
5715,0,0.2908981771488642,hist_gradient_boosting,sigmoid
5719,0,0.26671518342770734,hist_gradient_boosting,sigmoid
5722,1,0.23436406786368255,hist_gradient_boosting,sigmoid
5728,0,0.2474894877608582,hist_gradient_boosting,sigmoid
5730,1,0.3442748396597684,hist_gradient_boosting,sigmoid
5738,0,0.44572643708108334,hist_gradient_boosting,sigmoid
5742,1,0.5125954425187768,hist_gradient_boosting,sigmoid
5749,0,0.36054864190301233,hist_gradient_boosting,sigmoid
5757,0,0.2868122486492395,hist_gradient_boosting,sigmoid
5773,1,0.34979243277572225,hist_gradient_boosting,sigmoid
5780,0,0.2870083898769743,hist_gradient_boosting,sigmoid
5789,1,0.31147993241851196,hist_gradient_boosting,sigmoid
5790,1,0.4968493474568392,hist_gradient_boosting,sigmoid
5796,0,0.40653227740523995,hist_gradient_boosting,sigmoid
5805,0,0.37505273259458566,hist_gradient_boosting,sigmoid
5806,0,0.31599791736285754,hist_gradient_boosting,sigmoid
5819,1,0.30725660565044643,hist_gradient_boosting,sigmoid
5848,1,0.27885614088404553,hist_gradient_boosting,sigmoid
5871,0,0.4010233818383586,hist_gradient_boosting,sigmoid
5885,1,0.3632036823785167,hist_gradient_boosting,sigmoid
5891,1,0.38443809528437756,hist_gradient_boosting,sigmoid
5898,1,0.33079135004620586,hist_gradient_boosting,sigmoid
5909,0,0.2731718258182637,hist_gradient_boosting,sigmoid
5915,0,0.37570905786307635,hist_gradient_boosting,sigmoid
5917,0,0.4054298344923886,hist_gradient_boosting,sigmoid
5919,0,0.31963753933752614,hist_gradient_boosting,sigmoid
5922,0,0.3127796852212859,hist_gradient_boosting,sigmoid
5924,0,0.2952665820352014,hist_gradient_boosting,sigmoid
5929,0,0.27362175492959695,hist_gradient_boosting,sigmoid
5938,0,0.22378202997944507,hist_gradient_boosting,sigmoid
5941,1,0.2743014575187874,hist_gradient_boosting,sigmoid
5950,1,0.2990250664764074,hist_gradient_boosting,sigmoid
5954,1,0.37616356161380887,hist_gradient_boosting,sigmoid
5960,1,0.2983434028301128,hist_gradient_boosting,sigmoid
5968,0,0.24673360868529384,hist_gradient_boosting,sigmoid
5980,0,0.4741630763672973,hist_gradient_boosting,sigmoid
5986,0,0.30854886699062756,hist_gradient_boosting,sigmoid
6000,0,0.3951041116312228,hist_gradient_boosting,sigmoid
6004,0,0.32458359565446354,hist_gradient_boosting,sigmoid
6025,0,0.2991593382364183,hist_gradient_boosting,sigmoid
6029,1,0.16640785092193447,hist_gradient_boosting,sigmoid
6034,0,0.32639497317018784,hist_gradient_boosting,sigmoid
6039,0,0.3338298318027761,hist_gradient_boosting,sigmoid
6067,1,0.6964780390915198,hist_gradient_boosting,sigmoid
6079,1,0.2337847484531916,hist_gradient_boosting,sigmoid
6090,0,0.31466910710305823,hist_gradient_boosting,sigmoid
6094,0,0.3218478908091958,hist_gradient_boosting,sigmoid
6115,1,0.4025071358732464,hist_gradient_boosting,sigmoid
6116,1,0.3367985974849987,hist_gradient_boosting,sigmoid
6118,0,0.271973890816162,hist_gradient_boosting,sigmoid
6121,1,0.24490861710110065,hist_gradient_boosting,sigmoid
6122,0,0.3184044660395305,hist_gradient_boosting,sigmoid
6131,0,0.42490611537310985,hist_gradient_boosting,sigmoid
6132,0,0.416108391854062,hist_gradient_boosting,sigmoid
6144,0,0.41379085026822277,hist_gradient_boosting,sigmoid
6146,0,0.4682150865564162,hist_gradient_boosting,sigmoid
6153,0,0.3058190508768305,hist_gradient_boosting,sigmoid
6159,0,0.2980729903948921,hist_gradient_boosting,sigmoid
6166,0,0.3571442731622352,hist_gradient_boosting,sigmoid
6171,1,0.4330484991345288,hist_gradient_boosting,sigmoid
6176,0,0.2971590105833304,hist_gradient_boosting,sigmoid
6178,0,0.3157264258922352,hist_gradient_boosting,sigmoid
6182,1,0.43980531383140203,hist_gradient_boosting,sigmoid
6184,1,0.532204851999793,hist_gradient_boosting,sigmoid
6185,0,0.2572510768676427,hist_gradient_boosting,sigmoid
6193,0,0.3734679656573051,hist_gradient_boosting,sigmoid
6196,0,0.46032508804126854,hist_gradient_boosting,sigmoid
6197,1,0.2885098103282405,hist_gradient_boosting,sigmoid
6199,1,0.5562435731538531,hist_gradient_boosting,sigmoid
6200,1,0.33874995311609696,hist_gradient_boosting,sigmoid
6211,0,0.17546413938201677,hist_gradient_boosting,sigmoid
6215,0,0.24667217138934805,hist_gradient_boosting,sigmoid
6217,1,0.5407892453141084,hist_gradient_boosting,sigmoid
6225,1,0.5014770143856608,hist_gradient_boosting,sigmoid
6226,0,0.20951275042394735,hist_gradient_boosting,sigmoid
6232,0,0.52985231055102,hist_gradient_boosting,sigmoid
6237,0,0.4217728477450255,hist_gradient_boosting,sigmoid
6238,0,0.33041005110639077,hist_gradient_boosting,sigmoid
6242,1,0.3488324447338112,hist_gradient_boosting,sigmoid
6244,1,0.4813600955586056,hist_gradient_boosting,sigmoid
6245,1,0.28232524667068953,hist_gradient_boosting,sigmoid
6247,0,0.39930512801923645,hist_gradient_boosting,sigmoid
6255,0,0.30198845214235226,hist_gradient_boosting,sigmoid
6256,0,0.33537408002666413,hist_gradient_boosting,sigmoid
6258,0,0.26567111917096825,hist_gradient_boosting,sigmoid
6297,0,0.3151515613255878,hist_gradient_boosting,sigmoid
6310,1,0.4641838509683531,hist_gradient_boosting,sigmoid
6315,1,0.39268031561476846,hist_gradient_boosting,sigmoid
6320,0,0.41378401100403195,hist_gradient_boosting,sigmoid
6328,0,0.3556376966607911,hist_gradient_boosting,sigmoid
6330,0,0.27572063192196894,hist_gradient_boosting,sigmoid
6331,0,0.6968745547951343,hist_gradient_boosting,sigmoid
6334,0,0.2374469425319877,hist_gradient_boosting,sigmoid
6347,1,0.3409759269878501,hist_gradient_boosting,sigmoid
6363,0,0.3338328496762298,hist_gradient_boosting,sigmoid
6364,0,0.4507968320379581,hist_gradient_boosting,sigmoid
6378,0,0.22658331699504264,hist_gradient_boosting,sigmoid
6382,1,0.3177126905467128,hist_gradient_boosting,sigmoid
6398,0,0.2375018564535856,hist_gradient_boosting,sigmoid
6404,1,0.44049875783587944,hist_gradient_boosting,sigmoid
6408,0,0.27225568724677013,hist_gradient_boosting,sigmoid
6416,1,0.20992749068333494,hist_gradient_boosting,sigmoid
6418,0,0.20055664864679387,hist_gradient_boosting,sigmoid
6427,0,0.26614434622743594,hist_gradient_boosting,sigmoid
6429,1,0.4185704670483547,hist_gradient_boosting,sigmoid
6437,0,0.3936533846302265,hist_gradient_boosting,sigmoid
6447,1,0.4224609190446083,hist_gradient_boosting,sigmoid
6460,0,0.26939796703615204,hist_gradient_boosting,sigmoid
6462,0,0.3457466447104314,hist_gradient_boosting,sigmoid
6465,1,0.5336749753738184,hist_gradient_boosting,sigmoid
6466,1,0.3096834588743601,hist_gradient_boosting,sigmoid
6467,0,0.3033052342478522,hist_gradient_boosting,sigmoid
6469,1,0.35561344825667573,hist_gradient_boosting,sigmoid
6470,1,0.2972573284849952,hist_gradient_boosting,sigmoid
6474,0,0.4286693925749591,hist_gradient_boosting,sigmoid
6497,0,0.41870629159465067,hist_gradient_boosting,sigmoid
6499,0,0.3738575230999877,hist_gradient_boosting,sigmoid
6515,0,0.14648389784794869,hist_gradient_boosting,sigmoid
6519,0,0.27636180083893425,hist_gradient_boosting,sigmoid
6526,1,0.20997537302600047,hist_gradient_boosting,sigmoid
6545,0,0.31671701105847216,hist_gradient_boosting,sigmoid
6557,1,0.29070776609017435,hist_gradient_boosting,sigmoid
6558,0,0.22548372022436772,hist_gradient_boosting,sigmoid
6566,1,0.4202561478115256,hist_gradient_boosting,sigmoid
6569,0,0.29587731291606195,hist_gradient_boosting,sigmoid
6575,1,0.4691338354734027,hist_gradient_boosting,sigmoid
6582,0,0.436979235027474,hist_gradient_boosting,sigmoid
6586,0,0.31402012423617776,hist_gradient_boosting,sigmoid
6603,0,0.30256125722774874,hist_gradient_boosting,sigmoid
6611,0,0.24287468556040923,hist_gradient_boosting,sigmoid
6616,0,0.2608928819765809,hist_gradient_boosting,sigmoid
6617,1,0.4596657994042269,hist_gradient_boosting,sigmoid
6618,0,0.35877206929779976,hist_gradient_boosting,sigmoid
6636,0,0.2636908242357924,hist_gradient_boosting,sigmoid
6638,0,0.4642792650506096,hist_gradient_boosting,sigmoid
6649,0,0.6147128309083042,hist_gradient_boosting,sigmoid
6661,1,0.321396232840197,hist_gradient_boosting,sigmoid
6662,0,0.36116409281404455,hist_gradient_boosting,sigmoid
6664,1,0.27500168363158617,hist_gradient_boosting,sigmoid
6668,1,0.40914821111222777,hist_gradient_boosting,sigmoid
6679,0,0.37874148265782753,hist_gradient_boosting,sigmoid
6707,1,0.21553125625723896,hist_gradient_boosting,sigmoid
6710,1,0.2648259267704483,hist_gradient_boosting,sigmoid
6713,1,0.43819508687550446,hist_gradient_boosting,sigmoid
6723,0,0.38358344095216207,hist_gradient_boosting,sigmoid
6726,0,0.29290934614453273,hist_gradient_boosting,sigmoid
6735,1,0.5109506701163534,hist_gradient_boosting,sigmoid
6745,1,0.17706849676849398,hist_gradient_boosting,sigmoid
6759,0,0.3046355715474775,hist_gradient_boosting,sigmoid
6763,1,0.30190286161961527,hist_gradient_boosting,sigmoid
6774,0,0.28441506230759755,hist_gradient_boosting,sigmoid
6775,0,0.4215555167048093,hist_gradient_boosting,sigmoid
6780,1,0.5261060708504581,hist_gradient_boosting,sigmoid
6802,0,0.5120061569097207,hist_gradient_boosting,sigmoid
6810,0,0.4412953211163125,hist_gradient_boosting,sigmoid
6814,0,0.18768777967791847,hist_gradient_boosting,sigmoid
6821,0,0.4777270857844644,hist_gradient_boosting,sigmoid
6834,0,0.4164726914562248,hist_gradient_boosting,sigmoid
6835,1,0.5291481740617133,hist_gradient_boosting,sigmoid
6842,0,0.29521537639619233,hist_gradient_boosting,sigmoid
6861,1,0.3978813006407175,hist_gradient_boosting,sigmoid
6863,0,0.24556544752861242,hist_gradient_boosting,sigmoid
6878,0,0.20915774055602418,hist_gradient_boosting,sigmoid
6879,0,0.35025376893231575,hist_gradient_boosting,sigmoid
6887,0,0.39793615852914394,hist_gradient_boosting,sigmoid
6891,0,0.3585052259144268,hist_gradient_boosting,sigmoid
6907,1,0.45715514365846627,hist_gradient_boosting,sigmoid
6910,1,0.26589491693364037,hist_gradient_boosting,sigmoid
6922,0,0.39146957088713236,hist_gradient_boosting,sigmoid
6928,0,0.4130234148844913,hist_gradient_boosting,sigmoid
6929,0,0.282408152661165,hist_gradient_boosting,sigmoid
6930,0,0.2926685682965108,hist_gradient_boosting,sigmoid
6935,0,0.35720593220349106,hist_gradient_boosting,sigmoid
6951,1,0.4610219669897789,hist_gradient_boosting,sigmoid
6955,0,0.4075375729368235,hist_gradient_boosting,sigmoid
6971,0,0.45461977245323154,hist_gradient_boosting,sigmoid
6989,0,0.29173742880290127,hist_gradient_boosting,sigmoid
6997,0,0.28851597318879185,hist_gradient_boosting,sigmoid
7004,1,0.6144509558199412,hist_gradient_boosting,sigmoid
7006,0,0.2951201055589708,hist_gradient_boosting,sigmoid
7009,0,0.3275054795455081,hist_gradient_boosting,sigmoid
7012,0,0.24793153537550358,hist_gradient_boosting,sigmoid
7022,1,0.38262232470104673,hist_gradient_boosting,sigmoid
7024,0,0.2441781485026479,hist_gradient_boosting,sigmoid
7035,1,0.4292691336815144,hist_gradient_boosting,sigmoid
7046,0,0.22872731892041737,hist_gradient_boosting,sigmoid
7049,1,0.23192820343747897,hist_gradient_boosting,sigmoid
7050,0,0.2940836635879012,hist_gradient_boosting,sigmoid
7058,0,0.20933284336000044,hist_gradient_boosting,sigmoid
7059,0,0.4222144959169378,hist_gradient_boosting,sigmoid
7063,0,0.20316862600734098,hist_gradient_boosting,sigmoid
7074,1,0.44624244606735164,hist_gradient_boosting,sigmoid
7075,0,0.4860289314128158,hist_gradient_boosting,sigmoid
7088,0,0.16158506893906843,hist_gradient_boosting,sigmoid
7095,1,0.5599202490260972,hist_gradient_boosting,sigmoid
7110,0,0.36606392105386615,hist_gradient_boosting,sigmoid
7122,1,0.28761141839800675,hist_gradient_boosting,sigmoid
7130,0,0.32928361976315257,hist_gradient_boosting,sigmoid
7138,0,0.2636209933256241,hist_gradient_boosting,sigmoid
7142,0,0.41115139894245584,hist_gradient_boosting,sigmoid
7144,1,0.3199851345581784,hist_gradient_boosting,sigmoid
7145,0,0.3068115954711686,hist_gradient_boosting,sigmoid
7153,0,0.46152781401980586,hist_gradient_boosting,sigmoid
7156,1,0.284085340645928,hist_gradient_boosting,sigmoid
7157,0,0.26488547779836963,hist_gradient_boosting,sigmoid
7159,0,0.2144030815594799,hist_gradient_boosting,sigmoid
7171,0,0.23499542032892715,hist_gradient_boosting,sigmoid
7179,0,0.3315656319744287,hist_gradient_boosting,sigmoid
7180,0,0.2859679110924651,hist_gradient_boosting,sigmoid
7185,0,0.2325540640552419,hist_gradient_boosting,sigmoid
7192,1,0.37333929378776726,hist_gradient_boosting,sigmoid
7197,0,0.2813239308231967,hist_gradient_boosting,sigmoid
7202,1,0.26564781328582476,hist_gradient_boosting,sigmoid
7203,0,0.43630128918921934,hist_gradient_boosting,sigmoid
7210,1,0.6397059747123489,hist_gradient_boosting,sigmoid
7213,0,0.3577097027814945,hist_gradient_boosting,sigmoid
7215,0,0.3285093380439713,hist_gradient_boosting,sigmoid
7222,1,0.312891233067927,hist_gradient_boosting,sigmoid
7229,1,0.2858594614981603,hist_gradient_boosting,sigmoid
7234,0,0.27263528043616514,hist_gradient_boosting,sigmoid
7244,1,0.6488534207455465,hist_gradient_boosting,sigmoid
7245,0,0.4843361233825344,hist_gradient_boosting,sigmoid
7260,0,0.2884960973744332,hist_gradient_boosting,sigmoid
7267,0,0.16652625962514025,hist_gradient_boosting,sigmoid
7270,0,0.3007927436328485,hist_gradient_boosting,sigmoid
7271,0,0.39398161480958943,hist_gradient_boosting,sigmoid
7308,0,0.34705073630219124,hist_gradient_boosting,sigmoid
7312,0,0.27455650070385373,hist_gradient_boosting,sigmoid
7321,0,0.2903826394836093,hist_gradient_boosting,sigmoid
7325,1,0.3897476216908094,hist_gradient_boosting,sigmoid
7327,1,0.5299414894551165,hist_gradient_boosting,sigmoid
7328,1,0.3683926104781132,hist_gradient_boosting,sigmoid
7336,1,0.4334855834077252,hist_gradient_boosting,sigmoid
7337,1,0.2530756142641092,hist_gradient_boosting,sigmoid
7352,1,0.24611115106250953,hist_gradient_boosting,sigmoid
7354,1,0.45873068541176193,hist_gradient_boosting,sigmoid
7357,0,0.33723858357640774,hist_gradient_boosting,sigmoid
7359,0,0.21524147464430507,hist_gradient_boosting,sigmoid
7360,1,0.39168834082935255,hist_gradient_boosting,sigmoid
7373,1,0.3722460606204233,hist_gradient_boosting,sigmoid
7379,1,0.6230949096147693,hist_gradient_boosting,sigmoid
7386,0,0.3016442367108572,hist_gradient_boosting,sigmoid
7392,0,0.30802792130384676,hist_gradient_boosting,sigmoid
7396,1,0.23270358564101867,hist_gradient_boosting,sigmoid
7397,0,0.1821841876422926,hist_gradient_boosting,sigmoid
7399,0,0.409228013618226,hist_gradient_boosting,sigmoid
7403,0,0.496984625819491,hist_gradient_boosting,sigmoid
7404,0,0.3392304467337068,hist_gradient_boosting,sigmoid
7416,0,0.2904379169363234,hist_gradient_boosting,sigmoid
7423,0,0.20142446483044457,hist_gradient_boosting,sigmoid
7424,1,0.47879473172609477,hist_gradient_boosting,sigmoid
7426,0,0.24650119103103416,hist_gradient_boosting,sigmoid
7429,1,0.6526851194120473,hist_gradient_boosting,sigmoid
7438,0,0.2052144200837426,hist_gradient_boosting,sigmoid
7445,0,0.32693894330899526,hist_gradient_boosting,sigmoid
7461,0,0.40727341061171707,hist_gradient_boosting,sigmoid
7466,0,0.2775426879187341,hist_gradient_boosting,sigmoid
7472,0,0.2688876310543657,hist_gradient_boosting,sigmoid
7473,0,0.22306844879981233,hist_gradient_boosting,sigmoid
7482,0,0.20165661362697906,hist_gradient_boosting,sigmoid
7486,1,0.44135464782592687,hist_gradient_boosting,sigmoid
7494,1,0.2895850331174337,hist_gradient_boosting,sigmoid
7495,0,0.7484376793024711,hist_gradient_boosting,sigmoid
7497,0,0.2175420778278444,hist_gradient_boosting,sigmoid
7500,0,0.31093427670467805,hist_gradient_boosting,sigmoid
7503,0,0.2913302126831245,hist_gradient_boosting,sigmoid
7504,0,0.36734953584972674,hist_gradient_boosting,sigmoid
7512,1,0.49911889535202864,hist_gradient_boosting,sigmoid
7527,1,0.5202049775015296,hist_gradient_boosting,sigmoid
7528,0,0.2320212998515221,hist_gradient_boosting,sigmoid
7529,1,0.24060257326269388,hist_gradient_boosting,sigmoid
7530,1,0.3008351888355918,hist_gradient_boosting,sigmoid
7531,0,0.23992455937890175,hist_gradient_boosting,sigmoid
7535,0,0.1940081144124988,hist_gradient_boosting,sigmoid
7550,1,0.27660173394356546,hist_gradient_boosting,sigmoid
7558,0,0.20784379275525747,hist_gradient_boosting,sigmoid
7605,0,0.43041454514016914,hist_gradient_boosting,sigmoid
7621,1,0.3438463812873986,hist_gradient_boosting,sigmoid
7626,1,0.31972080700001254,hist_gradient_boosting,sigmoid
7628,1,0.3643765625245087,hist_gradient_boosting,sigmoid
7637,0,0.3054545925173599,hist_gradient_boosting,sigmoid
7646,0,0.4034071865892716,hist_gradient_boosting,sigmoid
7648,1,0.3812289356667905,hist_gradient_boosting,sigmoid
7650,0,0.4030946451447817,hist_gradient_boosting,sigmoid
7652,0,0.1784556626384469,hist_gradient_boosting,sigmoid
7655,1,0.2324709367372678,hist_gradient_boosting,sigmoid
7657,0,0.42749209744983785,hist_gradient_boosting,sigmoid
7674,0,0.42170616246236037,hist_gradient_boosting,sigmoid
7675,1,0.40012596747106843,hist_gradient_boosting,sigmoid
7686,0,0.3635203428189528,hist_gradient_boosting,sigmoid
7689,1,0.3088880496921708,hist_gradient_boosting,sigmoid
7695,0,0.28672518073412356,hist_gradient_boosting,sigmoid
7699,0,0.2942007104233283,hist_gradient_boosting,sigmoid
7702,0,0.36057337894454095,hist_gradient_boosting,sigmoid
7706,1,0.40004289851761277,hist_gradient_boosting,sigmoid
7710,1,0.6200534815308911,hist_gradient_boosting,sigmoid
7715,0,0.30659916432568196,hist_gradient_boosting,sigmoid
7725,1,0.3154129216572029,hist_gradient_boosting,sigmoid
7729,1,0.548150594147189,hist_gradient_boosting,sigmoid
7730,0,0.18259476239453906,hist_gradient_boosting,sigmoid
7732,1,0.4313568567873041,hist_gradient_boosting,sigmoid
7733,1,0.37811099683457305,hist_gradient_boosting,sigmoid
7737,0,0.34726772374089465,hist_gradient_boosting,sigmoid
7741,1,0.31845870806774357,hist_gradient_boosting,sigmoid
7744,0,0.37706886721432914,hist_gradient_boosting,sigmoid
7765,0,0.39956679176349036,hist_gradient_boosting,sigmoid
7767,0,0.2681150741180624,hist_gradient_boosting,sigmoid
7769,1,0.30759912531506567,hist_gradient_boosting,sigmoid
7772,0,0.27778800010570787,hist_gradient_boosting,sigmoid
7780,0,0.3097663099531452,hist_gradient_boosting,sigmoid
7790,0,0.1791079308998168,hist_gradient_boosting,sigmoid
7802,0,0.4206015378102821,hist_gradient_boosting,sigmoid
7824,1,0.3643676630125014,hist_gradient_boosting,sigmoid
7833,0,0.23357220040598184,hist_gradient_boosting,sigmoid
7834,1,0.3877612162679292,hist_gradient_boosting,sigmoid
7836,0,0.2552324414320589,hist_gradient_boosting,sigmoid
7846,1,0.31625342012452634,hist_gradient_boosting,sigmoid
7851,1,0.3550504531388193,hist_gradient_boosting,sigmoid
7865,0,0.37052250212388094,hist_gradient_boosting,sigmoid
7874,0,0.5142705704391315,hist_gradient_boosting,sigmoid
7879,0,0.27878983449587186,hist_gradient_boosting,sigmoid
7882,0,0.2819971892953746,hist_gradient_boosting,sigmoid
7884,1,0.376643943645146,hist_gradient_boosting,sigmoid
7887,0,0.235799729975755,hist_gradient_boosting,sigmoid
7892,0,0.26574624873539204,hist_gradient_boosting,sigmoid
7895,1,0.3441362607403588,hist_gradient_boosting,sigmoid
7903,0,0.30543203459675405,hist_gradient_boosting,sigmoid
7908,0,0.4541505648590407,hist_gradient_boosting,sigmoid
7909,1,0.5300928250501518,hist_gradient_boosting,sigmoid
7912,0,0.37391755387397196,hist_gradient_boosting,sigmoid
7934,0,0.3246799348834169,hist_gradient_boosting,sigmoid
7948,1,0.5156885293792834,hist_gradient_boosting,sigmoid
7949,0,0.33237946248430905,hist_gradient_boosting,sigmoid
7950,0,0.4313260843190598,hist_gradient_boosting,sigmoid
7954,0,0.2843217887334187,hist_gradient_boosting,sigmoid
7961,0,0.28093817869343857,hist_gradient_boosting,sigmoid
7975,0,0.25365221877788796,hist_gradient_boosting,sigmoid
7976,0,0.2384484109257285,hist_gradient_boosting,sigmoid
7980,0,0.3241867581211366,hist_gradient_boosting,sigmoid
7981,0,0.2882497713621857,hist_gradient_boosting,sigmoid
7987,0,0.22994961625424673,hist_gradient_boosting,sigmoid
7993,1,0.32009761010939175,hist_gradient_boosting,sigmoid
7999,1,0.25541266188110867,hist_gradient_boosting,sigmoid
8000,1,0.3109071892609686,hist_gradient_boosting,sigmoid
8004,0,0.24766171704053663,hist_gradient_boosting,sigmoid
8019,1,0.2516764356844311,hist_gradient_boosting,sigmoid
8029,0,0.3823766645710787,hist_gradient_boosting,sigmoid
8032,1,0.36689868050877644,hist_gradient_boosting,sigmoid
8035,0,0.34707934163501164,hist_gradient_boosting,sigmoid
8038,1,0.26401688254857336,hist_gradient_boosting,sigmoid
8048,0,0.5092776689246524,hist_gradient_boosting,sigmoid
8067,1,0.3180974147672972,hist_gradient_boosting,sigmoid
8068,0,0.3547808303123983,hist_gradient_boosting,sigmoid
8071,0,0.39263111119575667,hist_gradient_boosting,sigmoid
8072,0,0.5090266220143019,hist_gradient_boosting,sigmoid
8080,1,0.21888374282849868,hist_gradient_boosting,sigmoid
8085,0,0.2913108198768454,hist_gradient_boosting,sigmoid
8087,1,0.3495894570653211,hist_gradient_boosting,sigmoid
8088,0,0.2167170263530387,hist_gradient_boosting,sigmoid
8093,0,0.2027846306409128,hist_gradient_boosting,sigmoid
8098,1,0.42070680388545134,hist_gradient_boosting,sigmoid
8100,0,0.4223746896854498,hist_gradient_boosting,sigmoid
8108,1,0.30456238467220154,hist_gradient_boosting,sigmoid
8120,0,0.32535672458209963,hist_gradient_boosting,sigmoid
8127,1,0.27056119079491664,hist_gradient_boosting,sigmoid
8131,1,0.5968754287173736,hist_gradient_boosting,sigmoid
8134,0,0.3697791966596931,hist_gradient_boosting,sigmoid
8139,1,0.47562327694977635,hist_gradient_boosting,sigmoid
8140,0,0.269518575174504,hist_gradient_boosting,sigmoid
8141,0,0.24235084436185667,hist_gradient_boosting,sigmoid
8150,0,0.35891628671219666,hist_gradient_boosting,sigmoid
8152,0,0.47270985277348504,hist_gradient_boosting,sigmoid
8156,1,0.4682927009935237,hist_gradient_boosting,sigmoid
8158,0,0.3324564597240319,hist_gradient_boosting,sigmoid
8170,0,0.3637460367432713,hist_gradient_boosting,sigmoid
8173,0,0.3155863414758381,hist_gradient_boosting,sigmoid
8177,1,0.2829894806533188,hist_gradient_boosting,sigmoid
8193,1,0.36066530449996825,hist_gradient_boosting,sigmoid
8197,0,0.4714188787667451,hist_gradient_boosting,sigmoid
8206,0,0.37418968514812745,hist_gradient_boosting,sigmoid
8209,0,0.2458616141370434,hist_gradient_boosting,sigmoid
8216,0,0.2844785934617813,hist_gradient_boosting,sigmoid
8219,0,0.4195102454273389,hist_gradient_boosting,sigmoid
8228,0,0.2814738453484596,hist_gradient_boosting,sigmoid
8237,0,0.4210546000836711,hist_gradient_boosting,sigmoid
8238,1,0.35183797477696194,hist_gradient_boosting,sigmoid
8241,0,0.38799263797996403,hist_gradient_boosting,sigmoid
8269,0,0.3014213224150779,hist_gradient_boosting,sigmoid
8278,0,0.30645026164062866,hist_gradient_boosting,sigmoid
8289,1,0.4786364466807525,hist_gradient_boosting,sigmoid
8295,1,0.269304435355032,hist_gradient_boosting,sigmoid
8299,0,0.31042360032785943,hist_gradient_boosting,sigmoid
8311,0,0.28873046578294215,hist_gradient_boosting,sigmoid
8319,0,0.3049345002773961,hist_gradient_boosting,sigmoid
8334,1,0.25350176944831526,hist_gradient_boosting,sigmoid
8339,0,0.43525622521385804,hist_gradient_boosting,sigmoid
8343,0,0.43069189232612365,hist_gradient_boosting,sigmoid
8357,0,0.41253301384148555,hist_gradient_boosting,sigmoid
8366,1,0.32473266785079785,hist_gradient_boosting,sigmoid
8371,1,0.47479472520918004,hist_gradient_boosting,sigmoid
8372,0,0.3148110748937967,hist_gradient_boosting,sigmoid
8374,0,0.3607631344980093,hist_gradient_boosting,sigmoid
8426,1,0.3985478776440479,hist_gradient_boosting,sigmoid
8428,0,0.18736391448558373,hist_gradient_boosting,sigmoid
8429,1,0.4292248771518095,hist_gradient_boosting,sigmoid
8430,1,0.5313661700307407,hist_gradient_boosting,sigmoid
8441,1,0.25368937480316633,hist_gradient_boosting,sigmoid
8446,0,0.34700749639189515,hist_gradient_boosting,sigmoid
8449,0,0.28883298639791477,hist_gradient_boosting,sigmoid
8457,1,0.40379467089840604,hist_gradient_boosting,sigmoid
8458,0,0.30876886011621874,hist_gradient_boosting,sigmoid
8468,0,0.34231369924175553,hist_gradient_boosting,sigmoid
8487,1,0.2802453602298958,hist_gradient_boosting,sigmoid
8495,0,0.4914214240558297,hist_gradient_boosting,sigmoid
8506,0,0.364708527965216,hist_gradient_boosting,sigmoid
8508,0,0.14651790684413138,hist_gradient_boosting,sigmoid
8510,1,0.2789880260520396,hist_gradient_boosting,sigmoid
8513,0,0.3991345740108143,hist_gradient_boosting,sigmoid
8544,0,0.32682615848518154,hist_gradient_boosting,sigmoid
8550,1,0.440024044191133,hist_gradient_boosting,sigmoid
8562,1,0.3300183753901495,hist_gradient_boosting,sigmoid
8568,1,0.4125820764698998,hist_gradient_boosting,sigmoid
8569,0,0.2948379288288737,hist_gradient_boosting,sigmoid
8578,0,0.28467666603301645,hist_gradient_boosting,sigmoid
8585,0,0.2908175046775915,hist_gradient_boosting,sigmoid
8590,0,0.41346774689092575,hist_gradient_boosting,sigmoid
8593,0,0.2837537304184774,hist_gradient_boosting,sigmoid
8614,1,0.25940553277203915,hist_gradient_boosting,sigmoid
8620,0,0.33549258169137325,hist_gradient_boosting,sigmoid
8622,1,0.42182053696621297,hist_gradient_boosting,sigmoid
8623,0,0.20375598566304273,hist_gradient_boosting,sigmoid
8624,1,0.38118722228341095,hist_gradient_boosting,sigmoid
8629,1,0.4447224375857672,hist_gradient_boosting,sigmoid
8632,1,0.37242840807647853,hist_gradient_boosting,sigmoid
8633,0,0.5003349539387496,hist_gradient_boosting,sigmoid
8635,0,0.33563190526492903,hist_gradient_boosting,sigmoid
8641,0,0.32653068969909893,hist_gradient_boosting,sigmoid
8650,0,0.3601981429766272,hist_gradient_boosting,sigmoid
8652,1,0.5508867512700399,hist_gradient_boosting,sigmoid
8670,1,0.2992838622385193,hist_gradient_boosting,sigmoid
8672,1,0.2658453290120351,hist_gradient_boosting,sigmoid
8674,0,0.29167872879966916,hist_gradient_boosting,sigmoid
8679,1,0.30321217680128243,hist_gradient_boosting,sigmoid
8691,0,0.2099497963246274,hist_gradient_boosting,sigmoid
8700,0,0.3629401021273319,hist_gradient_boosting,sigmoid
8704,1,0.29433887873239273,hist_gradient_boosting,sigmoid
8707,0,0.2504500104263352,hist_gradient_boosting,sigmoid
8711,0,0.3787929823625988,hist_gradient_boosting,sigmoid
8717,1,0.2641749728672215,hist_gradient_boosting,sigmoid
8718,0,0.31588323494605314,hist_gradient_boosting,sigmoid
8731,0,0.27629857541757297,hist_gradient_boosting,sigmoid
8734,0,0.4144413110176258,hist_gradient_boosting,sigmoid
8736,0,0.3781670144196282,hist_gradient_boosting,sigmoid
8738,0,0.3047406041736086,hist_gradient_boosting,sigmoid
8750,0,0.41175707651077037,hist_gradient_boosting,sigmoid
8751,0,0.39214949856552656,hist_gradient_boosting,sigmoid
8758,0,0.2870672878548292,hist_gradient_boosting,sigmoid
8768,1,0.32490419886760863,hist_gradient_boosting,sigmoid
8775,0,0.44254919342394244,hist_gradient_boosting,sigmoid
8783,0,0.5071132759010307,hist_gradient_boosting,sigmoid
8790,0,0.2865087857982849,hist_gradient_boosting,sigmoid
8793,0,0.2639957812190506,hist_gradient_boosting,sigmoid
8795,0,0.2751532468791229,hist_gradient_boosting,sigmoid
8799,1,0.2407659177097873,hist_gradient_boosting,sigmoid
8804,0,0.3523929694468716,hist_gradient_boosting,sigmoid
8810,0,0.30485413116381455,hist_gradient_boosting,sigmoid
8812,0,0.250570700935558,hist_gradient_boosting,sigmoid
8818,0,0.4452765065495908,hist_gradient_boosting,sigmoid
8825,0,0.21189585910933245,hist_gradient_boosting,sigmoid
8827,0,0.3955068581532801,hist_gradient_boosting,sigmoid
8833,0,0.17921018522357057,hist_gradient_boosting,sigmoid
8836,0,0.3333946145029785,hist_gradient_boosting,sigmoid
8841,0,0.4117039958873287,hist_gradient_boosting,sigmoid
8845,1,0.3283946334249987,hist_gradient_boosting,sigmoid
8859,0,0.3007059748266634,hist_gradient_boosting,sigmoid
8861,1,0.37504952620681303,hist_gradient_boosting,sigmoid
8868,0,0.33578301802394767,hist_gradient_boosting,sigmoid
8873,0,0.2564421830058891,hist_gradient_boosting,sigmoid
8881,0,0.2809805467134989,hist_gradient_boosting,sigmoid
8882,0,0.5013874814111009,hist_gradient_boosting,sigmoid
8887,0,0.39424589644053104,hist_gradient_boosting,sigmoid
8894,0,0.2822678798517755,hist_gradient_boosting,sigmoid
8895,0,0.26444031047106986,hist_gradient_boosting,sigmoid
8901,0,0.2890644543077047,hist_gradient_boosting,sigmoid
8902,0,0.2928443572146352,hist_gradient_boosting,sigmoid
8913,0,0.3312594039334269,hist_gradient_boosting,sigmoid
8914,1,0.37058407283236117,hist_gradient_boosting,sigmoid
8915,1,0.50280494543681,hist_gradient_boosting,sigmoid
8917,1,0.6880324345529236,hist_gradient_boosting,sigmoid
8937,0,0.38723536951196763,hist_gradient_boosting,sigmoid
8939,1,0.4530495643626402,hist_gradient_boosting,sigmoid
8951,1,0.24813839000394,hist_gradient_boosting,sigmoid
8963,0,0.3782851233678001,hist_gradient_boosting,sigmoid
8965,1,0.24614829415553954,hist_gradient_boosting,sigmoid
8972,0,0.21166004032614705,hist_gradient_boosting,sigmoid
8986,1,0.31918791458776513,hist_gradient_boosting,sigmoid
8999,1,0.3499723226863813,hist_gradient_boosting,sigmoid
9000,1,0.39291741690751536,hist_gradient_boosting,sigmoid
9005,0,0.3170175313614046,hist_gradient_boosting,sigmoid
9009,1,0.5912840987411879,hist_gradient_boosting,sigmoid
9012,0,0.2592365370997873,hist_gradient_boosting,sigmoid
9030,0,0.318484178779755,hist_gradient_boosting,sigmoid
9043,0,0.42212578977116144,hist_gradient_boosting,sigmoid
9054,1,0.4770637952746164,hist_gradient_boosting,sigmoid
9061,0,0.2528262207335339,hist_gradient_boosting,sigmoid
9063,1,0.37326182544449826,hist_gradient_boosting,sigmoid
9065,0,0.23193950442910524,hist_gradient_boosting,sigmoid
9070,1,0.300137967012579,hist_gradient_boosting,sigmoid
9074,1,0.4314006643284404,hist_gradient_boosting,sigmoid
9086,0,0.2666361359740762,hist_gradient_boosting,sigmoid
9087,0,0.1591591468325915,hist_gradient_boosting,sigmoid
9095,0,0.3282916360056063,hist_gradient_boosting,sigmoid
9107,0,0.28528677173248135,hist_gradient_boosting,sigmoid
9112,0,0.3752642513774538,hist_gradient_boosting,sigmoid
9114,0,0.28436234508516584,hist_gradient_boosting,sigmoid
9127,1,0.33967894996885634,hist_gradient_boosting,sigmoid
9131,0,0.4363090684105233,hist_gradient_boosting,sigmoid
9144,0,0.47028652738980764,hist_gradient_boosting,sigmoid
9145,1,0.29765789369633383,hist_gradient_boosting,sigmoid
9153,0,0.4327939010906283,hist_gradient_boosting,sigmoid
9167,0,0.28930096232519315,hist_gradient_boosting,sigmoid
9178,1,0.6234956925014515,hist_gradient_boosting,sigmoid
9187,0,0.4090481613542644,hist_gradient_boosting,sigmoid
9190,0,0.4450943127170935,hist_gradient_boosting,sigmoid
9197,0,0.36744913737332674,hist_gradient_boosting,sigmoid
9204,0,0.3196632336078368,hist_gradient_boosting,sigmoid
9209,0,0.3234135632522902,hist_gradient_boosting,sigmoid
9211,0,0.3765603412844153,hist_gradient_boosting,sigmoid
9216,0,0.22637817458587983,hist_gradient_boosting,sigmoid
9217,1,0.4883187028946234,hist_gradient_boosting,sigmoid
9230,0,0.21560145360010124,hist_gradient_boosting,sigmoid
9233,1,0.439244905639657,hist_gradient_boosting,sigmoid
9238,0,0.509401092727644,hist_gradient_boosting,sigmoid
9243,0,0.28458065672931104,hist_gradient_boosting,sigmoid
9244,0,0.3994850254793233,hist_gradient_boosting,sigmoid
9245,0,0.23646468764003345,hist_gradient_boosting,sigmoid
9260,0,0.5007370154978722,hist_gradient_boosting,sigmoid
9261,1,0.35940183330697484,hist_gradient_boosting,sigmoid
9276,1,0.2083013855182183,hist_gradient_boosting,sigmoid
9279,0,0.29472454761676475,hist_gradient_boosting,sigmoid
9294,0,0.26851363748546736,hist_gradient_boosting,sigmoid
9314,0,0.35941468910252033,hist_gradient_boosting,sigmoid
9318,0,0.1634223737014204,hist_gradient_boosting,sigmoid
9322,0,0.26047618200706185,hist_gradient_boosting,sigmoid
9324,0,0.6534263528877712,hist_gradient_boosting,sigmoid
9356,0,0.3062055027769933,hist_gradient_boosting,sigmoid
9362,1,0.3478265942752465,hist_gradient_boosting,sigmoid
9369,1,0.4346412819527748,hist_gradient_boosting,sigmoid
9371,0,0.2417826050475765,hist_gradient_boosting,sigmoid
9379,1,0.29656171774342666,hist_gradient_boosting,sigmoid
9381,0,0.3423690123334473,hist_gradient_boosting,sigmoid
9391,0,0.3507398618065892,hist_gradient_boosting,sigmoid
9393,0,0.4116535819420249,hist_gradient_boosting,sigmoid
9396,1,0.2360536011098868,hist_gradient_boosting,sigmoid
9413,1,0.31041008434508344,hist_gradient_boosting,sigmoid
9417,0,0.2684660629406854,hist_gradient_boosting,sigmoid
9433,1,0.5551868038467805,hist_gradient_boosting,sigmoid
9437,0,0.3708938899688448,hist_gradient_boosting,sigmoid
9442,0,0.30773671723777185,hist_gradient_boosting,sigmoid
9457,0,0.2300010787488113,hist_gradient_boosting,sigmoid
9462,0,0.24972258951787285,hist_gradient_boosting,sigmoid
9463,0,0.3825137467460965,hist_gradient_boosting,sigmoid
9465,0,0.2951163008945084,hist_gradient_boosting,sigmoid
9471,0,0.2939828156695724,hist_gradient_boosting,sigmoid
9483,1,0.3845439366036932,hist_gradient_boosting,sigmoid
9490,0,0.44991575539269824,hist_gradient_boosting,sigmoid
9492,1,0.6057533536762311,hist_gradient_boosting,sigmoid
9494,0,0.38389578321491324,hist_gradient_boosting,sigmoid
9496,1,0.2702211896461015,hist_gradient_boosting,sigmoid
9497,0,0.17438342672802729,hist_gradient_boosting,sigmoid
9526,1,0.6191557929382048,hist_gradient_boosting,sigmoid
9530,0,0.27839030633996903,hist_gradient_boosting,sigmoid
9534,0,0.5990133456987455,hist_gradient_boosting,sigmoid
9537,0,0.4097060495924701,hist_gradient_boosting,sigmoid
9539,1,0.2429682005147872,hist_gradient_boosting,sigmoid
9545,0,0.2648703883418227,hist_gradient_boosting,sigmoid
9559,0,0.44344099748757687,hist_gradient_boosting,sigmoid
9564,0,0.4532584860095729,hist_gradient_boosting,sigmoid
9565,0,0.369859723684633,hist_gradient_boosting,sigmoid
9569,0,0.20159401769132695,hist_gradient_boosting,sigmoid
9575,1,0.41930396313012125,hist_gradient_boosting,sigmoid
9579,0,0.2904259156313459,hist_gradient_boosting,sigmoid
9581,0,0.36840902778912066,hist_gradient_boosting,sigmoid
9585,1,0.25076526980689107,hist_gradient_boosting,sigmoid
9611,1,0.444049544580311,hist_gradient_boosting,sigmoid
9620,1,0.37709785927597433,hist_gradient_boosting,sigmoid
9630,0,0.47685318608830174,hist_gradient_boosting,sigmoid
9633,1,0.2906524575743359,hist_gradient_boosting,sigmoid
9636,0,0.37061469735006175,hist_gradient_boosting,sigmoid
9649,0,0.4013568039154504,hist_gradient_boosting,sigmoid
9656,0,0.4637260027907611,hist_gradient_boosting,sigmoid
9674,1,0.7465866837100067,hist_gradient_boosting,sigmoid
9683,0,0.3414838451455023,hist_gradient_boosting,sigmoid
9692,1,0.36327653157159323,hist_gradient_boosting,sigmoid
9693,0,0.438200621915501,hist_gradient_boosting,sigmoid
9700,0,0.29004590691922794,hist_gradient_boosting,sigmoid
9711,0,0.3493077516839956,hist_gradient_boosting,sigmoid
9712,1,0.5266418573617277,hist_gradient_boosting,sigmoid
9723,0,0.40188653166889016,hist_gradient_boosting,sigmoid
9733,0,0.5041554593940376,hist_gradient_boosting,sigmoid
9741,1,0.41951074280273853,hist_gradient_boosting,sigmoid
9742,0,0.26357599527190323,hist_gradient_boosting,sigmoid
9753,1,0.27824836443710954,hist_gradient_boosting,sigmoid
9765,1,0.4955194961320303,hist_gradient_boosting,sigmoid
9782,0,0.35553761709433473,hist_gradient_boosting,sigmoid
9783,1,0.44373696749982894,hist_gradient_boosting,sigmoid
9786,1,0.34834852959214524,hist_gradient_boosting,sigmoid
9793,0,0.24962753836714566,hist_gradient_boosting,sigmoid
9796,0,0.47077419561309347,hist_gradient_boosting,sigmoid
9797,0,0.29476597414776495,hist_gradient_boosting,sigmoid
9808,0,0.27531059199827757,hist_gradient_boosting,sigmoid
9820,0,0.3038792216826758,hist_gradient_boosting,sigmoid
9821,0,0.6108432215599189,hist_gradient_boosting,sigmoid
9824,1,0.47719345301126076,hist_gradient_boosting,sigmoid
9825,0,0.25289081939529595,hist_gradient_boosting,sigmoid
9826,0,0.12211591556127034,hist_gradient_boosting,sigmoid
9835,0,0.32273048554138056,hist_gradient_boosting,sigmoid
9836,0,0.2657010951976523,hist_gradient_boosting,sigmoid
9843,0,0.26588132708974865,hist_gradient_boosting,sigmoid
9846,0,0.38506783419807755,hist_gradient_boosting,sigmoid
9851,1,0.2373923042371785,hist_gradient_boosting,sigmoid
9852,0,0.4659903040836345,hist_gradient_boosting,sigmoid
9854,0,0.30606541056795306,hist_gradient_boosting,sigmoid
9863,1,0.23487170012628836,hist_gradient_boosting,sigmoid
9869,0,0.4477346035198757,hist_gradient_boosting,sigmoid
9882,0,0.2795553509813917,hist_gradient_boosting,sigmoid
9883,0,0.468286642111308,hist_gradient_boosting,sigmoid
9885,0,0.2569627520690368,hist_gradient_boosting,sigmoid
9893,0,0.4133850647801641,hist_gradient_boosting,sigmoid
9896,1,0.30806814442632974,hist_gradient_boosting,sigmoid
9912,1,0.42589875884712614,hist_gradient_boosting,sigmoid
9929,0,0.37752342933539107,hist_gradient_boosting,sigmoid
9950,1,0.4221414867764984,hist_gradient_boosting,sigmoid
9951,0,0.26202756315398945,hist_gradient_boosting,sigmoid
9952,0,0.3805645319117545,hist_gradient_boosting,sigmoid
9955,0,0.4900057392812177,hist_gradient_boosting,sigmoid
9956,1,0.29987783192622386,hist_gradient_boosting,sigmoid
9957,0,0.23630667077352932,hist_gradient_boosting,sigmoid
9966,0,0.21445904045188202,hist_gradient_boosting,sigmoid
9982,0,0.16599824625595694,hist_gradient_boosting,sigmoid
9986,1,0.32408584405724034,hist_gradient_boosting,sigmoid
9998,1,0.2745131746115784,hist_gradient_boosting,sigmoid
3,1,0.28450704225352125,hist_gradient_boosting,isotonic
7,0,0.28450704225352125,hist_gradient_boosting,isotonic
8,0,0.09523809523809523,hist_gradient_boosting,isotonic
15,1,0.4244604316546763,hist_gradient_boosting,isotonic
22,0,0.569620253164557,hist_gradient_boosting,isotonic
25,0,0.3770491803278688,hist_gradient_boosting,isotonic
46,1,0.35877862595419846,hist_gradient_boosting,isotonic
49,0,0.35877862595419846,hist_gradient_boosting,isotonic
62,0,0.35877862595419846,hist_gradient_boosting,isotonic
64,1,0.28450704225352125,hist_gradient_boosting,isotonic
65,1,0.569620253164557,hist_gradient_boosting,isotonic
66,0,0.569620253164557,hist_gradient_boosting,isotonic
91,0,0.28450704225352125,hist_gradient_boosting,isotonic
105,0,0.28450704225352125,hist_gradient_boosting,isotonic
110,1,0.4244604316546763,hist_gradient_boosting,isotonic
111,1,0.6666666666666666,hist_gradient_boosting,isotonic
119,1,0.5757575757575758,hist_gradient_boosting,isotonic
124,0,0.4244604316546763,hist_gradient_boosting,isotonic
130,1,0.5,hist_gradient_boosting,isotonic
138,1,0.5757575757575758,hist_gradient_boosting,isotonic
144,1,0.6666666666666666,hist_gradient_boosting,isotonic
150,0,0.22857142857142856,hist_gradient_boosting,isotonic
159,0,0.35877862595419846,hist_gradient_boosting,isotonic
164,0,0.35877862595419846,hist_gradient_boosting,isotonic
173,0,0.28450704225352125,hist_gradient_boosting,isotonic
185,0,0.4244604316546763,hist_gradient_boosting,isotonic
188,0,0.22857142857142856,hist_gradient_boosting,isotonic
191,1,0.0,hist_gradient_boosting,isotonic
198,0,0.4244604316546763,hist_gradient_boosting,isotonic
204,1,0.28450704225352125,hist_gradient_boosting,isotonic
205,0,0.28450704225352125,hist_gradient_boosting,isotonic
218,1,0.28450704225352125,hist_gradient_boosting,isotonic
226,0,0.4244604316546763,hist_gradient_boosting,isotonic
231,0,0.28450704225352125,hist_gradient_boosting,isotonic
240,0,0.22857142857142856,hist_gradient_boosting,isotonic
247,1,0.28450704225352125,hist_gradient_boosting,isotonic
254,0,0.35877862595419846,hist_gradient_boosting,isotonic
263,0,0.28450704225352125,hist_gradient_boosting,isotonic
271,0,0.28450704225352125,hist_gradient_boosting,isotonic
297,1,0.3770491803278688,hist_gradient_boosting,isotonic
302,0,0.28450704225352125,hist_gradient_boosting,isotonic
314,0,0.22857142857142856,hist_gradient_boosting,isotonic
321,1,0.22857142857142856,hist_gradient_boosting,isotonic
327,0,0.22857142857142856,hist_gradient_boosting,isotonic
331,1,0.28450704225352125,hist_gradient_boosting,isotonic
340,0,0.4244604316546763,hist_gradient_boosting,isotonic
342,1,0.4244604316546763,hist_gradient_boosting,isotonic
344,1,0.4244604316546763,hist_gradient_boosting,isotonic
354,0,0.28450704225352125,hist_gradient_boosting,isotonic
358,1,0.28450704225352125,hist_gradient_boosting,isotonic
370,0,0.569620253164557,hist_gradient_boosting,isotonic
374,1,0.28450704225352125,hist_gradient_boosting,isotonic
379,0,0.28450704225352125,hist_gradient_boosting,isotonic
396,0,0.28450704225352125,hist_gradient_boosting,isotonic
397,1,0.5,hist_gradient_boosting,isotonic
408,1,0.28450704225352125,hist_gradient_boosting,isotonic
420,1,0.569620253164557,hist_gradient_boosting,isotonic
427,0,0.22857142857142856,hist_gradient_boosting,isotonic
429,1,0.28450704225352125,hist_gradient_boosting,isotonic
430,1,0.28450704225352125,hist_gradient_boosting,isotonic
431,0,0.28450704225352125,hist_gradient_boosting,isotonic
442,0,0.22857142857142856,hist_gradient_boosting,isotonic
446,0,0.5,hist_gradient_boosting,isotonic
447,0,0.28450704225352125,hist_gradient_boosting,isotonic
454,1,0.28450704225352125,hist_gradient_boosting,isotonic
462,0,0.22857142857142856,hist_gradient_boosting,isotonic
474,0,0.28450704225352125,hist_gradient_boosting,isotonic
475,0,0.28450704225352125,hist_gradient_boosting,isotonic
483,0,0.35877862595419846,hist_gradient_boosting,isotonic
489,0,0.4244604316546763,hist_gradient_boosting,isotonic
502,0,0.22857142857142856,hist_gradient_boosting,isotonic
506,1,0.8,hist_gradient_boosting,isotonic
512,0,0.4074074074074074,hist_gradient_boosting,isotonic
514,1,0.35877862595419846,hist_gradient_boosting,isotonic
521,1,0.6666666666666666,hist_gradient_boosting,isotonic
530,1,0.28450704225352125,hist_gradient_boosting,isotonic
535,0,0.22857142857142856,hist_gradient_boosting,isotonic
536,1,0.3770491803278688,hist_gradient_boosting,isotonic
539,0,0.28450704225352125,hist_gradient_boosting,isotonic
544,0,0.28450704225352125,hist_gradient_boosting,isotonic
554,1,0.4244604316546763,hist_gradient_boosting,isotonic
560,1,0.4244604316546763,hist_gradient_boosting,isotonic
566,0,0.4244604316546763,hist_gradient_boosting,isotonic
572,0,0.28450704225352125,hist_gradient_boosting,isotonic
574,0,0.4244604316546763,hist_gradient_boosting,isotonic
587,1,0.28450704225352125,hist_gradient_boosting,isotonic
590,0,0.28450704225352125,hist_gradient_boosting,isotonic
597,1,0.4244604316546763,hist_gradient_boosting,isotonic
598,1,0.4244604316546763,hist_gradient_boosting,isotonic
601,0,0.4074074074074074,hist_gradient_boosting,isotonic
602,0,0.28450704225352125,hist_gradient_boosting,isotonic
605,0,0.35877862595419846,hist_gradient_boosting,isotonic
609,0,0.28450704225352125,hist_gradient_boosting,isotonic
610,1,0.4092394937467364,hist_gradient_boosting,isotonic
611,0,0.5,hist_gradient_boosting,isotonic
616,0,0.3770491803278688,hist_gradient_boosting,isotonic
617,1,0.4244604316546763,hist_gradient_boosting,isotonic
628,1,0.28450704225352125,hist_gradient_boosting,isotonic
630,0,0.3770491803278688,hist_gradient_boosting,isotonic
632,1,0.4244604316546763,hist_gradient_boosting,isotonic
636,1,0.28450704225352125,hist_gradient_boosting,isotonic
640,0,0.4244604316546763,hist_gradient_boosting,isotonic
643,1,0.35877862595419846,hist_gradient_boosting,isotonic
645,0,0.3770491803278688,hist_gradient_boosting,isotonic
653,1,0.569620253164557,hist_gradient_boosting,isotonic
656,0,0.3770491803278688,hist_gradient_boosting,isotonic
671,0,0.22857142857142856,hist_gradient_boosting,isotonic
675,1,0.3770491803278688,hist_gradient_boosting,isotonic
683,1,0.35877862595419846,hist_gradient_boosting,isotonic
693,1,0.28450704225352125,hist_gradient_boosting,isotonic
706,1,0.3770491803278688,hist_gradient_boosting,isotonic
712,1,0.28450704225352125,hist_gradient_boosting,isotonic
716,0,0.28450704225352125,hist_gradient_boosting,isotonic
720,1,0.3770491803278688,hist_gradient_boosting,isotonic
721,0,0.569620253164557,hist_gradient_boosting,isotonic
742,0,0.28450704225352125,hist_gradient_boosting,isotonic
761,1,0.28450704225352125,hist_gradient_boosting,isotonic
785,0,0.3770491803278688,hist_gradient_boosting,isotonic
791,0,0.28450704225352125,hist_gradient_boosting,isotonic
807,1,0.28450704225352125,hist_gradient_boosting,isotonic
808,0,0.28450704225352125,hist_gradient_boosting,isotonic
810,0,0.4244604316546763,hist_gradient_boosting,isotonic
811,0,0.28450704225352125,hist_gradient_boosting,isotonic
817,0,0.3770491803278688,hist_gradient_boosting,isotonic
821,0,0.3770491803278688,hist_gradient_boosting,isotonic
822,0,0.28450704225352125,hist_gradient_boosting,isotonic
842,0,0.28450704225352125,hist_gradient_boosting,isotonic
850,1,0.28450704225352125,hist_gradient_boosting,isotonic
853,1,0.28450704225352125,hist_gradient_boosting,isotonic
871,1,0.28450704225352125,hist_gradient_boosting,isotonic
873,1,0.35877862595419846,hist_gradient_boosting,isotonic
875,0,0.28450704225352125,hist_gradient_boosting,isotonic
878,0,0.22857142857142856,hist_gradient_boosting,isotonic
887,1,0.28450704225352125,hist_gradient_boosting,isotonic
890,0,0.5757575757575758,hist_gradient_boosting,isotonic
905,0,0.4244604316546763,hist_gradient_boosting,isotonic
906,1,0.28450704225352125,hist_gradient_boosting,isotonic
912,1,0.4244604316546763,hist_gradient_boosting,isotonic
913,1,0.3770491803278688,hist_gradient_boosting,isotonic
916,0,0.22857142857142856,hist_gradient_boosting,isotonic
919,0,0.28450704225352125,hist_gradient_boosting,isotonic
926,0,0.09523809523809523,hist_gradient_boosting,isotonic
937,0,0.35877862595419846,hist_gradient_boosting,isotonic
945,0,0.569620253164557,hist_gradient_boosting,isotonic
947,0,0.28450704225352125,hist_gradient_boosting,isotonic
948,0,0.3770491803278688,hist_gradient_boosting,isotonic
959,1,0.569620253164557,hist_gradient_boosting,isotonic
966,0,0.28450704225352125,hist_gradient_boosting,isotonic
979,0,0.569620253164557,hist_gradient_boosting,isotonic
980,0,0.28450704225352125,hist_gradient_boosting,isotonic
988,0,0.35877862595419846,hist_gradient_boosting,isotonic
989,0,0.28450704225352125,hist_gradient_boosting,isotonic
1008,0,0.3770491803278688,hist_gradient_boosting,isotonic
1011,1,0.4244604316546763,hist_gradient_boosting,isotonic
1012,1,0.4244604316546763,hist_gradient_boosting,isotonic
1013,1,0.5757575757575758,hist_gradient_boosting,isotonic
1034,0,0.569620253164557,hist_gradient_boosting,isotonic
1040,0,0.28450704225352125,hist_gradient_boosting,isotonic
1042,1,0.4244604316546763,hist_gradient_boosting,isotonic
1046,0,0.28450704225352125,hist_gradient_boosting,isotonic
1049,0,0.28450704225352125,hist_gradient_boosting,isotonic
1052,0,0.28450704225352125,hist_gradient_boosting,isotonic
1073,0,0.35877862595419846,hist_gradient_boosting,isotonic
1082,0,0.569620253164557,hist_gradient_boosting,isotonic
1102,0,0.28450704225352125,hist_gradient_boosting,isotonic
1104,0,0.28450704225352125,hist_gradient_boosting,isotonic
1105,0,0.28450704225352125,hist_gradient_boosting,isotonic
1106,0,0.28450704225352125,hist_gradient_boosting,isotonic
1115,0,0.28450704225352125,hist_gradient_boosting,isotonic
1116,1,0.28450704225352125,hist_gradient_boosting,isotonic
1119,0,0.28450704225352125,hist_gradient_boosting,isotonic
1121,0,0.569620253164557,hist_gradient_boosting,isotonic
1128,0,0.4244604316546763,hist_gradient_boosting,isotonic
1150,1,0.6666666666666666,hist_gradient_boosting,isotonic
1158,0,0.28450704225352125,hist_gradient_boosting,isotonic
1164,0,0.28450704225352125,hist_gradient_boosting,isotonic
1181,1,0.569620253164557,hist_gradient_boosting,isotonic
1183,1,0.3770491803278688,hist_gradient_boosting,isotonic
1186,1,0.28450704225352125,hist_gradient_boosting,isotonic
1187,0,0.28450704225352125,hist_gradient_boosting,isotonic
1189,0,0.28450704225352125,hist_gradient_boosting,isotonic
1195,1,0.28450704225352125,hist_gradient_boosting,isotonic
1199,1,0.569620253164557,hist_gradient_boosting,isotonic
1206,1,0.28450704225352125,hist_gradient_boosting,isotonic
1210,1,0.4244604316546763,hist_gradient_boosting,isotonic
1218,1,0.35877862595419846,hist_gradient_boosting,isotonic
1219,0,0.35877862595419846,hist_gradient_boosting,isotonic
1227,1,0.569620253164557,hist_gradient_boosting,isotonic
1228,0,0.4244604316546763,hist_gradient_boosting,isotonic
1229,0,0.569620253164557,hist_gradient_boosting,isotonic
1230,0,0.28450704225352125,hist_gradient_boosting,isotonic
1233,0,0.28450704225352125,hist_gradient_boosting,isotonic
1234,1,0.569620253164557,hist_gradient_boosting,isotonic
1237,0,0.28450704225352125,hist_gradient_boosting,isotonic
1259,1,0.28450704225352125,hist_gradient_boosting,isotonic
1263,0,0.28450704225352125,hist_gradient_boosting,isotonic
1274,0,0.35877862595419846,hist_gradient_boosting,isotonic
1290,1,0.5757575757575758,hist_gradient_boosting,isotonic
1303,1,0.6666666666666666,hist_gradient_boosting,isotonic
1306,0,0.35877862595419846,hist_gradient_boosting,isotonic
1310,0,0.569620253164557,hist_gradient_boosting,isotonic
1312,0,0.4244604316546763,hist_gradient_boosting,isotonic
1313,0,0.569620253164557,hist_gradient_boosting,isotonic
1316,1,0.6666666666666666,hist_gradient_boosting,isotonic
1325,0,0.28450704225352125,hist_gradient_boosting,isotonic
1342,0,0.28450704225352125,hist_gradient_boosting,isotonic
1344,0,0.35877862595419846,hist_gradient_boosting,isotonic
1354,0,0.28450704225352125,hist_gradient_boosting,isotonic
1361,1,0.4244604316546763,hist_gradient_boosting,isotonic
1362,0,0.22857142857142856,hist_gradient_boosting,isotonic
1363,0,0.35877862595419846,hist_gradient_boosting,isotonic
1365,1,0.3770491803278688,hist_gradient_boosting,isotonic
1367,1,0.28450704225352125,hist_gradient_boosting,isotonic
1378,0,0.28450704225352125,hist_gradient_boosting,isotonic
1382,0,0.28450704225352125,hist_gradient_boosting,isotonic
1392,0,0.28450704225352125,hist_gradient_boosting,isotonic
1405,1,0.28450704225352125,hist_gradient_boosting,isotonic
1409,0,0.28450704225352125,hist_gradient_boosting,isotonic
1413,0,0.4244604316546763,hist_gradient_boosting,isotonic
1414,1,0.3770491803278688,hist_gradient_boosting,isotonic
1415,0,0.28450704225352125,hist_gradient_boosting,isotonic
1417,1,0.28450704225352125,hist_gradient_boosting,isotonic
1419,0,0.28450704225352125,hist_gradient_boosting,isotonic
1421,0,0.28450704225352125,hist_gradient_boosting,isotonic
1433,0,0.22857142857142856,hist_gradient_boosting,isotonic
1443,0,0.28450704225352125,hist_gradient_boosting,isotonic
1445,0,0.28450704225352125,hist_gradient_boosting,isotonic
1451,1,0.28450704225352125,hist_gradient_boosting,isotonic
1452,0,0.569620253164557,hist_gradient_boosting,isotonic
1453,0,0.35877862595419846,hist_gradient_boosting,isotonic
1456,0,0.22857142857142856,hist_gradient_boosting,isotonic
1466,0,0.7677962874627499,hist_gradient_boosting,isotonic
1485,1,0.4244604316546763,hist_gradient_boosting,isotonic
1489,0,0.28450704225352125,hist_gradient_boosting,isotonic
1494,0,0.35877862595419846,hist_gradient_boosting,isotonic
1502,0,0.5,hist_gradient_boosting,isotonic
1508,0,0.4244604316546763,hist_gradient_boosting,isotonic
1514,0,0.28450704225352125,hist_gradient_boosting,isotonic
1515,0,0.5757575757575758,hist_gradient_boosting,isotonic
1520,0,0.28450704225352125,hist_gradient_boosting,isotonic
1521,0,0.28450704225352125,hist_gradient_boosting,isotonic
1525,0,0.28450704225352125,hist_gradient_boosting,isotonic
1526,0,0.28450704225352125,hist_gradient_boosting,isotonic
1544,0,0.28450704225352125,hist_gradient_boosting,isotonic
1546,1,0.28450704225352125,hist_gradient_boosting,isotonic
1556,0,0.28450704225352125,hist_gradient_boosting,isotonic
1561,0,0.28450704225352125,hist_gradient_boosting,isotonic
1573,0,0.28450704225352125,hist_gradient_boosting,isotonic
1577,1,0.4244604316546763,hist_gradient_boosting,isotonic
1579,1,0.28450704225352125,hist_gradient_boosting,isotonic
1592,0,0.35877862595419846,hist_gradient_boosting,isotonic
1595,0,0.3770491803278688,hist_gradient_boosting,isotonic
1596,1,0.5,hist_gradient_boosting,isotonic
1598,0,0.28450704225352125,hist_gradient_boosting,isotonic
1608,1,0.28450704225352125,hist_gradient_boosting,isotonic
1612,0,0.35877862595419846,hist_gradient_boosting,isotonic
1623,0,0.28450704225352125,hist_gradient_boosting,isotonic
1624,0,0.28450704225352125,hist_gradient_boosting,isotonic
1625,0,0.28450704225352125,hist_gradient_boosting,isotonic
1632,0,0.28450704225352125,hist_gradient_boosting,isotonic
1643,1,0.6666666666666666,hist_gradient_boosting,isotonic
1648,0,0.3770491803278688,hist_gradient_boosting,isotonic
1649,0,0.569620253164557,hist_gradient_boosting,isotonic
1656,0,0.4244604316546763,hist_gradient_boosting,isotonic
1657,0,0.28450704225352125,hist_gradient_boosting,isotonic
1660,1,0.28450704225352125,hist_gradient_boosting,isotonic
1682,1,0.28450704225352125,hist_gradient_boosting,isotonic
1684,1,0.09523809523809523,hist_gradient_boosting,isotonic
1691,1,0.6666666666666666,hist_gradient_boosting,isotonic
1702,1,0.5757575757575758,hist_gradient_boosting,isotonic
1706,1,0.7428771758866348,hist_gradient_boosting,isotonic
1728,0,0.28450704225352125,hist_gradient_boosting,isotonic
1729,1,0.28450704225352125,hist_gradient_boosting,isotonic
1731,1,0.4074074074074074,hist_gradient_boosting,isotonic
1740,1,0.5757575757575758,hist_gradient_boosting,isotonic
1750,1,0.5,hist_gradient_boosting,isotonic
1758,1,0.0,hist_gradient_boosting,isotonic
1760,0,0.28450704225352125,hist_gradient_boosting,isotonic
1763,0,0.28450704225352125,hist_gradient_boosting,isotonic
1767,0,0.28450704225352125,hist_gradient_boosting,isotonic
1770,0,0.569620253164557,hist_gradient_boosting,isotonic
1773,0,0.6666666666666666,hist_gradient_boosting,isotonic
1782,0,0.28450704225352125,hist_gradient_boosting,isotonic
1791,0,0.4244604316546763,hist_gradient_boosting,isotonic
1797,0,0.3770491803278688,hist_gradient_boosting,isotonic
1803,0,0.28450704225352125,hist_gradient_boosting,isotonic
1805,1,0.28450704225352125,hist_gradient_boosting,isotonic
1822,1,0.5757575757575758,hist_gradient_boosting,isotonic
1837,0,0.28450704225352125,hist_gradient_boosting,isotonic
1891,1,0.28450704225352125,hist_gradient_boosting,isotonic
1900,0,0.28450704225352125,hist_gradient_boosting,isotonic
1910,0,0.28450704225352125,hist_gradient_boosting,isotonic
1919,1,0.6666666666666666,hist_gradient_boosting,isotonic
1921,0,0.6666666666666666,hist_gradient_boosting,isotonic
1923,0,0.28450704225352125,hist_gradient_boosting,isotonic
1924,1,0.28450704225352125,hist_gradient_boosting,isotonic
1926,1,0.4244604316546763,hist_gradient_boosting,isotonic
1939,0,0.28450704225352125,hist_gradient_boosting,isotonic
1943,0,0.28450704225352125,hist_gradient_boosting,isotonic
1953,0,0.3770491803278688,hist_gradient_boosting,isotonic
1955,0,0.28450704225352125,hist_gradient_boosting,isotonic
1956,0,0.35877862595419846,hist_gradient_boosting,isotonic
1959,0,0.5,hist_gradient_boosting,isotonic
1960,0,0.22857142857142856,hist_gradient_boosting,isotonic
1962,0,0.22857142857142856,hist_gradient_boosting,isotonic
1977,0,0.5,hist_gradient_boosting,isotonic
1983,1,0.5757575757575758,hist_gradient_boosting,isotonic
1986,0,0.28450704225352125,hist_gradient_boosting,isotonic
1990,0,0.28450704225352125,hist_gradient_boosting,isotonic
1991,0,0.28450704225352125,hist_gradient_boosting,isotonic
1994,0,0.28450704225352125,hist_gradient_boosting,isotonic
1997,0,0.28450704225352125,hist_gradient_boosting,isotonic
1999,0,0.22857142857142856,hist_gradient_boosting,isotonic
2002,1,0.3770491803278688,hist_gradient_boosting,isotonic
2003,1,0.28450704225352125,hist_gradient_boosting,isotonic
2021,0,0.4244604316546763,hist_gradient_boosting,isotonic
2027,1,0.6666666666666666,hist_gradient_boosting,isotonic
2030,0,0.4244604316546763,hist_gradient_boosting,isotonic
2032,1,0.7045546054780675,hist_gradient_boosting,isotonic
2060,0,0.28450704225352125,hist_gradient_boosting,isotonic
2076,0,0.28450704225352125,hist_gradient_boosting,isotonic
2077,1,0.28450704225352125,hist_gradient_boosting,isotonic
2079,0,0.5,hist_gradient_boosting,isotonic
2089,0,0.3770491803278688,hist_gradient_boosting,isotonic
2096,0,0.35877862595419846,hist_gradient_boosting,isotonic
2107,1,0.569620253164557,hist_gradient_boosting,isotonic
2108,1,0.569620253164557,hist_gradient_boosting,isotonic
2113,0,0.22857142857142856,hist_gradient_boosting,isotonic
2120,0,0.28450704225352125,hist_gradient_boosting,isotonic
2122,0,0.28450704225352125,hist_gradient_boosting,isotonic
2126,1,0.3770491803278688,hist_gradient_boosting,isotonic
2128,0,0.28450704225352125,hist_gradient_boosting,isotonic
2129,0,0.28450704225352125,hist_gradient_boosting,isotonic
2155,1,0.5,hist_gradient_boosting,isotonic
2156,1,0.28450704225352125,hist_gradient_boosting,isotonic
2161,1,0.5757575757575758,hist_gradient_boosting,isotonic
2165,0,0.3770491803278688,hist_gradient_boosting,isotonic
2166,1,0.35877862595419846,hist_gradient_boosting,isotonic
2171,1,0.5,hist_gradient_boosting,isotonic
2177,0,0.569620253164557,hist_gradient_boosting,isotonic
2198,1,0.4244604316546763,hist_gradient_boosting,isotonic
2205,0,0.28450704225352125,hist_gradient_boosting,isotonic
2210,0,0.28450704225352125,hist_gradient_boosting,isotonic
2212,0,0.35877862595419846,hist_gradient_boosting,isotonic
2232,0,0.28450704225352125,hist_gradient_boosting,isotonic
2238,0,0.28450704225352125,hist_gradient_boosting,isotonic
2243,0,0.22857142857142856,hist_gradient_boosting,isotonic
2245,1,0.28450704225352125,hist_gradient_boosting,isotonic
2247,0,0.28450704225352125,hist_gradient_boosting,isotonic
2252,0,0.4244604316546763,hist_gradient_boosting,isotonic
2264,0,0.28450704225352125,hist_gradient_boosting,isotonic
2276,0,0.28450704225352125,hist_gradient_boosting,isotonic
2281,1,0.569620253164557,hist_gradient_boosting,isotonic
2292,0,0.22857142857142856,hist_gradient_boosting,isotonic
2300,0,0.28450704225352125,hist_gradient_boosting,isotonic
2304,1,0.6666666666666666,hist_gradient_boosting,isotonic
2305,1,0.28450704225352125,hist_gradient_boosting,isotonic
2308,1,0.3770491803278688,hist_gradient_boosting,isotonic
2327,0,0.28450704225352125,hist_gradient_boosting,isotonic
2333,0,0.28450704225352125,hist_gradient_boosting,isotonic
2341,1,0.28450704225352125,hist_gradient_boosting,isotonic
2342,0,0.35877862595419846,hist_gradient_boosting,isotonic
2352,0,0.28450704225352125,hist_gradient_boosting,isotonic
2362,1,0.28450704225352125,hist_gradient_boosting,isotonic
2363,1,0.308717563413263,hist_gradient_boosting,isotonic
2373,0,0.28450704225352125,hist_gradient_boosting,isotonic
2383,0,0.22857142857142856,hist_gradient_boosting,isotonic
2386,1,0.28450704225352125,hist_gradient_boosting,isotonic
2399,1,0.28450704225352125,hist_gradient_boosting,isotonic
2403,0,0.4074074074074074,hist_gradient_boosting,isotonic
2410,0,0.569620253164557,hist_gradient_boosting,isotonic
2411,1,0.5757575757575758,hist_gradient_boosting,isotonic
2412,0,0.6666666666666666,hist_gradient_boosting,isotonic
2414,0,0.35877862595419846,hist_gradient_boosting,isotonic
2418,0,0.28450704225352125,hist_gradient_boosting,isotonic
2424,0,0.22857142857142856,hist_gradient_boosting,isotonic
2433,0,0.3770491803278688,hist_gradient_boosting,isotonic
2436,1,0.569620253164557,hist_gradient_boosting,isotonic
2450,1,0.6666666666666666,hist_gradient_boosting,isotonic
2452,0,0.4244604316546763,hist_gradient_boosting,isotonic
2461,0,0.4244604316546763,hist_gradient_boosting,isotonic
2463,0,0.35877862595419846,hist_gradient_boosting,isotonic
2474,1,0.5757575757575758,hist_gradient_boosting,isotonic
2484,0,0.28450704225352125,hist_gradient_boosting,isotonic
2490,1,0.35877862595419846,hist_gradient_boosting,isotonic
2499,0,0.28450704225352125,hist_gradient_boosting,isotonic
2506,0,0.4244604316546763,hist_gradient_boosting,isotonic
2517,1,0.28450704225352125,hist_gradient_boosting,isotonic
2522,0,0.5,hist_gradient_boosting,isotonic
2524,0,0.569620253164557,hist_gradient_boosting,isotonic
2533,1,0.5757575757575758,hist_gradient_boosting,isotonic
2534,0,0.22857142857142856,hist_gradient_boosting,isotonic
2542,1,0.4244604316546763,hist_gradient_boosting,isotonic
2545,1,0.6666666666666666,hist_gradient_boosting,isotonic
2547,0,0.28450704225352125,hist_gradient_boosting,isotonic
2548,0,0.22857142857142856,hist_gradient_boosting,isotonic
2552,0,0.4244604316546763,hist_gradient_boosting,isotonic
2571,0,0.28450704225352125,hist_gradient_boosting,isotonic
2572,0,0.28450704225352125,hist_gradient_boosting,isotonic
2576,0,0.3770491803278688,hist_gradient_boosting,isotonic
2580,1,0.28450704225352125,hist_gradient_boosting,isotonic
2592,0,0.28450704225352125,hist_gradient_boosting,isotonic
2593,1,0.28450704225352125,hist_gradient_boosting,isotonic
2596,0,0.569620253164557,hist_gradient_boosting,isotonic
2597,1,0.4074074074074074,hist_gradient_boosting,isotonic
2602,1,0.35877862595419846,hist_gradient_boosting,isotonic
2610,0,0.28450704225352125,hist_gradient_boosting,isotonic
2615,0,0.28450704225352125,hist_gradient_boosting,isotonic
2616,1,0.5757575757575758,hist_gradient_boosting,isotonic
2629,0,0.28450704225352125,hist_gradient_boosting,isotonic
2631,0,0.28450704225352125,hist_gradient_boosting,isotonic
2632,1,0.28450704225352125,hist_gradient_boosting,isotonic
2633,0,0.28450704225352125,hist_gradient_boosting,isotonic
2636,0,0.28450704225352125,hist_gradient_boosting,isotonic
2655,1,0.4244604316546763,hist_gradient_boosting,isotonic
2660,0,0.25203420118734415,hist_gradient_boosting,isotonic
2677,1,0.4244604316546763,hist_gradient_boosting,isotonic
2686,0,0.22857142857142856,hist_gradient_boosting,isotonic
2692,0,0.28450704225352125,hist_gradient_boosting,isotonic
2698,0,0.28450704225352125,hist_gradient_boosting,isotonic
2704,0,0.28450704225352125,hist_gradient_boosting,isotonic
2707,0,0.28450704225352125,hist_gradient_boosting,isotonic
2735,0,0.28450704225352125,hist_gradient_boosting,isotonic
2747,1,0.3770491803278688,hist_gradient_boosting,isotonic
2748,0,0.28450704225352125,hist_gradient_boosting,isotonic
2750,0,0.28450704225352125,hist_gradient_boosting,isotonic
2755,1,0.6666666666666666,hist_gradient_boosting,isotonic
2760,0,0.3770491803278688,hist_gradient_boosting,isotonic
2762,0,0.28450704225352125,hist_gradient_boosting,isotonic
2770,1,0.4244604316546763,hist_gradient_boosting,isotonic
2781,0,0.28450704225352125,hist_gradient_boosting,isotonic
2785,0,0.28450704225352125,hist_gradient_boosting,isotonic
2791,0,0.28450704225352125,hist_gradient_boosting,isotonic
2799,0,0.28450704225352125,hist_gradient_boosting,isotonic
2816,1,0.6666666666666666,hist_gradient_boosting,isotonic
2820,0,0.28450704225352125,hist_gradient_boosting,isotonic
2822,0,0.28450704225352125,hist_gradient_boosting,isotonic
2828,0,0.28450704225352125,hist_gradient_boosting,isotonic
2833,0,0.5,hist_gradient_boosting,isotonic
2834,0,0.28450704225352125,hist_gradient_boosting,isotonic
2835,0,0.28450704225352125,hist_gradient_boosting,isotonic
2838,0,0.28450704225352125,hist_gradient_boosting,isotonic
2844,1,0.28450704225352125,hist_gradient_boosting,isotonic
2853,0,0.28450704225352125,hist_gradient_boosting,isotonic
2855,1,0.4074074074074074,hist_gradient_boosting,isotonic
2858,1,0.35877862595419846,hist_gradient_boosting,isotonic
2864,1,0.28450704225352125,hist_gradient_boosting,isotonic
2873,1,0.35877862595419846,hist_gradient_boosting,isotonic
2882,1,0.3770491803278688,hist_gradient_boosting,isotonic
2890,1,0.28450704225352125,hist_gradient_boosting,isotonic
2904,0,0.28450704225352125,hist_gradient_boosting,isotonic
2906,1,0.35877862595419846,hist_gradient_boosting,isotonic
2908,0,0.28450704225352125,hist_gradient_boosting,isotonic
2913,0,0.5,hist_gradient_boosting,isotonic
2916,1,0.28450704225352125,hist_gradient_boosting,isotonic
2917,1,0.22857142857142856,hist_gradient_boosting,isotonic
2918,0,0.28450704225352125,hist_gradient_boosting,isotonic
2928,0,0.569620253164557,hist_gradient_boosting,isotonic
2931,0,0.4074074074074074,hist_gradient_boosting,isotonic
2933,1,0.7049155284135906,hist_gradient_boosting,isotonic
2935,0,0.35877862595419846,hist_gradient_boosting,isotonic
2938,1,0.42076663597382924,hist_gradient_boosting,isotonic
2939,1,0.22857142857142856,hist_gradient_boosting,isotonic
2944,0,0.28450704225352125,hist_gradient_boosting,isotonic
2947,0,0.28450704225352125,hist_gradient_boosting,isotonic
2952,0,0.28450704225352125,hist_gradient_boosting,isotonic
2965,0,0.22857142857142856,hist_gradient_boosting,isotonic
2969,1,0.4244604316546763,hist_gradient_boosting,isotonic
2979,0,0.5,hist_gradient_boosting,isotonic
2984,1,0.35877862595419846,hist_gradient_boosting,isotonic
2988,1,0.569620253164557,hist_gradient_boosting,isotonic
3021,0,0.28450704225352125,hist_gradient_boosting,isotonic
3025,0,0.4074074074074074,hist_gradient_boosting,isotonic
3027,0,0.28450704225352125,hist_gradient_boosting,isotonic
3036,0,0.569620253164557,hist_gradient_boosting,isotonic
3037,0,0.28450704225352125,hist_gradient_boosting,isotonic
3038,0,0.28450704225352125,hist_gradient_boosting,isotonic
3045,0,0.28450704225352125,hist_gradient_boosting,isotonic
3046,0,0.28450704225352125,hist_gradient_boosting,isotonic
3056,1,0.28450704225352125,hist_gradient_boosting,isotonic
3058,0,0.3770491803278688,hist_gradient_boosting,isotonic
3060,0,0.28450704225352125,hist_gradient_boosting,isotonic
3064,0,0.3770491803278688,hist_gradient_boosting,isotonic
3066,0,0.28450704225352125,hist_gradient_boosting,isotonic
3067,1,0.6666666666666666,hist_gradient_boosting,isotonic
3087,0,0.22857142857142856,hist_gradient_boosting,isotonic
3088,0,0.4244604316546763,hist_gradient_boosting,isotonic
3089,1,0.3770491803278688,hist_gradient_boosting,isotonic
3093,1,0.3770491803278688,hist_gradient_boosting,isotonic
3097,0,0.28450704225352125,hist_gradient_boosting,isotonic
3109,0,0.22857142857142856,hist_gradient_boosting,isotonic
3125,0,0.28450704225352125,hist_gradient_boosting,isotonic
3126,0,0.28450704225352125,hist_gradient_boosting,isotonic
3128,0,0.28450704225352125,hist_gradient_boosting,isotonic
3133,0,0.22857142857142856,hist_gradient_boosting,isotonic
3146,0,0.3770491803278688,hist_gradient_boosting,isotonic
3148,0,0.35877862595419846,hist_gradient_boosting,isotonic
3149,1,0.3770491803278688,hist_gradient_boosting,isotonic
3153,0,0.28450704225352125,hist_gradient_boosting,isotonic
3157,0,0.28450704225352125,hist_gradient_boosting,isotonic
3158,1,0.28450704225352125,hist_gradient_boosting,isotonic
3168,0,0.28450704225352125,hist_gradient_boosting,isotonic
3171,0,0.35877862595419846,hist_gradient_boosting,isotonic
3173,0,0.3770491803278688,hist_gradient_boosting,isotonic
3174,0,0.5,hist_gradient_boosting,isotonic
3179,1,0.28450704225352125,hist_gradient_boosting,isotonic
3183,1,0.569620253164557,hist_gradient_boosting,isotonic
3187,0,0.28450704225352125,hist_gradient_boosting,isotonic
3188,1,0.4244604316546763,hist_gradient_boosting,isotonic
3193,1,0.28450704225352125,hist_gradient_boosting,isotonic
3195,0,0.4244604316546763,hist_gradient_boosting,isotonic
3196,1,0.22857142857142856,hist_gradient_boosting,isotonic
3203,1,0.5,hist_gradient_boosting,isotonic
3223,0,0.28450704225352125,hist_gradient_boosting,isotonic
3224,0,0.4244604316546763,hist_gradient_boosting,isotonic
3229,1,0.4244604316546763,hist_gradient_boosting,isotonic
3236,0,0.3199909688268032,hist_gradient_boosting,isotonic
3242,0,0.4244604316546763,hist_gradient_boosting,isotonic
3245,0,0.22857142857142856,hist_gradient_boosting,isotonic
3253,0,0.28450704225352125,hist_gradient_boosting,isotonic
3255,0,0.28450704225352125,hist_gradient_boosting,isotonic
3270,0,0.22857142857142856,hist_gradient_boosting,isotonic
3275,0,0.28450704225352125,hist_gradient_boosting,isotonic
3276,1,0.28450704225352125,hist_gradient_boosting,isotonic
3281,0,0.28450704225352125,hist_gradient_boosting,isotonic
3287,0,0.28450704225352125,hist_gradient_boosting,isotonic
3288,0,0.569620253164557,hist_gradient_boosting,isotonic
3296,0,0.28450704225352125,hist_gradient_boosting,isotonic
3297,1,0.28450704225352125,hist_gradient_boosting,isotonic
3301,0,0.22857142857142856,hist_gradient_boosting,isotonic
3307,0,0.28450704225352125,hist_gradient_boosting,isotonic
3319,0,0.4244604316546763,hist_gradient_boosting,isotonic
3324,1,0.35877862595419846,hist_gradient_boosting,isotonic
3326,1,0.4074074074074074,hist_gradient_boosting,isotonic
3339,1,0.22857142857142856,hist_gradient_boosting,isotonic
3350,0,0.28450704225352125,hist_gradient_boosting,isotonic
3354,0,0.28450704225352125,hist_gradient_boosting,isotonic
3355,1,0.5,hist_gradient_boosting,isotonic
3368,1,0.569620253164557,hist_gradient_boosting,isotonic
3373,0,0.28450704225352125,hist_gradient_boosting,isotonic
3386,1,0.3770491803278688,hist_gradient_boosting,isotonic
3388,0,0.28450704225352125,hist_gradient_boosting,isotonic
3399,1,0.4244604316546763,hist_gradient_boosting,isotonic
3420,0,0.28450704225352125,hist_gradient_boosting,isotonic
3426,0,0.28450704225352125,hist_gradient_boosting,isotonic
3431,0,0.28450704225352125,hist_gradient_boosting,isotonic
3433,0,0.22857142857142856,hist_gradient_boosting,isotonic
3437,1,0.28450704225352125,hist_gradient_boosting,isotonic
3438,1,0.22857142857142856,hist_gradient_boosting,isotonic
3455,0,0.28450704225352125,hist_gradient_boosting,isotonic
3457,0,0.3770491803278688,hist_gradient_boosting,isotonic
3463,0,0.28450704225352125,hist_gradient_boosting,isotonic
3465,1,0.5757575757575758,hist_gradient_boosting,isotonic
3468,0,0.28450704225352125,hist_gradient_boosting,isotonic
3469,1,0.28450704225352125,hist_gradient_boosting,isotonic
3472,1,0.3770491803278688,hist_gradient_boosting,isotonic
3475,1,0.4244604316546763,hist_gradient_boosting,isotonic
3477,0,0.28450704225352125,hist_gradient_boosting,isotonic
3480,1,0.3770491803278688,hist_gradient_boosting,isotonic
3484,1,0.28450704225352125,hist_gradient_boosting,isotonic
3492,1,0.28450704225352125,hist_gradient_boosting,isotonic
3501,0,0.569620253164557,hist_gradient_boosting,isotonic
3519,1,0.4143459287271471,hist_gradient_boosting,isotonic
3523,1,0.3770491803278688,hist_gradient_boosting,isotonic
3544,1,0.28450704225352125,hist_gradient_boosting,isotonic
3553,0,0.28450704225352125,hist_gradient_boosting,isotonic
3565,1,0.5,hist_gradient_boosting,isotonic
3568,0,0.4244604316546763,hist_gradient_boosting,isotonic
3572,0,0.28450704225352125,hist_gradient_boosting,isotonic
3573,0,0.22857142857142856,hist_gradient_boosting,isotonic
3576,1,0.28450704225352125,hist_gradient_boosting,isotonic
3592,1,0.28450704225352125,hist_gradient_boosting,isotonic
3594,0,0.28450704225352125,hist_gradient_boosting,isotonic
3607,0,0.28450704225352125,hist_gradient_boosting,isotonic
3613,0,0.28450704225352125,hist_gradient_boosting,isotonic
3618,0,0.28450704225352125,hist_gradient_boosting,isotonic
3626,0,0.411122313480144,hist_gradient_boosting,isotonic
3629,1,0.5,hist_gradient_boosting,isotonic
3646,0,0.4244604316546763,hist_gradient_boosting,isotonic
3650,0,0.35877862595419846,hist_gradient_boosting,isotonic
3666,0,0.4074074074074074,hist_gradient_boosting,isotonic
3679,1,0.22857142857142856,hist_gradient_boosting,isotonic
3682,1,0.4244604316546763,hist_gradient_boosting,isotonic
3684,1,0.4244604316546763,hist_gradient_boosting,isotonic
3691,1,0.28450704225352125,hist_gradient_boosting,isotonic
3702,0,0.28450704225352125,hist_gradient_boosting,isotonic
3709,0,0.28450704225352125,hist_gradient_boosting,isotonic
3733,1,0.28450704225352125,hist_gradient_boosting,isotonic
3743,0,0.4074074074074074,hist_gradient_boosting,isotonic
3744,1,0.4074074074074074,hist_gradient_boosting,isotonic
3751,1,0.3770491803278688,hist_gradient_boosting,isotonic
3752,0,0.28450704225352125,hist_gradient_boosting,isotonic
3753,0,0.5,hist_gradient_boosting,isotonic
3759,0,0.28450704225352125,hist_gradient_boosting,isotonic
3795,0,0.4074074074074074,hist_gradient_boosting,isotonic
3809,1,0.28450704225352125,hist_gradient_boosting,isotonic
3810,1,0.28450704225352125,hist_gradient_boosting,isotonic
3813,0,0.6666666666666666,hist_gradient_boosting,isotonic
3833,1,0.4244604316546763,hist_gradient_boosting,isotonic
3836,1,0.28450704225352125,hist_gradient_boosting,isotonic
3837,1,0.7128302301480444,hist_gradient_boosting,isotonic
3838,0,0.28450704225352125,hist_gradient_boosting,isotonic
3847,0,0.4244604316546763,hist_gradient_boosting,isotonic
3863,0,0.29636369933726375,hist_gradient_boosting,isotonic
3883,1,0.28450704225352125,hist_gradient_boosting,isotonic
3886,0,0.28450704225352125,hist_gradient_boosting,isotonic
3887,0,0.28450704225352125,hist_gradient_boosting,isotonic
3889,0,0.28450704225352125,hist_gradient_boosting,isotonic
3896,0,0.6666666666666666,hist_gradient_boosting,isotonic
3913,0,0.28450704225352125,hist_gradient_boosting,isotonic
3915,0,0.28450704225352125,hist_gradient_boosting,isotonic
3920,1,0.8,hist_gradient_boosting,isotonic
3938,0,0.3770491803278688,hist_gradient_boosting,isotonic
3963,1,0.6666666666666666,hist_gradient_boosting,isotonic
3965,1,0.28450704225352125,hist_gradient_boosting,isotonic
3972,0,0.22857142857142856,hist_gradient_boosting,isotonic
3979,1,0.5,hist_gradient_boosting,isotonic
3980,0,0.28450704225352125,hist_gradient_boosting,isotonic
3988,0,0.28450704225352125,hist_gradient_boosting,isotonic
4001,0,0.3770491803278688,hist_gradient_boosting,isotonic
4002,0,0.28450704225352125,hist_gradient_boosting,isotonic
4003,1,0.3770491803278688,hist_gradient_boosting,isotonic
4013,0,0.35877862595419846,hist_gradient_boosting,isotonic
4018,0,0.28450704225352125,hist_gradient_boosting,isotonic
4019,0,0.28450704225352125,hist_gradient_boosting,isotonic
4022,1,0.28450704225352125,hist_gradient_boosting,isotonic
4028,1,0.4244604316546763,hist_gradient_boosting,isotonic
4035,0,0.22857142857142856,hist_gradient_boosting,isotonic
4040,1,0.22857142857142856,hist_gradient_boosting,isotonic
4042,0,0.4244604316546763,hist_gradient_boosting,isotonic
4050,1,0.22857142857142856,hist_gradient_boosting,isotonic
4053,1,0.7639448576328312,hist_gradient_boosting,isotonic
4066,1,0.4244604316546763,hist_gradient_boosting,isotonic
4074,0,0.4244604316546763,hist_gradient_boosting,isotonic
4084,0,0.28450704225352125,hist_gradient_boosting,isotonic
4093,1,0.6666666666666666,hist_gradient_boosting,isotonic
4095,1,0.35877862595419846,hist_gradient_boosting,isotonic
4096,0,0.28450704225352125,hist_gradient_boosting,isotonic
4098,1,0.28450704225352125,hist_gradient_boosting,isotonic
4103,0,0.4244604316546763,hist_gradient_boosting,isotonic
4112,1,0.5,hist_gradient_boosting,isotonic
4126,0,0.28450704225352125,hist_gradient_boosting,isotonic
4128,0,0.3770491803278688,hist_gradient_boosting,isotonic
4143,0,0.28450704225352125,hist_gradient_boosting,isotonic
4145,0,0.5757575757575758,hist_gradient_boosting,isotonic
4153,0,0.22857142857142856,hist_gradient_boosting,isotonic
4155,0,0.35877862595419846,hist_gradient_boosting,isotonic
4156,0,0.28450704225352125,hist_gradient_boosting,isotonic
4163,1,0.3770491803278688,hist_gradient_boosting,isotonic
4178,0,0.28450704225352125,hist_gradient_boosting,isotonic
4185,0,0.28450704225352125,hist_gradient_boosting,isotonic
4186,0,0.35877862595419846,hist_gradient_boosting,isotonic
4188,0,0.22857142857142856,hist_gradient_boosting,isotonic
4190,0,0.4244604316546763,hist_gradient_boosting,isotonic
4193,0,0.4244604316546763,hist_gradient_boosting,isotonic
4194,0,0.35877862595419846,hist_gradient_boosting,isotonic
4195,0,0.22857142857142856,hist_gradient_boosting,isotonic
4197,0,0.22857142857142856,hist_gradient_boosting,isotonic
4206,0,0.28450704225352125,hist_gradient_boosting,isotonic
4214,1,0.5,hist_gradient_boosting,isotonic
4217,0,0.4244604316546763,hist_gradient_boosting,isotonic
4219,1,0.4074074074074074,hist_gradient_boosting,isotonic
4221,1,0.28450704225352125,hist_gradient_boosting,isotonic
4227,1,0.3770491803278688,hist_gradient_boosting,isotonic
4237,0,0.22857142857142856,hist_gradient_boosting,isotonic
4245,0,0.28450704225352125,hist_gradient_boosting,isotonic
4254,1,0.6666666666666666,hist_gradient_boosting,isotonic
4261,0,0.28450704225352125,hist_gradient_boosting,isotonic
4271,0,0.35877862595419846,hist_gradient_boosting,isotonic
4285,1,0.4244604316546763,hist_gradient_boosting,isotonic
4308,1,0.28450704225352125,hist_gradient_boosting,isotonic
4315,0,0.28450704225352125,hist_gradient_boosting,isotonic
4321,0,0.28450704225352125,hist_gradient_boosting,isotonic
4335,1,0.4244604316546763,hist_gradient_boosting,isotonic
4348,0,0.3770491803278688,hist_gradient_boosting,isotonic
4361,0,0.28450704225352125,hist_gradient_boosting,isotonic
4369,0,0.22857142857142856,hist_gradient_boosting,isotonic
4375,0,0.28450704225352125,hist_gradient_boosting,isotonic
4382,0,0.28450704225352125,hist_gradient_boosting,isotonic
4403,0,0.28450704225352125,hist_gradient_boosting,isotonic
4404,1,0.35877862595419846,hist_gradient_boosting,isotonic
4414,0,0.28450704225352125,hist_gradient_boosting,isotonic
4415,1,0.28450704225352125,hist_gradient_boosting,isotonic
4423,1,0.3770491803278688,hist_gradient_boosting,isotonic
4437,0,0.28450704225352125,hist_gradient_boosting,isotonic
4440,0,0.35877862595419846,hist_gradient_boosting,isotonic
4444,0,0.35877862595419846,hist_gradient_boosting,isotonic
4467,1,0.22857142857142856,hist_gradient_boosting,isotonic
4471,0,0.569620253164557,hist_gradient_boosting,isotonic
4477,1,0.569620253164557,hist_gradient_boosting,isotonic
4478,0,0.28450704225352125,hist_gradient_boosting,isotonic
4488,0,0.28450704225352125,hist_gradient_boosting,isotonic
4492,0,0.28450704225352125,hist_gradient_boosting,isotonic
4503,0,0.4244604316546763,hist_gradient_boosting,isotonic
4518,0,0.28450704225352125,hist_gradient_boosting,isotonic
4523,0,0.22857142857142856,hist_gradient_boosting,isotonic
4527,0,0.28450704225352125,hist_gradient_boosting,isotonic
4532,1,0.4244604316546763,hist_gradient_boosting,isotonic
4536,0,0.0,hist_gradient_boosting,isotonic
4538,0,0.28450704225352125,hist_gradient_boosting,isotonic
4543,0,0.4244604316546763,hist_gradient_boosting,isotonic
4550,1,0.28450704225352125,hist_gradient_boosting,isotonic
4552,0,0.569620253164557,hist_gradient_boosting,isotonic
4567,0,0.22857142857142856,hist_gradient_boosting,isotonic
4570,1,0.5,hist_gradient_boosting,isotonic
4574,0,0.28450704225352125,hist_gradient_boosting,isotonic
4591,0,0.28450704225352125,hist_gradient_boosting,isotonic
4601,1,0.28450704225352125,hist_gradient_boosting,isotonic
4602,0,0.4244604316546763,hist_gradient_boosting,isotonic
4608,0,0.3770491803278688,hist_gradient_boosting,isotonic
4609,0,0.5,hist_gradient_boosting,isotonic
4614,0,0.5,hist_gradient_boosting,isotonic
4628,1,0.3770491803278688,hist_gradient_boosting,isotonic
4629,0,0.22857142857142856,hist_gradient_boosting,isotonic
4637,0,0.35877862595419846,hist_gradient_boosting,isotonic
4639,1,0.28450704225352125,hist_gradient_boosting,isotonic
4642,0,0.28450704225352125,hist_gradient_boosting,isotonic
4650,0,0.28450704225352125,hist_gradient_boosting,isotonic
4659,0,0.5,hist_gradient_boosting,isotonic
4673,0,0.28450704225352125,hist_gradient_boosting,isotonic
4675,0,0.28450704225352125,hist_gradient_boosting,isotonic
4683,1,0.28450704225352125,hist_gradient_boosting,isotonic
4684,0,0.569620253164557,hist_gradient_boosting,isotonic
4691,1,0.3770491803278688,hist_gradient_boosting,isotonic
4696,0,0.28450704225352125,hist_gradient_boosting,isotonic
4700,0,0.28450704225352125,hist_gradient_boosting,isotonic
4706,0,0.28450704225352125,hist_gradient_boosting,isotonic
4724,0,0.09523809523809523,hist_gradient_boosting,isotonic
4732,0,0.28450704225352125,hist_gradient_boosting,isotonic
4744,0,0.28450704225352125,hist_gradient_boosting,isotonic
4754,0,0.4244604316546763,hist_gradient_boosting,isotonic
4763,0,0.3770491803278688,hist_gradient_boosting,isotonic
4766,1,0.35877862595419846,hist_gradient_boosting,isotonic
4776,0,0.28450704225352125,hist_gradient_boosting,isotonic
4780,1,0.28450704225352125,hist_gradient_boosting,isotonic
4786,0,0.28450704225352125,hist_gradient_boosting,isotonic
4805,0,0.35877862595419846,hist_gradient_boosting,isotonic
4815,1,0.35877862595419846,hist_gradient_boosting,isotonic
4823,1,0.569620253164557,hist_gradient_boosting,isotonic
4827,0,0.28450704225352125,hist_gradient_boosting,isotonic
4831,0,0.28450704225352125,hist_gradient_boosting,isotonic
4838,0,0.28450704225352125,hist_gradient_boosting,isotonic
4842,0,0.4244604316546763,hist_gradient_boosting,isotonic
4843,0,0.22857142857142856,hist_gradient_boosting,isotonic
4852,1,0.28450704225352125,hist_gradient_boosting,isotonic
4868,0,0.28450704225352125,hist_gradient_boosting,isotonic
4869,0,0.4244604316546763,hist_gradient_boosting,isotonic
4872,0,0.28450704225352125,hist_gradient_boosting,isotonic
4883,0,0.5,hist_gradient_boosting,isotonic
4890,0,0.35877862595419846,hist_gradient_boosting,isotonic
4891,0,0.28450704225352125,hist_gradient_boosting,isotonic
4911,0,0.22857142857142856,hist_gradient_boosting,isotonic
4936,0,0.28450704225352125,hist_gradient_boosting,isotonic
4937,0,0.28450704225352125,hist_gradient_boosting,isotonic
4945,0,0.5,hist_gradient_boosting,isotonic
4946,1,0.6666666666666666,hist_gradient_boosting,isotonic
4957,0,0.22857142857142856,hist_gradient_boosting,isotonic
4959,0,0.28450704225352125,hist_gradient_boosting,isotonic
4962,1,0.3770491803278688,hist_gradient_boosting,isotonic
4967,0,0.28450704225352125,hist_gradient_boosting,isotonic
4996,1,0.09523809523809523,hist_gradient_boosting,isotonic
4997,0,0.28450704225352125,hist_gradient_boosting,isotonic
4999,0,0.28450704225352125,hist_gradient_boosting,isotonic
5010,1,0.5,hist_gradient_boosting,isotonic
5020,0,0.28450704225352125,hist_gradient_boosting,isotonic
5022,1,0.5757575757575758,hist_gradient_boosting,isotonic
5024,0,0.569620253164557,hist_gradient_boosting,isotonic
5029,0,0.28450704225352125,hist_gradient_boosting,isotonic
5036,0,0.22857142857142856,hist_gradient_boosting,isotonic
5042,1,0.28450704225352125,hist_gradient_boosting,isotonic
5045,0,0.0,hist_gradient_boosting,isotonic
5051,0,0.28450704225352125,hist_gradient_boosting,isotonic
5053,1,0.28450704225352125,hist_gradient_boosting,isotonic
5059,1,0.569620253164557,hist_gradient_boosting,isotonic
5068,0,0.4244604316546763,hist_gradient_boosting,isotonic
5090,1,0.28450704225352125,hist_gradient_boosting,isotonic
5097,0,0.4244604316546763,hist_gradient_boosting,isotonic
5103,0,0.28450704225352125,hist_gradient_boosting,isotonic
5108,1,0.09523809523809523,hist_gradient_boosting,isotonic
5114,0,0.28450704225352125,hist_gradient_boosting,isotonic
5116,0,0.28450704225352125,hist_gradient_boosting,isotonic
5122,0,0.28450704225352125,hist_gradient_boosting,isotonic
5126,0,0.22857142857142856,hist_gradient_boosting,isotonic
5136,0,0.28450704225352125,hist_gradient_boosting,isotonic
5141,0,0.28450704225352125,hist_gradient_boosting,isotonic
5145,0,0.28450704225352125,hist_gradient_boosting,isotonic
5168,0,0.5,hist_gradient_boosting,isotonic
5228,0,0.28450704225352125,hist_gradient_boosting,isotonic
5238,0,0.28450704225352125,hist_gradient_boosting,isotonic
5250,0,0.5,hist_gradient_boosting,isotonic
5253,0,0.28450704225352125,hist_gradient_boosting,isotonic
5261,0,0.28450704225352125,hist_gradient_boosting,isotonic
5281,0,0.28450704225352125,hist_gradient_boosting,isotonic
5288,0,0.28450704225352125,hist_gradient_boosting,isotonic
5289,0,0.28450704225352125,hist_gradient_boosting,isotonic
5294,0,0.3770491803278688,hist_gradient_boosting,isotonic
5303,0,0.28450704225352125,hist_gradient_boosting,isotonic
5308,0,0.09523809523809523,hist_gradient_boosting,isotonic
5309,0,0.28450704225352125,hist_gradient_boosting,isotonic
5313,0,0.28450704225352125,hist_gradient_boosting,isotonic
5316,1,0.22857142857142856,hist_gradient_boosting,isotonic
5326,0,0.4244604316546763,hist_gradient_boosting,isotonic
5346,0,0.22857142857142856,hist_gradient_boosting,isotonic
5351,1,0.35877862595419846,hist_gradient_boosting,isotonic
5352,0,0.28450704225352125,hist_gradient_boosting,isotonic
5353,1,0.6666666666666666,hist_gradient_boosting,isotonic
5361,0,0.28450704225352125,hist_gradient_boosting,isotonic
5364,0,0.5757575757575758,hist_gradient_boosting,isotonic
5368,1,0.28450704225352125,hist_gradient_boosting,isotonic
5372,1,0.569620253164557,hist_gradient_boosting,isotonic
5375,0,0.28450704225352125,hist_gradient_boosting,isotonic
5376,1,0.4244604316546763,hist_gradient_boosting,isotonic
5378,0,0.4244604316546763,hist_gradient_boosting,isotonic
5380,0,0.28450704225352125,hist_gradient_boosting,isotonic
5384,0,0.28450704225352125,hist_gradient_boosting,isotonic
5390,0,0.28450704225352125,hist_gradient_boosting,isotonic
5395,0,0.4244604316546763,hist_gradient_boosting,isotonic
5402,1,0.28450704225352125,hist_gradient_boosting,isotonic
5404,0,0.22857142857142856,hist_gradient_boosting,isotonic
5406,1,0.569620253164557,hist_gradient_boosting,isotonic
5415,0,0.3770491803278688,hist_gradient_boosting,isotonic
5438,0,0.22857142857142856,hist_gradient_boosting,isotonic
5458,1,0.4244604316546763,hist_gradient_boosting,isotonic
5464,0,0.28450704225352125,hist_gradient_boosting,isotonic
5471,0,0.35877862595419846,hist_gradient_boosting,isotonic
5475,1,0.569620253164557,hist_gradient_boosting,isotonic
5481,0,0.28450704225352125,hist_gradient_boosting,isotonic
5488,0,0.28450704225352125,hist_gradient_boosting,isotonic
5490,0,0.28450704225352125,hist_gradient_boosting,isotonic
5493,0,0.569620253164557,hist_gradient_boosting,isotonic
5494,0,0.28450704225352125,hist_gradient_boosting,isotonic
5497,0,0.22857142857142856,hist_gradient_boosting,isotonic
5500,0,0.28450704225352125,hist_gradient_boosting,isotonic
5508,0,0.28450704225352125,hist_gradient_boosting,isotonic
5509,1,0.4244604316546763,hist_gradient_boosting,isotonic
5511,0,0.09523809523809523,hist_gradient_boosting,isotonic
5513,0,0.28450704225352125,hist_gradient_boosting,isotonic
5515,0,0.28450704225352125,hist_gradient_boosting,isotonic
5520,0,0.35877862595419846,hist_gradient_boosting,isotonic
5524,1,0.5,hist_gradient_boosting,isotonic
5544,1,0.3770491803278688,hist_gradient_boosting,isotonic
5555,0,0.35877862595419846,hist_gradient_boosting,isotonic
5565,0,0.22857142857142856,hist_gradient_boosting,isotonic
5588,0,0.28450704225352125,hist_gradient_boosting,isotonic
5601,1,0.569620253164557,hist_gradient_boosting,isotonic
5616,1,0.22857142857142856,hist_gradient_boosting,isotonic
5622,1,0.28450704225352125,hist_gradient_boosting,isotonic
5629,0,0.5,hist_gradient_boosting,isotonic
5646,0,0.28450704225352125,hist_gradient_boosting,isotonic
5659,0,0.28450704225352125,hist_gradient_boosting,isotonic
5666,1,0.6666666666666666,hist_gradient_boosting,isotonic
5680,0,0.28450704225352125,hist_gradient_boosting,isotonic
5681,1,0.4244604316546763,hist_gradient_boosting,isotonic
5684,0,0.28450704225352125,hist_gradient_boosting,isotonic
5688,1,0.22857142857142856,hist_gradient_boosting,isotonic
5693,1,0.569620253164557,hist_gradient_boosting,isotonic
5700,1,0.28450704225352125,hist_gradient_boosting,isotonic
5709,0,0.28450704225352125,hist_gradient_boosting,isotonic
5715,0,0.28450704225352125,hist_gradient_boosting,isotonic
5719,0,0.28450704225352125,hist_gradient_boosting,isotonic
5722,1,0.22857142857142856,hist_gradient_boosting,isotonic
5728,0,0.28450704225352125,hist_gradient_boosting,isotonic
5730,1,0.28450704225352125,hist_gradient_boosting,isotonic
5738,0,0.4244604316546763,hist_gradient_boosting,isotonic
5742,1,0.569620253164557,hist_gradient_boosting,isotonic
5749,0,0.35877862595419846,hist_gradient_boosting,isotonic
5757,0,0.28450704225352125,hist_gradient_boosting,isotonic
5773,1,0.35877862595419846,hist_gradient_boosting,isotonic
5780,0,0.28450704225352125,hist_gradient_boosting,isotonic
5789,1,0.28450704225352125,hist_gradient_boosting,isotonic
5790,1,0.569620253164557,hist_gradient_boosting,isotonic
5796,0,0.4074074074074074,hist_gradient_boosting,isotonic
5805,0,0.3770491803278688,hist_gradient_boosting,isotonic
5806,0,0.28450704225352125,hist_gradient_boosting,isotonic
5819,1,0.28450704225352125,hist_gradient_boosting,isotonic
5848,1,0.28450704225352125,hist_gradient_boosting,isotonic
5871,0,0.3770491803278688,hist_gradient_boosting,isotonic
5885,1,0.35877862595419846,hist_gradient_boosting,isotonic
5891,1,0.3770491803278688,hist_gradient_boosting,isotonic
5898,1,0.28450704225352125,hist_gradient_boosting,isotonic
5909,0,0.28450704225352125,hist_gradient_boosting,isotonic
5915,0,0.3770491803278688,hist_gradient_boosting,isotonic
5917,0,0.4074074074074074,hist_gradient_boosting,isotonic
5919,0,0.28450704225352125,hist_gradient_boosting,isotonic
5922,0,0.28450704225352125,hist_gradient_boosting,isotonic
5924,0,0.28450704225352125,hist_gradient_boosting,isotonic
5929,0,0.28450704225352125,hist_gradient_boosting,isotonic
5938,0,0.22857142857142856,hist_gradient_boosting,isotonic
5941,1,0.28450704225352125,hist_gradient_boosting,isotonic
5950,1,0.28450704225352125,hist_gradient_boosting,isotonic
5954,1,0.3770491803278688,hist_gradient_boosting,isotonic
5960,1,0.28450704225352125,hist_gradient_boosting,isotonic
5968,0,0.28450704225352125,hist_gradient_boosting,isotonic
5980,0,0.5,hist_gradient_boosting,isotonic
5986,0,0.28450704225352125,hist_gradient_boosting,isotonic
6000,0,0.3770491803278688,hist_gradient_boosting,isotonic
6004,0,0.28450704225352125,hist_gradient_boosting,isotonic
6025,0,0.28450704225352125,hist_gradient_boosting,isotonic
6029,1,0.09523809523809523,hist_gradient_boosting,isotonic
6034,0,0.28450704225352125,hist_gradient_boosting,isotonic
6039,0,0.28450704225352125,hist_gradient_boosting,isotonic
6067,1,0.6666666666666666,hist_gradient_boosting,isotonic
6079,1,0.22857142857142856,hist_gradient_boosting,isotonic
6090,0,0.28450704225352125,hist_gradient_boosting,isotonic
6094,0,0.28450704225352125,hist_gradient_boosting,isotonic
6115,1,0.4074074074074074,hist_gradient_boosting,isotonic
6116,1,0.28450704225352125,hist_gradient_boosting,isotonic
6118,0,0.28450704225352125,hist_gradient_boosting,isotonic
6121,1,0.28450704225352125,hist_gradient_boosting,isotonic
6122,0,0.28450704225352125,hist_gradient_boosting,isotonic
6131,0,0.4244604316546763,hist_gradient_boosting,isotonic
6132,0,0.4244604316546763,hist_gradient_boosting,isotonic
6144,0,0.4244604316546763,hist_gradient_boosting,isotonic
6146,0,0.5,hist_gradient_boosting,isotonic
6153,0,0.28450704225352125,hist_gradient_boosting,isotonic
6159,0,0.28450704225352125,hist_gradient_boosting,isotonic
6166,0,0.35877862595419846,hist_gradient_boosting,isotonic
6171,1,0.4244604316546763,hist_gradient_boosting,isotonic
6176,0,0.28450704225352125,hist_gradient_boosting,isotonic
6178,0,0.28450704225352125,hist_gradient_boosting,isotonic
6182,1,0.4244604316546763,hist_gradient_boosting,isotonic
6184,1,0.569620253164557,hist_gradient_boosting,isotonic
6185,0,0.28450704225352125,hist_gradient_boosting,isotonic
6193,0,0.3770491803278688,hist_gradient_boosting,isotonic
6196,0,0.5,hist_gradient_boosting,isotonic
6197,1,0.28450704225352125,hist_gradient_boosting,isotonic
6199,1,0.5757575757575758,hist_gradient_boosting,isotonic
6200,1,0.28450704225352125,hist_gradient_boosting,isotonic
6211,0,0.09523809523809523,hist_gradient_boosting,isotonic
6215,0,0.28450704225352125,hist_gradient_boosting,isotonic
6217,1,0.5757575757575758,hist_gradient_boosting,isotonic
6225,1,0.569620253164557,hist_gradient_boosting,isotonic
6226,0,0.22857142857142856,hist_gradient_boosting,isotonic
6232,0,0.569620253164557,hist_gradient_boosting,isotonic
6237,0,0.4244604316546763,hist_gradient_boosting,isotonic
6238,0,0.28450704225352125,hist_gradient_boosting,isotonic
6242,1,0.35877862595419846,hist_gradient_boosting,isotonic
6244,1,0.569620253164557,hist_gradient_boosting,isotonic
6245,1,0.28450704225352125,hist_gradient_boosting,isotonic
6247,0,0.3770491803278688,hist_gradient_boosting,isotonic
6255,0,0.28450704225352125,hist_gradient_boosting,isotonic
6256,0,0.28450704225352125,hist_gradient_boosting,isotonic
6258,0,0.28450704225352125,hist_gradient_boosting,isotonic
6297,0,0.28450704225352125,hist_gradient_boosting,isotonic
6310,1,0.5,hist_gradient_boosting,isotonic
6315,1,0.3770491803278688,hist_gradient_boosting,isotonic
6320,0,0.4244604316546763,hist_gradient_boosting,isotonic
6328,0,0.35877862595419846,hist_gradient_boosting,isotonic
6330,0,0.28450704225352125,hist_gradient_boosting,isotonic
6331,0,0.6666666666666666,hist_gradient_boosting,isotonic
6334,0,0.28450704225352125,hist_gradient_boosting,isotonic
6347,1,0.28450704225352125,hist_gradient_boosting,isotonic
6363,0,0.28450704225352125,hist_gradient_boosting,isotonic
6364,0,0.4244604316546763,hist_gradient_boosting,isotonic
6378,0,0.22857142857142856,hist_gradient_boosting,isotonic
6382,1,0.28450704225352125,hist_gradient_boosting,isotonic
6398,0,0.28450704225352125,hist_gradient_boosting,isotonic
6404,1,0.4244604316546763,hist_gradient_boosting,isotonic
6408,0,0.28450704225352125,hist_gradient_boosting,isotonic
6416,1,0.22857142857142856,hist_gradient_boosting,isotonic
6418,0,0.22857142857142856,hist_gradient_boosting,isotonic
6427,0,0.28450704225352125,hist_gradient_boosting,isotonic
6429,1,0.4244604316546763,hist_gradient_boosting,isotonic
6437,0,0.3770491803278688,hist_gradient_boosting,isotonic
6447,1,0.4244604316546763,hist_gradient_boosting,isotonic
6460,0,0.28450704225352125,hist_gradient_boosting,isotonic
6462,0,0.28450704225352125,hist_gradient_boosting,isotonic
6465,1,0.569620253164557,hist_gradient_boosting,isotonic
6466,1,0.28450704225352125,hist_gradient_boosting,isotonic
6467,0,0.28450704225352125,hist_gradient_boosting,isotonic
6469,1,0.35877862595419846,hist_gradient_boosting,isotonic
6470,1,0.28450704225352125,hist_gradient_boosting,isotonic
6474,0,0.4244604316546763,hist_gradient_boosting,isotonic
6497,0,0.4244604316546763,hist_gradient_boosting,isotonic
6499,0,0.3770491803278688,hist_gradient_boosting,isotonic
6515,0,0.0,hist_gradient_boosting,isotonic
6519,0,0.28450704225352125,hist_gradient_boosting,isotonic
6526,1,0.22857142857142856,hist_gradient_boosting,isotonic
6545,0,0.28450704225352125,hist_gradient_boosting,isotonic
6557,1,0.28450704225352125,hist_gradient_boosting,isotonic
6558,0,0.22857142857142856,hist_gradient_boosting,isotonic
6566,1,0.4244604316546763,hist_gradient_boosting,isotonic
6569,0,0.28450704225352125,hist_gradient_boosting,isotonic
6575,1,0.5,hist_gradient_boosting,isotonic
6582,0,0.4244604316546763,hist_gradient_boosting,isotonic
6586,0,0.28450704225352125,hist_gradient_boosting,isotonic
6603,0,0.28450704225352125,hist_gradient_boosting,isotonic
6611,0,0.28450704225352125,hist_gradient_boosting,isotonic
6616,0,0.28450704225352125,hist_gradient_boosting,isotonic
6617,1,0.5,hist_gradient_boosting,isotonic
6618,0,0.35877862595419846,hist_gradient_boosting,isotonic
6636,0,0.28450704225352125,hist_gradient_boosting,isotonic
6638,0,0.5,hist_gradient_boosting,isotonic
6649,0,0.6666666666666666,hist_gradient_boosting,isotonic
6661,1,0.28450704225352125,hist_gradient_boosting,isotonic
6662,0,0.35877862595419846,hist_gradient_boosting,isotonic
6664,1,0.28450704225352125,hist_gradient_boosting,isotonic
6668,1,0.4244604316546763,hist_gradient_boosting,isotonic
6679,0,0.3770491803278688,hist_gradient_boosting,isotonic
6707,1,0.22857142857142856,hist_gradient_boosting,isotonic
6710,1,0.28450704225352125,hist_gradient_boosting,isotonic
6713,1,0.4244604316546763,hist_gradient_boosting,isotonic
6723,0,0.3770491803278688,hist_gradient_boosting,isotonic
6726,0,0.28450704225352125,hist_gradient_boosting,isotonic
6735,1,0.569620253164557,hist_gradient_boosting,isotonic
6745,1,0.09523809523809523,hist_gradient_boosting,isotonic
6759,0,0.28450704225352125,hist_gradient_boosting,isotonic
6763,1,0.28450704225352125,hist_gradient_boosting,isotonic
6774,0,0.28450704225352125,hist_gradient_boosting,isotonic
6775,0,0.4244604316546763,hist_gradient_boosting,isotonic
6780,1,0.569620253164557,hist_gradient_boosting,isotonic
6802,0,0.569620253164557,hist_gradient_boosting,isotonic
6810,0,0.4244604316546763,hist_gradient_boosting,isotonic
6814,0,0.22857142857142856,hist_gradient_boosting,isotonic
6821,0,0.5,hist_gradient_boosting,isotonic
6834,0,0.4244604316546763,hist_gradient_boosting,isotonic
6835,1,0.569620253164557,hist_gradient_boosting,isotonic
6842,0,0.28450704225352125,hist_gradient_boosting,isotonic
6861,1,0.3770491803278688,hist_gradient_boosting,isotonic
6863,0,0.28450704225352125,hist_gradient_boosting,isotonic
6878,0,0.22857142857142856,hist_gradient_boosting,isotonic
6879,0,0.35877862595419846,hist_gradient_boosting,isotonic
6887,0,0.3770491803278688,hist_gradient_boosting,isotonic
6891,0,0.35877862595419846,hist_gradient_boosting,isotonic
6907,1,0.5,hist_gradient_boosting,isotonic
6910,1,0.28450704225352125,hist_gradient_boosting,isotonic
6922,0,0.3770491803278688,hist_gradient_boosting,isotonic
6928,0,0.4244604316546763,hist_gradient_boosting,isotonic
6929,0,0.28450704225352125,hist_gradient_boosting,isotonic
6930,0,0.28450704225352125,hist_gradient_boosting,isotonic
6935,0,0.35877862595419846,hist_gradient_boosting,isotonic
6951,1,0.5,hist_gradient_boosting,isotonic
6955,0,0.4074074074074074,hist_gradient_boosting,isotonic
6971,0,0.5,hist_gradient_boosting,isotonic
6989,0,0.28450704225352125,hist_gradient_boosting,isotonic
6997,0,0.28450704225352125,hist_gradient_boosting,isotonic
7004,1,0.6666666666666666,hist_gradient_boosting,isotonic
7006,0,0.28450704225352125,hist_gradient_boosting,isotonic
7009,0,0.28450704225352125,hist_gradient_boosting,isotonic
7012,0,0.28450704225352125,hist_gradient_boosting,isotonic
7022,1,0.3770491803278688,hist_gradient_boosting,isotonic
7024,0,0.28450704225352125,hist_gradient_boosting,isotonic
7035,1,0.4244604316546763,hist_gradient_boosting,isotonic
7046,0,0.22857142857142856,hist_gradient_boosting,isotonic
7049,1,0.22857142857142856,hist_gradient_boosting,isotonic
7050,0,0.28450704225352125,hist_gradient_boosting,isotonic
7058,0,0.22857142857142856,hist_gradient_boosting,isotonic
7059,0,0.4244604316546763,hist_gradient_boosting,isotonic
7063,0,0.22857142857142856,hist_gradient_boosting,isotonic
7074,1,0.4244604316546763,hist_gradient_boosting,isotonic
7075,0,0.569620253164557,hist_gradient_boosting,isotonic
7088,0,0.09523809523809523,hist_gradient_boosting,isotonic
7095,1,0.5757575757575758,hist_gradient_boosting,isotonic
7110,0,0.35877862595419846,hist_gradient_boosting,isotonic
7122,1,0.28450704225352125,hist_gradient_boosting,isotonic
7130,0,0.28450704225352125,hist_gradient_boosting,isotonic
7138,0,0.28450704225352125,hist_gradient_boosting,isotonic
7142,0,0.4244604316546763,hist_gradient_boosting,isotonic
7144,1,0.28450704225352125,hist_gradient_boosting,isotonic
7145,0,0.28450704225352125,hist_gradient_boosting,isotonic
7153,0,0.5,hist_gradient_boosting,isotonic
7156,1,0.28450704225352125,hist_gradient_boosting,isotonic
7157,0,0.28450704225352125,hist_gradient_boosting,isotonic
7159,0,0.22857142857142856,hist_gradient_boosting,isotonic
7171,0,0.22857142857142856,hist_gradient_boosting,isotonic
7179,0,0.28450704225352125,hist_gradient_boosting,isotonic
7180,0,0.28450704225352125,hist_gradient_boosting,isotonic
7185,0,0.22857142857142856,hist_gradient_boosting,isotonic
7192,1,0.3770491803278688,hist_gradient_boosting,isotonic
7197,0,0.28450704225352125,hist_gradient_boosting,isotonic
7202,1,0.28450704225352125,hist_gradient_boosting,isotonic
7203,0,0.4244604316546763,hist_gradient_boosting,isotonic
7210,1,0.6666666666666666,hist_gradient_boosting,isotonic
7213,0,0.35877862595419846,hist_gradient_boosting,isotonic
7215,0,0.28450704225352125,hist_gradient_boosting,isotonic
7222,1,0.28450704225352125,hist_gradient_boosting,isotonic
7229,1,0.28450704225352125,hist_gradient_boosting,isotonic
7234,0,0.28450704225352125,hist_gradient_boosting,isotonic
7244,1,0.6666666666666666,hist_gradient_boosting,isotonic
7245,0,0.569620253164557,hist_gradient_boosting,isotonic
7260,0,0.28450704225352125,hist_gradient_boosting,isotonic
7267,0,0.09523809523809523,hist_gradient_boosting,isotonic
7270,0,0.28450704225352125,hist_gradient_boosting,isotonic
7271,0,0.3770491803278688,hist_gradient_boosting,isotonic
7308,0,0.35632439217006495,hist_gradient_boosting,isotonic
7312,0,0.28450704225352125,hist_gradient_boosting,isotonic
7321,0,0.28450704225352125,hist_gradient_boosting,isotonic
7325,1,0.3770491803278688,hist_gradient_boosting,isotonic
7327,1,0.569620253164557,hist_gradient_boosting,isotonic
7328,1,0.35877862595419846,hist_gradient_boosting,isotonic
7336,1,0.4244604316546763,hist_gradient_boosting,isotonic
7337,1,0.28450704225352125,hist_gradient_boosting,isotonic
7352,1,0.28450704225352125,hist_gradient_boosting,isotonic
7354,1,0.5,hist_gradient_boosting,isotonic
7357,0,0.28450704225352125,hist_gradient_boosting,isotonic
7359,0,0.22857142857142856,hist_gradient_boosting,isotonic
7360,1,0.3770491803278688,hist_gradient_boosting,isotonic
7373,1,0.35877862595419846,hist_gradient_boosting,isotonic
7379,1,0.6666666666666666,hist_gradient_boosting,isotonic
7386,0,0.28450704225352125,hist_gradient_boosting,isotonic
7392,0,0.28450704225352125,hist_gradient_boosting,isotonic
7396,1,0.22857142857142856,hist_gradient_boosting,isotonic
7397,0,0.22857142857142856,hist_gradient_boosting,isotonic
7399,0,0.4244604316546763,hist_gradient_boosting,isotonic
7403,0,0.569620253164557,hist_gradient_boosting,isotonic
7404,0,0.28450704225352125,hist_gradient_boosting,isotonic
7416,0,0.28450704225352125,hist_gradient_boosting,isotonic
7423,0,0.22857142857142856,hist_gradient_boosting,isotonic
7424,1,0.5,hist_gradient_boosting,isotonic
7426,0,0.28450704225352125,hist_gradient_boosting,isotonic
7429,1,0.6666666666666666,hist_gradient_boosting,isotonic
7438,0,0.22857142857142856,hist_gradient_boosting,isotonic
7445,0,0.28450704225352125,hist_gradient_boosting,isotonic
7461,0,0.4074074074074074,hist_gradient_boosting,isotonic
7466,0,0.28450704225352125,hist_gradient_boosting,isotonic
7472,0,0.28450704225352125,hist_gradient_boosting,isotonic
7473,0,0.22857142857142856,hist_gradient_boosting,isotonic
7482,0,0.22857142857142856,hist_gradient_boosting,isotonic
7486,1,0.4244604316546763,hist_gradient_boosting,isotonic
7494,1,0.28450704225352125,hist_gradient_boosting,isotonic
7495,0,0.8,hist_gradient_boosting,isotonic
7497,0,0.22857142857142856,hist_gradient_boosting,isotonic
7500,0,0.28450704225352125,hist_gradient_boosting,isotonic
7503,0,0.28450704225352125,hist_gradient_boosting,isotonic
7504,0,0.35877862595419846,hist_gradient_boosting,isotonic
7512,1,0.569620253164557,hist_gradient_boosting,isotonic
7527,1,0.569620253164557,hist_gradient_boosting,isotonic
7528,0,0.22857142857142856,hist_gradient_boosting,isotonic
7529,1,0.28450704225352125,hist_gradient_boosting,isotonic
7530,1,0.28450704225352125,hist_gradient_boosting,isotonic
7531,0,0.28450704225352125,hist_gradient_boosting,isotonic
7535,0,0.22857142857142856,hist_gradient_boosting,isotonic
7550,1,0.28450704225352125,hist_gradient_boosting,isotonic
7558,0,0.22857142857142856,hist_gradient_boosting,isotonic
7605,0,0.4244604316546763,hist_gradient_boosting,isotonic
7621,1,0.28450704225352125,hist_gradient_boosting,isotonic
7626,1,0.28450704225352125,hist_gradient_boosting,isotonic
7628,1,0.35877862595419846,hist_gradient_boosting,isotonic
7637,0,0.28450704225352125,hist_gradient_boosting,isotonic
7646,0,0.4074074074074074,hist_gradient_boosting,isotonic
7648,1,0.3770491803278688,hist_gradient_boosting,isotonic
7650,0,0.4074074074074074,hist_gradient_boosting,isotonic
7652,0,0.09523809523809523,hist_gradient_boosting,isotonic
7655,1,0.22857142857142856,hist_gradient_boosting,isotonic
7657,0,0.4244604316546763,hist_gradient_boosting,isotonic
7674,0,0.4244604316546763,hist_gradient_boosting,isotonic
7675,1,0.3770491803278688,hist_gradient_boosting,isotonic
7686,0,0.35877862595419846,hist_gradient_boosting,isotonic
7689,1,0.28450704225352125,hist_gradient_boosting,isotonic
7695,0,0.28450704225352125,hist_gradient_boosting,isotonic
7699,0,0.28450704225352125,hist_gradient_boosting,isotonic
7702,0,0.35877862595419846,hist_gradient_boosting,isotonic
7706,1,0.3770491803278688,hist_gradient_boosting,isotonic
7710,1,0.6666666666666666,hist_gradient_boosting,isotonic
7715,0,0.28450704225352125,hist_gradient_boosting,isotonic
7725,1,0.28450704225352125,hist_gradient_boosting,isotonic
7729,1,0.5757575757575758,hist_gradient_boosting,isotonic
7730,0,0.22857142857142856,hist_gradient_boosting,isotonic
7732,1,0.4244604316546763,hist_gradient_boosting,isotonic
7733,1,0.3770491803278688,hist_gradient_boosting,isotonic
7737,0,0.35877862595419846,hist_gradient_boosting,isotonic
7741,1,0.28450704225352125,hist_gradient_boosting,isotonic
7744,0,0.3770491803278688,hist_gradient_boosting,isotonic
7765,0,0.3770491803278688,hist_gradient_boosting,isotonic
7767,0,0.28450704225352125,hist_gradient_boosting,isotonic
7769,1,0.28450704225352125,hist_gradient_boosting,isotonic
7772,0,0.28450704225352125,hist_gradient_boosting,isotonic
7780,0,0.28450704225352125,hist_gradient_boosting,isotonic
7790,0,0.09523809523809523,hist_gradient_boosting,isotonic
7802,0,0.4244604316546763,hist_gradient_boosting,isotonic
7824,1,0.35877862595419846,hist_gradient_boosting,isotonic
7833,0,0.22857142857142856,hist_gradient_boosting,isotonic
7834,1,0.3770491803278688,hist_gradient_boosting,isotonic
7836,0,0.28450704225352125,hist_gradient_boosting,isotonic
7846,1,0.28450704225352125,hist_gradient_boosting,isotonic
7851,1,0.35877862595419846,hist_gradient_boosting,isotonic
7865,0,0.35877862595419846,hist_gradient_boosting,isotonic
7874,0,0.569620253164557,hist_gradient_boosting,isotonic
7879,0,0.28450704225352125,hist_gradient_boosting,isotonic
7882,0,0.28450704225352125,hist_gradient_boosting,isotonic
7884,1,0.3770491803278688,hist_gradient_boosting,isotonic
7887,0,0.22857142857142856,hist_gradient_boosting,isotonic
7892,0,0.28450704225352125,hist_gradient_boosting,isotonic
7895,1,0.28450704225352125,hist_gradient_boosting,isotonic
7903,0,0.28450704225352125,hist_gradient_boosting,isotonic
7908,0,0.5,hist_gradient_boosting,isotonic
7909,1,0.569620253164557,hist_gradient_boosting,isotonic
7912,0,0.3770491803278688,hist_gradient_boosting,isotonic
7934,0,0.28450704225352125,hist_gradient_boosting,isotonic
7948,1,0.569620253164557,hist_gradient_boosting,isotonic
7949,0,0.28450704225352125,hist_gradient_boosting,isotonic
7950,0,0.4244604316546763,hist_gradient_boosting,isotonic
7954,0,0.28450704225352125,hist_gradient_boosting,isotonic
7961,0,0.28450704225352125,hist_gradient_boosting,isotonic
7975,0,0.28450704225352125,hist_gradient_boosting,isotonic
7976,0,0.28450704225352125,hist_gradient_boosting,isotonic
7980,0,0.28450704225352125,hist_gradient_boosting,isotonic
7981,0,0.28450704225352125,hist_gradient_boosting,isotonic
7987,0,0.22857142857142856,hist_gradient_boosting,isotonic
7993,1,0.28450704225352125,hist_gradient_boosting,isotonic
7999,1,0.28450704225352125,hist_gradient_boosting,isotonic
8000,1,0.28450704225352125,hist_gradient_boosting,isotonic
8004,0,0.28450704225352125,hist_gradient_boosting,isotonic
8019,1,0.28450704225352125,hist_gradient_boosting,isotonic
8029,0,0.3770491803278688,hist_gradient_boosting,isotonic
8032,1,0.35877862595419846,hist_gradient_boosting,isotonic
8035,0,0.35877862595419846,hist_gradient_boosting,isotonic
8038,1,0.28450704225352125,hist_gradient_boosting,isotonic
8048,0,0.569620253164557,hist_gradient_boosting,isotonic
8067,1,0.28450704225352125,hist_gradient_boosting,isotonic
8068,0,0.35877862595419846,hist_gradient_boosting,isotonic
8071,0,0.3770491803278688,hist_gradient_boosting,isotonic
8072,0,0.569620253164557,hist_gradient_boosting,isotonic
8080,1,0.22857142857142856,hist_gradient_boosting,isotonic
8085,0,0.28450704225352125,hist_gradient_boosting,isotonic
8087,1,0.35877862595419846,hist_gradient_boosting,isotonic
8088,0,0.22857142857142856,hist_gradient_boosting,isotonic
8093,0,0.22857142857142856,hist_gradient_boosting,isotonic
8098,1,0.4244604316546763,hist_gradient_boosting,isotonic
8100,0,0.4244604316546763,hist_gradient_boosting,isotonic
8108,1,0.28450704225352125,hist_gradient_boosting,isotonic
8120,0,0.28450704225352125,hist_gradient_boosting,isotonic
8127,1,0.28450704225352125,hist_gradient_boosting,isotonic
8131,1,0.6666666666666666,hist_gradient_boosting,isotonic
8134,0,0.35877862595419846,hist_gradient_boosting,isotonic
8139,1,0.5,hist_gradient_boosting,isotonic
8140,0,0.28450704225352125,hist_gradient_boosting,isotonic
8141,0,0.28450704225352125,hist_gradient_boosting,isotonic
8150,0,0.35877862595419846,hist_gradient_boosting,isotonic
8152,0,0.5,hist_gradient_boosting,isotonic
8156,1,0.5,hist_gradient_boosting,isotonic
8158,0,0.28450704225352125,hist_gradient_boosting,isotonic
8170,0,0.35877862595419846,hist_gradient_boosting,isotonic
8173,0,0.28450704225352125,hist_gradient_boosting,isotonic
8177,1,0.28450704225352125,hist_gradient_boosting,isotonic
8193,1,0.35877862595419846,hist_gradient_boosting,isotonic
8197,0,0.5,hist_gradient_boosting,isotonic
8206,0,0.3770491803278688,hist_gradient_boosting,isotonic
8209,0,0.28450704225352125,hist_gradient_boosting,isotonic
8216,0,0.28450704225352125,hist_gradient_boosting,isotonic
8219,0,0.4244604316546763,hist_gradient_boosting,isotonic
8228,0,0.28450704225352125,hist_gradient_boosting,isotonic
8237,0,0.4244604316546763,hist_gradient_boosting,isotonic
8238,1,0.35877862595419846,hist_gradient_boosting,isotonic
8241,0,0.3770491803278688,hist_gradient_boosting,isotonic
8269,0,0.28450704225352125,hist_gradient_boosting,isotonic
8278,0,0.28450704225352125,hist_gradient_boosting,isotonic
8289,1,0.5,hist_gradient_boosting,isotonic
8295,1,0.28450704225352125,hist_gradient_boosting,isotonic
8299,0,0.28450704225352125,hist_gradient_boosting,isotonic
8311,0,0.28450704225352125,hist_gradient_boosting,isotonic
8319,0,0.28450704225352125,hist_gradient_boosting,isotonic
8334,1,0.28450704225352125,hist_gradient_boosting,isotonic
8339,0,0.4244604316546763,hist_gradient_boosting,isotonic
8343,0,0.4244604316546763,hist_gradient_boosting,isotonic
8357,0,0.4244604316546763,hist_gradient_boosting,isotonic
8366,1,0.28450704225352125,hist_gradient_boosting,isotonic
8371,1,0.5,hist_gradient_boosting,isotonic
8372,0,0.28450704225352125,hist_gradient_boosting,isotonic
8374,0,0.35877862595419846,hist_gradient_boosting,isotonic
8426,1,0.3770491803278688,hist_gradient_boosting,isotonic
8428,0,0.22857142857142856,hist_gradient_boosting,isotonic
8429,1,0.4244604316546763,hist_gradient_boosting,isotonic
8430,1,0.569620253164557,hist_gradient_boosting,isotonic
8441,1,0.28450704225352125,hist_gradient_boosting,isotonic
8446,0,0.35041214961378975,hist_gradient_boosting,isotonic
8449,0,0.28450704225352125,hist_gradient_boosting,isotonic
8457,1,0.4074074074074074,hist_gradient_boosting,isotonic
8458,0,0.28450704225352125,hist_gradient_boosting,isotonic
8468,0,0.28450704225352125,hist_gradient_boosting,isotonic
8487,1,0.28450704225352125,hist_gradient_boosting,isotonic
8495,0,0.569620253164557,hist_gradient_boosting,isotonic
8506,0,0.35877862595419846,hist_gradient_boosting,isotonic
8508,0,0.0,hist_gradient_boosting,isotonic
8510,1,0.28450704225352125,hist_gradient_boosting,isotonic
8513,0,0.3770491803278688,hist_gradient_boosting,isotonic
8544,0,0.28450704225352125,hist_gradient_boosting,isotonic
8550,1,0.4244604316546763,hist_gradient_boosting,isotonic
8562,1,0.28450704225352125,hist_gradient_boosting,isotonic
8568,1,0.4244604316546763,hist_gradient_boosting,isotonic
8569,0,0.28450704225352125,hist_gradient_boosting,isotonic
8578,0,0.28450704225352125,hist_gradient_boosting,isotonic
8585,0,0.28450704225352125,hist_gradient_boosting,isotonic
8590,0,0.4244604316546763,hist_gradient_boosting,isotonic
8593,0,0.28450704225352125,hist_gradient_boosting,isotonic
8614,1,0.28450704225352125,hist_gradient_boosting,isotonic
8620,0,0.28450704225352125,hist_gradient_boosting,isotonic
8622,1,0.4244604316546763,hist_gradient_boosting,isotonic
8623,0,0.22857142857142856,hist_gradient_boosting,isotonic
8624,1,0.3770491803278688,hist_gradient_boosting,isotonic
8629,1,0.4244604316546763,hist_gradient_boosting,isotonic
8632,1,0.3711879822737321,hist_gradient_boosting,isotonic
8633,0,0.569620253164557,hist_gradient_boosting,isotonic
8635,0,0.28450704225352125,hist_gradient_boosting,isotonic
8641,0,0.28450704225352125,hist_gradient_boosting,isotonic
8650,0,0.35877862595419846,hist_gradient_boosting,isotonic
8652,1,0.5757575757575758,hist_gradient_boosting,isotonic
8670,1,0.28450704225352125,hist_gradient_boosting,isotonic
8672,1,0.28450704225352125,hist_gradient_boosting,isotonic
8674,0,0.28450704225352125,hist_gradient_boosting,isotonic
8679,1,0.28450704225352125,hist_gradient_boosting,isotonic
8691,0,0.22857142857142856,hist_gradient_boosting,isotonic
8700,0,0.35877862595419846,hist_gradient_boosting,isotonic
8704,1,0.28450704225352125,hist_gradient_boosting,isotonic
8707,0,0.28450704225352125,hist_gradient_boosting,isotonic
8711,0,0.3770491803278688,hist_gradient_boosting,isotonic
8717,1,0.28450704225352125,hist_gradient_boosting,isotonic
8718,0,0.28450704225352125,hist_gradient_boosting,isotonic
8731,0,0.28450704225352125,hist_gradient_boosting,isotonic
8734,0,0.4244604316546763,hist_gradient_boosting,isotonic
8736,0,0.3770491803278688,hist_gradient_boosting,isotonic
8738,0,0.28450704225352125,hist_gradient_boosting,isotonic
8750,0,0.4244604316546763,hist_gradient_boosting,isotonic
8751,0,0.3770491803278688,hist_gradient_boosting,isotonic
8758,0,0.28450704225352125,hist_gradient_boosting,isotonic
8768,1,0.28450704225352125,hist_gradient_boosting,isotonic
8775,0,0.4244604316546763,hist_gradient_boosting,isotonic
8783,0,0.569620253164557,hist_gradient_boosting,isotonic
8790,0,0.28450704225352125,hist_gradient_boosting,isotonic
8793,0,0.28450704225352125,hist_gradient_boosting,isotonic
8795,0,0.28450704225352125,hist_gradient_boosting,isotonic
8799,1,0.28450704225352125,hist_gradient_boosting,isotonic
8804,0,0.35877862595419846,hist_gradient_boosting,isotonic
8810,0,0.28450704225352125,hist_gradient_boosting,isotonic
8812,0,0.28450704225352125,hist_gradient_boosting,isotonic
8818,0,0.4244604316546763,hist_gradient_boosting,isotonic
8825,0,0.22857142857142856,hist_gradient_boosting,isotonic
8827,0,0.3770491803278688,hist_gradient_boosting,isotonic
8833,0,0.09523809523809523,hist_gradient_boosting,isotonic
8836,0,0.28450704225352125,hist_gradient_boosting,isotonic
8841,0,0.4244604316546763,hist_gradient_boosting,isotonic
8845,1,0.28450704225352125,hist_gradient_boosting,isotonic
8859,0,0.28450704225352125,hist_gradient_boosting,isotonic
8861,1,0.3770491803278688,hist_gradient_boosting,isotonic
8868,0,0.28450704225352125,hist_gradient_boosting,isotonic
8873,0,0.28450704225352125,hist_gradient_boosting,isotonic
8881,0,0.28450704225352125,hist_gradient_boosting,isotonic
8882,0,0.569620253164557,hist_gradient_boosting,isotonic
8887,0,0.3770491803278688,hist_gradient_boosting,isotonic
8894,0,0.28450704225352125,hist_gradient_boosting,isotonic
8895,0,0.28450704225352125,hist_gradient_boosting,isotonic
8901,0,0.28450704225352125,hist_gradient_boosting,isotonic
8902,0,0.28450704225352125,hist_gradient_boosting,isotonic
8913,0,0.28450704225352125,hist_gradient_boosting,isotonic
8914,1,0.35877862595419846,hist_gradient_boosting,isotonic
8915,1,0.569620253164557,hist_gradient_boosting,isotonic
8917,1,0.6666666666666666,hist_gradient_boosting,isotonic
8937,0,0.3770491803278688,hist_gradient_boosting,isotonic
8939,1,0.5,hist_gradient_boosting,isotonic
8951,1,0.28450704225352125,hist_gradient_boosting,isotonic
8963,0,0.3770491803278688,hist_gradient_boosting,isotonic
8965,1,0.28450704225352125,hist_gradient_boosting,isotonic
8972,0,0.22857142857142856,hist_gradient_boosting,isotonic
8986,1,0.28450704225352125,hist_gradient_boosting,isotonic
8999,1,0.35877862595419846,hist_gradient_boosting,isotonic
9000,1,0.3770491803278688,hist_gradient_boosting,isotonic
9005,0,0.28450704225352125,hist_gradient_boosting,isotonic
9009,1,0.6666666666666666,hist_gradient_boosting,isotonic
9012,0,0.28450704225352125,hist_gradient_boosting,isotonic
9030,0,0.28450704225352125,hist_gradient_boosting,isotonic
9043,0,0.4244604316546763,hist_gradient_boosting,isotonic
9054,1,0.5,hist_gradient_boosting,isotonic
9061,0,0.28450704225352125,hist_gradient_boosting,isotonic
9063,1,0.3770491803278688,hist_gradient_boosting,isotonic
9065,0,0.22857142857142856,hist_gradient_boosting,isotonic
9070,1,0.28450704225352125,hist_gradient_boosting,isotonic
9074,1,0.4244604316546763,hist_gradient_boosting,isotonic
9086,0,0.28450704225352125,hist_gradient_boosting,isotonic
9087,0,0.09523809523809523,hist_gradient_boosting,isotonic
9095,0,0.28450704225352125,hist_gradient_boosting,isotonic
9107,0,0.28450704225352125,hist_gradient_boosting,isotonic
9112,0,0.3770491803278688,hist_gradient_boosting,isotonic
9114,0,0.28450704225352125,hist_gradient_boosting,isotonic
9127,1,0.28450704225352125,hist_gradient_boosting,isotonic
9131,0,0.4244604316546763,hist_gradient_boosting,isotonic
9144,0,0.5,hist_gradient_boosting,isotonic
9145,1,0.28450704225352125,hist_gradient_boosting,isotonic
9153,0,0.4244604316546763,hist_gradient_boosting,isotonic
9167,0,0.28450704225352125,hist_gradient_boosting,isotonic
9178,1,0.6666666666666666,hist_gradient_boosting,isotonic
9187,0,0.4244604316546763,hist_gradient_boosting,isotonic
9190,0,0.4244604316546763,hist_gradient_boosting,isotonic
9197,0,0.35877862595419846,hist_gradient_boosting,isotonic
9204,0,0.28450704225352125,hist_gradient_boosting,isotonic
9209,0,0.28450704225352125,hist_gradient_boosting,isotonic
9211,0,0.3770491803278688,hist_gradient_boosting,isotonic
9216,0,0.22857142857142856,hist_gradient_boosting,isotonic
9217,1,0.569620253164557,hist_gradient_boosting,isotonic
9230,0,0.22857142857142856,hist_gradient_boosting,isotonic
9233,1,0.4244604316546763,hist_gradient_boosting,isotonic
9238,0,0.569620253164557,hist_gradient_boosting,isotonic
9243,0,0.28450704225352125,hist_gradient_boosting,isotonic
9244,0,0.3770491803278688,hist_gradient_boosting,isotonic
9245,0,0.2662628157563055,hist_gradient_boosting,isotonic
9260,0,0.569620253164557,hist_gradient_boosting,isotonic
9261,1,0.35877862595419846,hist_gradient_boosting,isotonic
9276,1,0.22857142857142856,hist_gradient_boosting,isotonic
9279,0,0.28450704225352125,hist_gradient_boosting,isotonic
9294,0,0.28450704225352125,hist_gradient_boosting,isotonic
9314,0,0.35877862595419846,hist_gradient_boosting,isotonic
9318,0,0.09523809523809523,hist_gradient_boosting,isotonic
9322,0,0.28450704225352125,hist_gradient_boosting,isotonic
9324,0,0.6666666666666666,hist_gradient_boosting,isotonic
9356,0,0.28450704225352125,hist_gradient_boosting,isotonic
9362,1,0.35877862595419846,hist_gradient_boosting,isotonic
9369,1,0.4244604316546763,hist_gradient_boosting,isotonic
9371,0,0.28450704225352125,hist_gradient_boosting,isotonic
9379,1,0.28450704225352125,hist_gradient_boosting,isotonic
9381,0,0.28450704225352125,hist_gradient_boosting,isotonic
9391,0,0.35877862595419846,hist_gradient_boosting,isotonic
9393,0,0.4244604316546763,hist_gradient_boosting,isotonic
9396,1,0.22857142857142856,hist_gradient_boosting,isotonic
9413,1,0.28450704225352125,hist_gradient_boosting,isotonic
9417,0,0.28450704225352125,hist_gradient_boosting,isotonic
9433,1,0.5757575757575758,hist_gradient_boosting,isotonic
9437,0,0.35877862595419846,hist_gradient_boosting,isotonic
9442,0,0.28450704225352125,hist_gradient_boosting,isotonic
9457,0,0.22857142857142856,hist_gradient_boosting,isotonic
9462,0,0.28450704225352125,hist_gradient_boosting,isotonic
9463,0,0.3770491803278688,hist_gradient_boosting,isotonic
9465,0,0.28450704225352125,hist_gradient_boosting,isotonic
9471,0,0.28450704225352125,hist_gradient_boosting,isotonic
9483,1,0.3770491803278688,hist_gradient_boosting,isotonic
9490,0,0.4244604316546763,hist_gradient_boosting,isotonic
9492,1,0.6666666666666666,hist_gradient_boosting,isotonic
9494,0,0.3770491803278688,hist_gradient_boosting,isotonic
9496,1,0.28450704225352125,hist_gradient_boosting,isotonic
9497,0,0.09523809523809523,hist_gradient_boosting,isotonic
9526,1,0.6666666666666666,hist_gradient_boosting,isotonic
9530,0,0.28450704225352125,hist_gradient_boosting,isotonic
9534,0,0.6666666666666666,hist_gradient_boosting,isotonic
9537,0,0.4244604316546763,hist_gradient_boosting,isotonic
9539,1,0.28450704225352125,hist_gradient_boosting,isotonic
9545,0,0.28450704225352125,hist_gradient_boosting,isotonic
9559,0,0.4244604316546763,hist_gradient_boosting,isotonic
9564,0,0.5,hist_gradient_boosting,isotonic
9565,0,0.35877862595419846,hist_gradient_boosting,isotonic
9569,0,0.22857142857142856,hist_gradient_boosting,isotonic
9575,1,0.4244604316546763,hist_gradient_boosting,isotonic
9579,0,0.28450704225352125,hist_gradient_boosting,isotonic
9581,0,0.35877862595419846,hist_gradient_boosting,isotonic
9585,1,0.28450704225352125,hist_gradient_boosting,isotonic
9611,1,0.4244604316546763,hist_gradient_boosting,isotonic
9620,1,0.3770491803278688,hist_gradient_boosting,isotonic
9630,0,0.5,hist_gradient_boosting,isotonic
9633,1,0.28450704225352125,hist_gradient_boosting,isotonic
9636,0,0.35877862595419846,hist_gradient_boosting,isotonic
9649,0,0.3770491803278688,hist_gradient_boosting,isotonic
9656,0,0.5,hist_gradient_boosting,isotonic
9674,1,0.8,hist_gradient_boosting,isotonic
9683,0,0.28450704225352125,hist_gradient_boosting,isotonic
9692,1,0.35877862595419846,hist_gradient_boosting,isotonic
9693,0,0.4244604316546763,hist_gradient_boosting,isotonic
9700,0,0.28450704225352125,hist_gradient_boosting,isotonic
9711,0,0.35877862595419846,hist_gradient_boosting,isotonic
9712,1,0.569620253164557,hist_gradient_boosting,isotonic
9723,0,0.39319575594050094,hist_gradient_boosting,isotonic
9733,0,0.569620253164557,hist_gradient_boosting,isotonic
9741,1,0.4244604316546763,hist_gradient_boosting,isotonic
9742,0,0.28450704225352125,hist_gradient_boosting,isotonic
9753,1,0.28450704225352125,hist_gradient_boosting,isotonic
9765,1,0.569620253164557,hist_gradient_boosting,isotonic
9782,0,0.35877862595419846,hist_gradient_boosting,isotonic
9783,1,0.4244604316546763,hist_gradient_boosting,isotonic
9786,1,0.35877862595419846,hist_gradient_boosting,isotonic
9793,0,0.28450704225352125,hist_gradient_boosting,isotonic
9796,0,0.5,hist_gradient_boosting,isotonic
9797,0,0.28450704225352125,hist_gradient_boosting,isotonic
9808,0,0.28450704225352125,hist_gradient_boosting,isotonic
9820,0,0.28450704225352125,hist_gradient_boosting,isotonic
9821,0,0.6666666666666666,hist_gradient_boosting,isotonic
9824,1,0.5,hist_gradient_boosting,isotonic
9825,0,0.28450704225352125,hist_gradient_boosting,isotonic
9826,0,0.0,hist_gradient_boosting,isotonic
9835,0,0.28450704225352125,hist_gradient_boosting,isotonic
9836,0,0.28450704225352125,hist_gradient_boosting,isotonic
9843,0,0.28450704225352125,hist_gradient_boosting,isotonic
9846,0,0.3770491803278688,hist_gradient_boosting,isotonic
9851,1,0.28450704225352125,hist_gradient_boosting,isotonic
9852,0,0.5,hist_gradient_boosting,isotonic
9854,0,0.28450704225352125,hist_gradient_boosting,isotonic
9863,1,0.22857142857142856,hist_gradient_boosting,isotonic
9869,0,0.4244604316546763,hist_gradient_boosting,isotonic
9882,0,0.28450704225352125,hist_gradient_boosting,isotonic
9883,0,0.5,hist_gradient_boosting,isotonic
9885,0,0.28450704225352125,hist_gradient_boosting,isotonic
9893,0,0.4244604316546763,hist_gradient_boosting,isotonic
9896,1,0.28450704225352125,hist_gradient_boosting,isotonic
9912,1,0.4244604316546763,hist_gradient_boosting,isotonic
9929,0,0.3770491803278688,hist_gradient_boosting,isotonic
9950,1,0.4244604316546763,hist_gradient_boosting,isotonic
9951,0,0.28450704225352125,hist_gradient_boosting,isotonic
9952,0,0.3770491803278688,hist_gradient_boosting,isotonic
9955,0,0.569620253164557,hist_gradient_boosting,isotonic
9956,1,0.28450704225352125,hist_gradient_boosting,isotonic
9957,0,0.22857142857142856,hist_gradient_boosting,isotonic
9966,0,0.22857142857142856,hist_gradient_boosting,isotonic
9982,0,0.09523809523809523,hist_gradient_boosting,isotonic
9986,1,0.28450704225352125,hist_gradient_boosting,isotonic
9998,1,0.28450704225352125,hist_gradient_boosting,isotonic
