applicant_id,population_group,synthetic_profile_version
1,borderline,0.1.0
2,volatile,0.1.0
3,borderline,0.1.0
4,volatile,0.1.0
5,stable,0.1.0
6,borderline,0.1.0
7,borderline,0.1.0
8,borderline,0.1.0
9,stable,0.1.0
10,volatile,0.1.0
11,stable,0.1.0
12,borderline,0.1.0
13,volatile,0.1.0
14,borderline,0.1.0
15,volatile,0.1.0
16,stable,0.1.0
17,volatile,0.1.0
18,stable,0.1.0
19,borderline,0.1.0
20,volatile,0.1.0
21,borderline,0.1.0
22,stable,0.1.0
23,borderline,0.1.0
24,borderline,0.1.0
25,borderline,0.1.0
26,stable,0.1.0
27,volatile,0.1.0
28,stable,0.1.0
29,stable,0.1.0
30,volatile,0.1.0
31,borderline,0.1.0
32,borderline,0.1.0
33,stable,0.1.0
34,stable,0.1.0
35,volatile,0.1.0
36,stable,0.1.0
37,stable,0.1.0
38,volatile,0.1.0
39,stable,0.1.0
40,volatile,0.1.0
41,volatile,0.1.0
42,borderline,0.1.0
43,borderline,0.1.0
44,stable,0.1.0
45,borderline,0.1.0
46,borderline,0.1.0
47,stable,0.1.0
48,stable,0.1.0
49,volatile,0.1.0
50,stable,0.1.0
51,stable,0.1.0
52,stable,0.1.0
53,borderline,0.1.0
54,volatile,0.1.0
55,borderline,0.1.0
56,borderline,0.1.0
57,volatile,0.1.0
58,volatile,0.1.0
59,stable,0.1.0
60,stable,0.1.0
61,volatile,0.1.0
62,volatile,0.1.0
63,volatile,0.1.0
64,borderline,0.1.0
65,volatile,0.1.0
66,volatile,0.1.0
67,volatile,0.1.0
68,stable,0.1.0
69,stable,0.1.0
70,volatile,0.1.0
71,stable,0.1.0
72,volatile,0.1.0
73,borderline,0.1.0
74,stable,0.1.0
75,stable,0.1.0
76,stable,0.1.0
77,stable,0.1.0
78,volatile,0.1.0
79,volatile,0.1.0
80,borderline,0.1.0
81,volatile,0.1.0
82,volatile,0.1.0
83,borderline,0.1.0
84,stable,0.1.0
85,stable,0.1.0
86,stable,0.1.0
87,borderline,0.1.0
88,volatile,0.1.0
89,stable,0.1.0
90,volatile,0.1.0
91,stable,0.1.0
92,volatile,0.1.0
93,volatile,0.1.0
94,stable,0.1.0
95,stable,0.1.0
96,volatile,0.1.0
97,stable,0.1.0
98,stable,0.1.0
99,stable,0.1.0
100,borderline,0.1.0
101,borderline,0.1.0
102,volatile,0.1.0
103,stable,0.1.0
104,borderline,0.1.0
105,borderline,0.1.0
106,borderline,0.1.0
107,volatile,0.1.0
108,stable,0.1.0
109,stable,0.1.0
110,borderline,0.1.0
111,volatile,0.1.0
112,stable,0.1.0
113,stable,0.1.0
114,volatile,0.1.0
115,stable,0.1.0
116,borderline,0.1.0
117,borderline,0.1.0
118,borderline,0.1.0
119,volatile,0.1.0
120,volatile,0.1.0
121,volatile,0.1.0
122,volatile,0.1.0
123,stable,0.1.0
124,volatile,0.1.0
125,stable,0.1.0
126,volatile,0.1.0
127,stable,0.1.0
128,stable,0.1.0
129,stable,0.1.0
130,volatile,0.1.0
131,stable,0.1.0
132,borderline,0.1.0
133,volatile,0.1.0
134,stable,0.1.0
135,volatile,0.1.0
136,stable,0.1.0
137,borderline,0.1.0
138,volatile,0.1.0
139,borderline,0.1.0
140,stable,0.1.0
141,volatile,0.1.0
142,volatile,0.1.0
143,borderline,0.1.0
144,volatile,0.1.0
145,volatile,0.1.0
146,stable,0.1.0
147,stable,0.1.0
148,volatile,0.1.0
149,volatile,0.1.0
150,stable,0.1.0
151,borderline,0.1.0
152,borderline,0.1.0
153,stable,0.1.0
154,volatile,0.1.0
155,stable,0.1.0
156,volatile,0.1.0
157,stable,0.1.0
158,volatile,0.1.0
159,borderline,0.1.0
160,borderline,0.1.0
161,stable,0.1.0
162,borderline,0.1.0
163,stable,0.1.0
164,stable,0.1.0
165,volatile,0.1.0
166,stable,0.1.0
167,borderline,0.1.0
168,borderline,0.1.0
169,stable,0.1.0
170,borderline,0.1.0
171,stable,0.1.0
172,volatile,0.1.0
173,stable,0.1.0
174,borderline,0.1.0
175,stable,0.1.0
176,stable,0.1.0
177,volatile,0.1.0
178,borderline,0.1.0
179,borderline,0.1.0
180,borderline,0.1.0
181,borderline,0.1.0
182,borderline,0.1.0
183,volatile,0.1.0
184,stable,0.1.0
185,borderline,0.1.0
186,volatile,0.1.0
187,stable,0.1.0
188,stable,0.1.0
189,borderline,0.1.0
190,stable,0.1.0
191,borderline,0.1.0
192,stable,0.1.0
193,stable,0.1.0
194,borderline,0.1.0
195,stable,0.1.0
196,stable,0.1.0
197,volatile,0.1.0
198,borderline,0.1.0
199,stable,0.1.0
200,stable,0.1.0
201,borderline,0.1.0
202,borderline,0.1.0
203,volatile,0.1.0
204,stable,0.1.0
205,stable,0.1.0
206,stable,0.1.0
207,stable,0.1.0
208,volatile,0.1.0
209,stable,0.1.0
210,volatile,0.1.0
211,volatile,0.1.0
212,volatile,0.1.0
213,stable,0.1.0
214,borderline,0.1.0
215,borderline,0.1.0
216,borderline,0.1.0
217,stable,0.1.0
218,stable,0.1.0
219,borderline,0.1.0
220,stable,0.1.0
221,stable,0.1.0
222,volatile,0.1.0
223,volatile,0.1.0
224,borderline,0.1.0
225,stable,0.1.0
226,borderline,0.1.0
227,stable,0.1.0
228,volatile,0.1.0
229,volatile,0.1.0
230,stable,0.1.0
231,stable,0.1.0
232,volatile,0.1.0
233,borderline,0.1.0
234,volatile,0.1.0
235,borderline,0.1.0
236,borderline,0.1.0
237,volatile,0.1.0
238,borderline,0.1.0
239,stable,0.1.0
240,stable,0.1.0
241,borderline,0.1.0
242,borderline,0.1.0
243,stable,0.1.0
244,volatile,0.1.0
245,volatile,0.1.0
246,borderline,0.1.0
247,volatile,0.1.0
248,volatile,0.1.0
249,stable,0.1.0
250,volatile,0.1.0
251,volatile,0.1.0
252,borderline,0.1.0
253,volatile,0.1.0
254,stable,0.1.0
255,stable,0.1.0
256,borderline,0.1.0
257,borderline,0.1.0
258,stable,0.1.0
259,stable,0.1.0
260,volatile,0.1.0
261,stable,0.1.0
262,borderline,0.1.0
263,stable,0.1.0
264,stable,0.1.0
265,borderline,0.1.0
266,stable,0.1.0
267,stable,0.1.0
268,stable,0.1.0
269,stable,0.1.0
270,stable,0.1.0
271,stable,0.1.0
272,stable,0.1.0
273,stable,0.1.0
274,volatile,0.1.0
275,volatile,0.1.0
276,stable,0.1.0
277,stable,0.1.0
278,volatile,0.1.0
279,borderline,0.1.0
280,borderline,0.1.0
281,stable,0.1.0
282,stable,0.1.0
283,stable,0.1.0
284,stable,0.1.0
285,volatile,0.1.0
286,volatile,0.1.0
287,stable,0.1.0
288,stable,0.1.0
289,volatile,0.1.0
290,stable,0.1.0
291,borderline,0.1.0
292,stable,0.1.0
293,borderline,0.1.0
294,stable,0.1.0
295,borderline,0.1.0
296,borderline,0.1.0
297,borderline,0.1.0
298,borderline,0.1.0
299,borderline,0.1.0
300,volatile,0.1.0
301,borderline,0.1.0
302,stable,0.1.0
303,volatile,0.1.0
304,volatile,0.1.0
305,borderline,0.1.0
306,volatile,0.1.0
307,stable,0.1.0
308,volatile,0.1.0
309,stable,0.1.0
310,stable,0.1.0
311,volatile,0.1.0
312,volatile,0.1.0
313,stable,0.1.0
314,stable,0.1.0
315,stable,0.1.0
316,stable,0.1.0
317,stable,0.1.0
318,volatile,0.1.0
319,stable,0.1.0
320,borderline,0.1.0
321,borderline,0.1.0
322,volatile,0.1.0
323,stable,0.1.0
324,volatile,0.1.0
325,borderline,0.1.0
326,volatile,0.1.0
327,borderline,0.1.0
328,volatile,0.1.0
329,volatile,0.1.0
330,stable,0.1.0
331,borderline,0.1.0
332,stable,0.1.0
333,volatile,0.1.0
334,borderline,0.1.0
335,stable,0.1.0
336,volatile,0.1.0
337,stable,0.1.0
338,borderline,0.1.0
339,stable,0.1.0
340,borderline,0.1.0
341,stable,0.1.0
342,borderline,0.1.0
343,borderline,0.1.0
344,volatile,0.1.0
345,borderline,0.1.0
346,borderline,0.1.0
347,borderline,0.1.0
348,stable,0.1.0
349,volatile,0.1.0
350,stable,0.1.0
351,volatile,0.1.0
352,stable,0.1.0
353,volatile,0.1.0
354,volatile,0.1.0
355,volatile,0.1.0
356,volatile,0.1.0
357,borderline,0.1.0
358,borderline,0.1.0
359,volatile,0.1.0
360,volatile,0.1.0
361,borderline,0.1.0
362,stable,0.1.0
363,stable,0.1.0
364,stable,0.1.0
365,volatile,0.1.0
366,volatile,0.1.0
367,borderline,0.1.0
368,volatile,0.1.0
369,stable,0.1.0
370,borderline,0.1.0
371,borderline,0.1.0
372,stable,0.1.0
373,stable,0.1.0
374,stable,0.1.0
375,stable,0.1.0
376,stable,0.1.0
377,borderline,0.1.0
378,volatile,0.1.0
379,stable,0.1.0
380,borderline,0.1.0
381,volatile,0.1.0
382,borderline,0.1.0
383,borderline,0.1.0
384,volatile,0.1.0
385,stable,0.1.0
386,borderline,0.1.0
387,borderline,0.1.0
388,borderline,0.1.0
389,stable,0.1.0
390,borderline,0.1.0
391,volatile,0.1.0
392,stable,0.1.0
393,volatile,0.1.0
394,volatile,0.1.0
395,stable,0.1.0
396,volatile,0.1.0
397,borderline,0.1.0
398,stable,0.1.0
399,volatile,0.1.0
400,volatile,0.1.0
401,stable,0.1.0
402,borderline,0.1.0
403,borderline,0.1.0
404,stable,0.1.0
405,borderline,0.1.0
406,borderline,0.1.0
407,stable,0.1.0
408,borderline,0.1.0
409,stable,0.1.0
410,borderline,0.1.0
411,volatile,0.1.0
412,volatile,0.1.0
413,stable,0.1.0
414,borderline,0.1.0
415,stable,0.1.0
416,stable,0.1.0
417,stable,0.1.0
418,borderline,0.1.0
419,stable,0.1.0
420,borderline,0.1.0
421,volatile,0.1.0
422,stable,0.1.0
423,stable,0.1.0
424,stable,0.1.0
425,volatile,0.1.0
426,borderline,0.1.0
427,stable,0.1.0
428,borderline,0.1.0
429,stable,0.1.0
430,borderline,0.1.0
431,borderline,0.1.0
432,borderline,0.1.0
433,volatile,0.1.0
434,borderline,0.1.0
435,stable,0.1.0
436,stable,0.1.0
437,stable,0.1.0
438,volatile,0.1.0
439,borderline,0.1.0
440,volatile,0.1.0
441,borderline,0.1.0
442,stable,0.1.0
443,borderline,0.1.0
444,stable,0.1.0
445,stable,0.1.0
446,borderline,0.1.0
447,borderline,0.1.0
448,volatile,0.1.0
449,stable,0.1.0
450,volatile,0.1.0
451,stable,0.1.0
452,borderline,0.1.0
453,borderline,0.1.0
454,stable,0.1.0
455,stable,0.1.0
456,stable,0.1.0
457,borderline,0.1.0
458,volatile,0.1.0
459,borderline,0.1.0
460,volatile,0.1.0
461,volatile,0.1.0
462,stable,0.1.0
463,borderline,0.1.0
464,stable,0.1.0
465,volatile,0.1.0
466,volatile,0.1.0
467,volatile,0.1.0
468,borderline,0.1.0
469,stable,0.1.0
470,volatile,0.1.0
471,volatile,0.1.0
472,volatile,0.1.0
473,stable,0.1.0
474,stable,0.1.0
475,stable,0.1.0
476,stable,0.1.0
477,volatile,0.1.0
478,volatile,0.1.0
479,volatile,0.1.0
480,volatile,0.1.0
481,volatile,0.1.0
482,stable,0.1.0
483,volatile,0.1.0
484,stable,0.1.0
485,stable,0.1.0
486,volatile,0.1.0
487,volatile,0.1.0
488,stable,0.1.0
489,volatile,0.1.0
490,volatile,0.1.0
491,borderline,0.1.0
492,volatile,0.1.0
493,volatile,0.1.0
494,stable,0.1.0
495,borderline,0.1.0
496,volatile,0.1.0
497,volatile,0.1.0
498,volatile,0.1.0
499,stable,0.1.0
500,volatile,0.1.0
501,borderline,0.1.0
502,borderline,0.1.0
503,borderline,0.1.0
504,volatile,0.1.0
505,volatile,0.1.0
506,borderline,0.1.0
507,stable,0.1.0
508,borderline,0.1.0
509,volatile,0.1.0
510,stable,0.1.0
511,stable,0.1.0
512,borderline,0.1.0
513,stable,0.1.0
514,stable,0.1.0
515,stable,0.1.0
516,stable,0.1.0
517,stable,0.1.0
518,borderline,0.1.0
519,stable,0.1.0
520,borderline,0.1.0
521,borderline,0.1.0
522,stable,0.1.0
523,stable,0.1.0
524,volatile,0.1.0
525,stable,0.1.0
526,stable,0.1.0
527,borderline,0.1.0
528,borderline,0.1.0
529,borderline,0.1.0
530,stable,0.1.0
531,volatile,0.1.0
532,borderline,0.1.0
533,stable,0.1.0
534,volatile,0.1.0
535,stable,0.1.0
536,stable,0.1.0
537,volatile,0.1.0
538,stable,0.1.0
539,stable,0.1.0
540,borderline,0.1.0
541,borderline,0.1.0
542,volatile,0.1.0
543,borderline,0.1.0
544,borderline,0.1.0
545,stable,0.1.0
546,volatile,0.1.0
547,stable,0.1.0
548,stable,0.1.0
549,borderline,0.1.0
550,volatile,0.1.0
551,volatile,0.1.0
552,stable,0.1.0
553,stable,0.1.0
554,borderline,0.1.0
555,stable,0.1.0
556,stable,0.1.0
557,stable,0.1.0
558,volatile,0.1.0
559,volatile,0.1.0
560,volatile,0.1.0
561,stable,0.1.0
562,stable,0.1.0
563,borderline,0.1.0
564,volatile,0.1.0
565,volatile,0.1.0
566,volatile,0.1.0
567,borderline,0.1.0
568,stable,0.1.0
569,stable,0.1.0
570,volatile,0.1.0
571,stable,0.1.0
572,borderline,0.1.0
573,volatile,0.1.0
574,borderline,0.1.0
575,borderline,0.1.0
576,volatile,0.1.0
577,borderline,0.1.0
578,volatile,0.1.0
579,borderline,0.1.0
580,stable,0.1.0
581,volatile,0.1.0
582,volatile,0.1.0
583,stable,0.1.0
584,stable,0.1.0
585,borderline,0.1.0
586,volatile,0.1.0
587,stable,0.1.0
588,stable,0.1.0
589,stable,0.1.0
590,stable,0.1.0
591,borderline,0.1.0
592,volatile,0.1.0
593,stable,0.1.0
594,volatile,0.1.0
595,stable,0.1.0
596,stable,0.1.0
597,borderline,0.1.0
598,volatile,0.1.0
599,borderline,0.1.0
600,volatile,0.1.0
601,volatile,0.1.0
602,borderline,0.1.0
603,borderline,0.1.0
604,borderline,0.1.0
605,borderline,0.1.0
606,borderline,0.1.0
607,borderline,0.1.0
608,stable,0.1.0
609,borderline,0.1.0
610,volatile,0.1.0
611,volatile,0.1.0
612,volatile,0.1.0
613,borderline,0.1.0
614,borderline,0.1.0
615,stable,0.1.0
616,borderline,0.1.0
617,borderline,0.1.0
618,stable,0.1.0
619,stable,0.1.0
620,stable,0.1.0
621,borderline,0.1.0
622,volatile,0.1.0
623,borderline,0.1.0
624,volatile,0.1.0
625,borderline,0.1.0
626,volatile,0.1.0
627,borderline,0.1.0
628,stable,0.1.0
629,volatile,0.1.0
630,borderline,0.1.0
631,borderline,0.1.0
632,borderline,0.1.0
633,stable,0.1.0
634,stable,0.1.0
635,stable,0.1.0
636,stable,0.1.0
637,volatile,0.1.0
638,borderline,0.1.0
639,borderline,0.1.0
640,borderline,0.1.0
641,borderline,0.1.0
642,borderline,0.1.0
643,stable,0.1.0
644,stable,0.1.0
645,volatile,0.1.0
646,borderline,0.1.0
647,stable,0.1.0
648,volatile,0.1.0
649,volatile,0.1.0
650,stable,0.1.0
651,volatile,0.1.0
652,borderline,0.1.0
653,volatile,0.1.0
654,stable,0.1.0
655,borderline,0.1.0
656,stable,0.1.0
657,borderline,0.1.0
658,stable,0.1.0
659,volatile,0.1.0
660,stable,0.1.0
661,stable,0.1.0
662,borderline,0.1.0
663,stable,0.1.0
664,stable,0.1.0
665,stable,0.1.0
666,borderline,0.1.0
667,borderline,0.1.0
668,borderline,0.1.0
669,stable,0.1.0
670,volatile,0.1.0
671,stable,0.1.0
672,volatile,0.1.0
673,borderline,0.1.0
674,borderline,0.1.0
675,volatile,0.1.0
676,stable,0.1.0
677,borderline,0.1.0
678,volatile,0.1.0
679,stable,0.1.0
680,stable,0.1.0
681,stable,0.1.0
682,stable,0.1.0
683,stable,0.1.0
684,volatile,0.1.0
685,volatile,0.1.0
686,stable,0.1.0
687,volatile,0.1.0
688,borderline,0.1.0
689,borderline,0.1.0
690,volatile,0.1.0
691,stable,0.1.0
692,borderline,0.1.0
693,stable,0.1.0
694,stable,0.1.0
695,borderline,0.1.0
696,volatile,0.1.0
697,borderline,0.1.0
698,volatile,0.1.0
699,volatile,0.1.0
700,stable,0.1.0
701,stable,0.1.0
702,stable,0.1.0
703,stable,0.1.0
704,borderline,0.1.0
705,stable,0.1.0
706,volatile,0.1.0
707,borderline,0.1.0
708,borderline,0.1.0
709,volatile,0.1.0
710,volatile,0.1.0
711,borderline,0.1.0
712,volatile,0.1.0
713,borderline,0.1.0
714,borderline,0.1.0
715,borderline,0.1.0
716,stable,0.1.0
717,volatile,0.1.0
718,stable,0.1.0
719,volatile,0.1.0
720,borderline,0.1.0
721,volatile,0.1.0
722,volatile,0.1.0
723,stable,0.1.0
724,borderline,0.1.0
725,stable,0.1.0
726,stable,0.1.0
727,stable,0.1.0
728,stable,0.1.0
729,volatile,0.1.0
730,volatile,0.1.0
731,stable,0.1.0
732,stable,0.1.0
733,stable,0.1.0
734,stable,0.1.0
735,stable,0.1.0
736,volatile,0.1.0
737,stable,0.1.0
738,stable,0.1.0
739,stable,0.1.0
740,volatile,0.1.0
741,stable,0.1.0
742,stable,0.1.0
743,borderline,0.1.0
744,stable,0.1.0
745,volatile,0.1.0
746,volatile,0.1.0
747,stable,0.1.0
748,volatile,0.1.0
749,borderline,0.1.0
750,borderline,0.1.0
751,stable,0.1.0
752,stable,0.1.0
753,stable,0.1.0
754,volatile,0.1.0
755,volatile,0.1.0
756,stable,0.1.0
757,stable,0.1.0
758,borderline,0.1.0
759,stable,0.1.0
760,volatile,0.1.0
761,borderline,0.1.0
762,stable,0.1.0
763,stable,0.1.0
764,stable,0.1.0
765,borderline,0.1.0
766,stable,0.1.0
767,stable,0.1.0
768,stable,0.1.0
769,stable,0.1.0
770,volatile,0.1.0
771,stable,0.1.0
772,volatile,0.1.0
773,volatile,0.1.0
774,borderline,0.1.0
775,stable,0.1.0
776,borderline,0.1.0
777,volatile,0.1.0
778,stable,0.1.0
779,borderline,0.1.0
780,borderline,0.1.0
781,stable,0.1.0
782,borderline,0.1.0
783,volatile,0.1.0
784,volatile,0.1.0
785,borderline,0.1.0
786,stable,0.1.0
787,borderline,0.1.0
788,stable,0.1.0
789,borderline,0.1.0
790,volatile,0.1.0
791,stable,0.1.0
792,volatile,0.1.0
793,stable,0.1.0
794,stable,0.1.0
795,stable,0.1.0
796,stable,0.1.0
797,stable,0.1.0
798,stable,0.1.0
799,borderline,0.1.0
800,borderline,0.1.0
801,borderline,0.1.0
802,stable,0.1.0
803,borderline,0.1.0
804,volatile,0.1.0
805,stable,0.1.0
806,stable,0.1.0
807,volatile,0.1.0
808,stable,0.1.0
809,volatile,0.1.0
810,borderline,0.1.0
811,stable,0.1.0
812,stable,0.1.0
813,borderline,0.1.0
814,volatile,0.1.0
815,stable,0.1.0
816,borderline,0.1.0
817,borderline,0.1.0
818,volatile,0.1.0
819,volatile,0.1.0
820,stable,0.1.0
821,stable,0.1.0
822,volatile,0.1.0
823,stable,0.1.0
824,volatile,0.1.0
825,borderline,0.1.0
826,stable,0.1.0
827,volatile,0.1.0
828,stable,0.1.0
829,borderline,0.1.0
830,stable,0.1.0
831,volatile,0.1.0
832,volatile,0.1.0
833,stable,0.1.0
834,volatile,0.1.0
835,borderline,0.1.0
836,volatile,0.1.0
837,borderline,0.1.0
838,borderline,0.1.0
839,volatile,0.1.0
840,volatile,0.1.0
841,stable,0.1.0
842,borderline,0.1.0
843,volatile,0.1.0
844,volatile,0.1.0
845,stable,0.1.0
846,borderline,0.1.0
847,stable,0.1.0
848,volatile,0.1.0
849,stable,0.1.0
850,borderline,0.1.0
851,stable,0.1.0
852,stable,0.1.0
853,borderline,0.1.0
854,borderline,0.1.0
855,stable,0.1.0
856,volatile,0.1.0
857,borderline,0.1.0
858,borderline,0.1.0
859,stable,0.1.0
860,volatile,0.1.0
861,borderline,0.1.0
862,borderline,0.1.0
863,borderline,0.1.0
864,volatile,0.1.0
865,stable,0.1.0
866,borderline,0.1.0
867,borderline,0.1.0
868,borderline,0.1.0
869,stable,0.1.0
870,stable,0.1.0
871,borderline,0.1.0
872,stable,0.1.0
873,borderline,0.1.0
874,stable,0.1.0
875,borderline,0.1.0
876,borderline,0.1.0
877,stable,0.1.0
878,stable,0.1.0
879,volatile,0.1.0
880,volatile,0.1.0
881,volatile,0.1.0
882,volatile,0.1.0
883,borderline,0.1.0
884,volatile,0.1.0
885,stable,0.1.0
886,stable,0.1.0
887,stable,0.1.0
888,stable,0.1.0
889,stable,0.1.0
890,volatile,0.1.0
891,stable,0.1.0
892,borderline,0.1.0
893,stable,0.1.0
894,stable,0.1.0
895,borderline,0.1.0
896,borderline,0.1.0
897,stable,0.1.0
898,stable,0.1.0
899,stable,0.1.0
900,volatile,0.1.0
901,volatile,0.1.0
902,stable,0.1.0
903,stable,0.1.0
904,volatile,0.1.0
905,borderline,0.1.0
906,volatile,0.1.0
907,volatile,0.1.0
908,stable,0.1.0
909,stable,0.1.0
910,stable,0.1.0
911,borderline,0.1.0
912,borderline,0.1.0
913,borderline,0.1.0
914,borderline,0.1.0
915,borderline,0.1.0
916,borderline,0.1.0
917,stable,0.1.0
918,stable,0.1.0
919,stable,0.1.0
920,volatile,0.1.0
921,stable,0.1.0
922,borderline,0.1.0
923,volatile,0.1.0
924,volatile,0.1.0
925,stable,0.1.0
926,stable,0.1.0
927,stable,0.1.0
928,borderline,0.1.0
929,volatile,0.1.0
930,borderline,0.1.0
931,stable,0.1.0
932,stable,0.1.0
933,volatile,0.1.0
934,borderline,0.1.0
935,borderline,0.1.0
936,stable,0.1.0
937,borderline,0.1.0
938,stable,0.1.0
939,borderline,0.1.0
940,stable,0.1.0
941,stable,0.1.0
942,borderline,0.1.0
943,stable,0.1.0
944,volatile,0.1.0
945,volatile,0.1.0
946,stable,0.1.0
947,borderline,0.1.0
948,borderline,0.1.0
949,borderline,0.1.0
950,stable,0.1.0
951,volatile,0.1.0
952,stable,0.1.0
953,stable,0.1.0
954,stable,0.1.0
955,borderline,0.1.0
956,borderline,0.1.0
957,borderline,0.1.0
958,volatile,0.1.0
959,volatile,0.1.0
960,volatile,0.1.0
961,volatile,0.1.0
962,volatile,0.1.0
963,stable,0.1.0
964,stable,0.1.0
965,borderline,0.1.0
966,volatile,0.1.0
967,borderline,0.1.0
968,stable,0.1.0
969,volatile,0.1.0
970,stable,0.1.0
971,stable,0.1.0
972,stable,0.1.0
973,stable,0.1.0
974,borderline,0.1.0
975,stable,0.1.0
976,volatile,0.1.0
977,volatile,0.1.0
978,volatile,0.1.0
979,volatile,0.1.0
980,stable,0.1.0
981,borderline,0.1.0
982,borderline,0.1.0
983,borderline,0.1.0
984,volatile,0.1.0
985,stable,0.1.0
986,borderline,0.1.0
987,stable,0.1.0
988,stable,0.1.0
989,stable,0.1.0
990,borderline,0.1.0
991,volatile,0.1.0
992,borderline,0.1.0
993,borderline,0.1.0
994,stable,0.1.0
995,borderline,0.1.0
996,volatile,0.1.0
997,volatile,0.1.0
998,stable,0.1.0
999,borderline,0.1.0
1000,stable,0.1.0
1001,stable,0.1.0
1002,volatile,0.1.0
1003,stable,0.1.0
1004,stable,0.1.0
1005,volatile,0.1.0
1006,stable,0.1.0
1007,borderline,0.1.0
1008,stable,0.1.0
1009,borderline,0.1.0
1010,volatile,0.1.0
1011,volatile,0.1.0
1012,volatile,0.1.0
1013,volatile,0.1.0
1014,borderline,0.1.0
1015,stable,0.1.0
1016,stable,0.1.0
1017,volatile,0.1.0
1018,borderline,0.1.0
1019,stable,0.1.0
1020,volatile,0.1.0
1021,borderline,0.1.0
1022,borderline,0.1.0
1023,borderline,0.1.0
1024,volatile,0.1.0
1025,volatile,0.1.0
1026,stable,0.1.0
1027,borderline,0.1.0
1028,stable,0.1.0
1029,borderline,0.1.0
1030,volatile,0.1.0
1031,volatile,0.1.0
1032,borderline,0.1.0
1033,volatile,0.1.0
1034,borderline,0.1.0
1035,volatile,0.1.0
1036,volatile,0.1.0
1037,stable,0.1.0
1038,volatile,0.1.0
1039,volatile,0.1.0
1040,stable,0.1.0
1041,stable,0.1.0
1042,volatile,0.1.0
1043,volatile,0.1.0
1044,volatile,0.1.0
1045,stable,0.1.0
1046,stable,0.1.0
1047,stable,0.1.0
1048,borderline,0.1.0
1049,borderline,0.1.0
1050,stable,0.1.0
1051,volatile,0.1.0
1052,stable,0.1.0
1053,stable,0.1.0
1054,stable,0.1.0
1055,stable,0.1.0
1056,volatile,0.1.0
1057,borderline,0.1.0
1058,stable,0.1.0
1059,volatile,0.1.0
1060,borderline,0.1.0
1061,borderline,0.1.0
1062,volatile,0.1.0
1063,stable,0.1.0
1064,volatile,0.1.0
1065,stable,0.1.0
1066,borderline,0.1.0
1067,stable,0.1.0
1068,volatile,0.1.0
1069,stable,0.1.0
1070,volatile,0.1.0
1071,borderline,0.1.0
1072,volatile,0.1.0
1073,volatile,0.1.0
1074,borderline,0.1.0
1075,borderline,0.1.0
1076,stable,0.1.0
1077,volatile,0.1.0
1078,volatile,0.1.0
1079,volatile,0.1.0
1080,stable,0.1.0
1081,stable,0.1.0
1082,borderline,0.1.0
1083,borderline,0.1.0
1084,borderline,0.1.0
1085,borderline,0.1.0
1086,borderline,0.1.0
1087,borderline,0.1.0
1088,borderline,0.1.0
1089,volatile,0.1.0
1090,volatile,0.1.0
1091,stable,0.1.0
1092,volatile,0.1.0
1093,stable,0.1.0
1094,stable,0.1.0
1095,volatile,0.1.0
1096,volatile,0.1.0
1097,stable,0.1.0
1098,borderline,0.1.0
1099,borderline,0.1.0
1100,stable,0.1.0
1101,stable,0.1.0
1102,stable,0.1.0
1103,borderline,0.1.0
1104,borderline,0.1.0
1105,stable,0.1.0
1106,borderline,0.1.0
1107,stable,0.1.0
1108,stable,0.1.0
1109,borderline,0.1.0
1110,stable,0.1.0
1111,stable,0.1.0
1112,volatile,0.1.0
1113,volatile,0.1.0
1114,borderline,0.1.0
1115,borderline,0.1.0
1116,stable,0.1.0
1117,stable,0.1.0
1118,borderline,0.1.0
1119,stable,0.1.0
1120,borderline,0.1.0
1121,volatile,0.1.0
1122,stable,0.1.0
1123,borderline,0.1.0
1124,stable,0.1.0
1125,volatile,0.1.0
1126,volatile,0.1.0
1127,volatile,0.1.0
1128,volatile,0.1.0
1129,volatile,0.1.0
1130,borderline,0.1.0
1131,borderline,0.1.0
1132,volatile,0.1.0
1133,stable,0.1.0
1134,borderline,0.1.0
1135,borderline,0.1.0
1136,stable,0.1.0
1137,volatile,0.1.0
1138,volatile,0.1.0
1139,stable,0.1.0
1140,volatile,0.1.0
1141,stable,0.1.0
1142,borderline,0.1.0
1143,borderline,0.1.0
1144,borderline,0.1.0
1145,volatile,0.1.0
1146,stable,0.1.0
1147,borderline,0.1.0
1148,borderline,0.1.0
1149,volatile,0.1.0
1150,borderline,0.1.0
1151,stable,0.1.0
1152,borderline,0.1.0
1153,stable,0.1.0
1154,stable,0.1.0
1155,volatile,0.1.0
1156,stable,0.1.0
1157,stable,0.1.0
1158,stable,0.1.0
1159,volatile,0.1.0
1160,borderline,0.1.0
1161,stable,0.1.0
1162,volatile,0.1.0
1163,borderline,0.1.0
1164,stable,0.1.0
1165,stable,0.1.0
1166,borderline,0.1.0
1167,borderline,0.1.0
1168,volatile,0.1.0
1169,borderline,0.1.0
1170,stable,0.1.0
1171,stable,0.1.0
1172,borderline,0.1.0
1173,stable,0.1.0
1174,borderline,0.1.0
1175,volatile,0.1.0
1176,borderline,0.1.0
1177,volatile,0.1.0
1178,stable,0.1.0
1179,stable,0.1.0
1180,stable,0.1.0
1181,borderline,0.1.0
1182,stable,0.1.0
1183,stable,0.1.0
1184,stable,0.1.0
1185,stable,0.1.0
1186,borderline,0.1.0
1187,stable,0.1.0
1188,borderline,0.1.0
1189,stable,0.1.0
1190,volatile,0.1.0
1191,volatile,0.1.0
1192,stable,0.1.0
1193,borderline,0.1.0
1194,borderline,0.1.0
1195,borderline,0.1.0
1196,stable,0.1.0
1197,stable,0.1.0
1198,volatile,0.1.0
1199,stable,0.1.0
1200,borderline,0.1.0
1201,volatile,0.1.0
1202,volatile,0.1.0
1203,borderline,0.1.0
1204,borderline,0.1.0
1205,stable,0.1.0
1206,stable,0.1.0
1207,volatile,0.1.0
1208,volatile,0.1.0
1209,stable,0.1.0
1210,volatile,0.1.0
1211,borderline,0.1.0
1212,borderline,0.1.0
1213,volatile,0.1.0
1214,stable,0.1.0
1215,stable,0.1.0
1216,volatile,0.1.0
1217,stable,0.1.0
1218,volatile,0.1.0
1219,volatile,0.1.0
1220,stable,0.1.0
1221,stable,0.1.0
1222,stable,0.1.0
1223,borderline,0.1.0
1224,volatile,0.1.0
1225,stable,0.1.0
1226,borderline,0.1.0
1227,volatile,0.1.0
1228,volatile,0.1.0
1229,borderline,0.1.0
1230,stable,0.1.0
1231,stable,0.1.0
1232,volatile,0.1.0
1233,stable,0.1.0
1234,volatile,0.1.0
1235,stable,0.1.0
1236,stable,0.1.0
1237,stable,0.1.0
1238,volatile,0.1.0
1239,stable,0.1.0
1240,stable,0.1.0
1241,borderline,0.1.0
1242,stable,0.1.0
1243,stable,0.1.0
1244,stable,0.1.0
1245,stable,0.1.0
1246,stable,0.1.0
1247,volatile,0.1.0
1248,stable,0.1.0
1249,borderline,0.1.0
1250,borderline,0.1.0
1251,stable,0.1.0
1252,stable,0.1.0
1253,stable,0.1.0
1254,volatile,0.1.0
1255,stable,0.1.0
1256,borderline,0.1.0
1257,borderline,0.1.0
1258,borderline,0.1.0
1259,volatile,0.1.0
1260,borderline,0.1.0
1261,stable,0.1.0
1262,volatile,0.1.0
1263,stable,0.1.0
1264,borderline,0.1.0
1265,volatile,0.1.0
1266,borderline,0.1.0
1267,stable,0.1.0
1268,borderline,0.1.0
1269,volatile,0.1.0
1270,volatile,0.1.0
1271,borderline,0.1.0
1272,stable,0.1.0
1273,stable,0.1.0
1274,volatile,0.1.0
1275,stable,0.1.0
1276,stable,0.1.0
1277,stable,0.1.0
1278,stable,0.1.0
1279,borderline,0.1.0
1280,volatile,0.1.0
1281,stable,0.1.0
1282,volatile,0.1.0
1283,volatile,0.1.0
1284,volatile,0.1.0
1285,borderline,0.1.0
1286,borderline,0.1.0
1287,stable,0.1.0
1288,stable,0.1.0
1289,volatile,0.1.0
1290,volatile,0.1.0
1291,volatile,0.1.0
1292,volatile,0.1.0
1293,volatile,0.1.0
1294,stable,0.1.0
1295,stable,0.1.0
1296,stable,0.1.0
1297,stable,0.1.0
1298,stable,0.1.0
1299,borderline,0.1.0
1300,stable,0.1.0
1301,stable,0.1.0
1302,volatile,0.1.0
1303,borderline,0.1.0
1304,stable,0.1.0
1305,borderline,0.1.0
1306,borderline,0.1.0
1307,volatile,0.1.0
1308,volatile,0.1.0
1309,stable,0.1.0
1310,borderline,0.1.0
1311,stable,0.1.0
1312,borderline,0.1.0
1313,volatile,0.1.0
1314,stable,0.1.0
1315,stable,0.1.0
1316,volatile,0.1.0
1317,volatile,0.1.0
1318,stable,0.1.0
1319,borderline,0.1.0
1320,borderline,0.1.0
1321,volatile,0.1.0
1322,volatile,0.1.0
1323,stable,0.1.0
1324,borderline,0.1.0
1325,stable,0.1.0
1326,borderline,0.1.0
1327,stable,0.1.0
1328,volatile,0.1.0
1329,stable,0.1.0
1330,stable,0.1.0
1331,borderline,0.1.0
1332,volatile,0.1.0
1333,volatile,0.1.0
1334,borderline,0.1.0
1335,borderline,0.1.0
1336,borderline,0.1.0
1337,stable,0.1.0
1338,volatile,0.1.0
1339,borderline,0.1.0
1340,stable,0.1.0
1341,stable,0.1.0
1342,borderline,0.1.0
1343,volatile,0.1.0
1344,volatile,0.1.0
1345,borderline,0.1.0
1346,volatile,0.1.0
1347,volatile,0.1.0
1348,stable,0.1.0
1349,volatile,0.1.0
1350,stable,0.1.0
1351,borderline,0.1.0
1352,borderline,0.1.0
1353,stable,0.1.0
1354,stable,0.1.0
1355,borderline,0.1.0
1356,stable,0.1.0
1357,volatile,0.1.0
1358,volatile,0.1.0
1359,volatile,0.1.0
1360,stable,0.1.0
1361,volatile,0.1.0
1362,stable,0.1.0
1363,volatile,0.1.0
1364,stable,0.1.0
1365,volatile,0.1.0
1366,volatile,0.1.0
1367,stable,0.1.0
1368,stable,0.1.0
1369,stable,0.1.0
1370,stable,0.1.0
1371,stable,0.1.0
1372,borderline,0.1.0
1373,volatile,0.1.0
1374,borderline,0.1.0
1375,borderline,0.1.0
1376,stable,0.1.0
1377,volatile,0.1.0
1378,borderline,0.1.0
1379,volatile,0.1.0
1380,volatile,0.1.0
1381,volatile,0.1.0
1382,stable,0.1.0
1383,volatile,0.1.0
1384,borderline,0.1.0
1385,borderline,0.1.0
1386,stable,0.1.0
1387,borderline,0.1.0
1388,stable,0.1.0
1389,borderline,0.1.0
1390,stable,0.1.0
1391,borderline,0.1.0
1392,borderline,0.1.0
1393,stable,0.1.0
1394,stable,0.1.0
1395,borderline,0.1.0
1396,stable,0.1.0
1397,volatile,0.1.0
1398,borderline,0.1.0
1399,volatile,0.1.0
1400,stable,0.1.0
1401,volatile,0.1.0
1402,stable,0.1.0
1403,borderline,0.1.0
1404,stable,0.1.0
1405,stable,0.1.0
1406,stable,0.1.0
1407,borderline,0.1.0
1408,stable,0.1.0
1409,borderline,0.1.0
1410,borderline,0.1.0
1411,borderline,0.1.0
1412,borderline,0.1.0
1413,borderline,0.1.0
1414,borderline,0.1.0
1415,stable,0.1.0
1416,borderline,0.1.0
1417,volatile,0.1.0
1418,volatile,0.1.0
1419,borderline,0.1.0
1420,borderline,0.1.0
1421,borderline,0.1.0
1422,volatile,0.1.0
1423,volatile,0.1.0
1424,stable,0.1.0
1425,stable,0.1.0
1426,stable,0.1.0
1427,stable,0.1.0
1428,stable,0.1.0
1429,borderline,0.1.0
1430,volatile,0.1.0
1431,borderline,0.1.0
1432,volatile,0.1.0
1433,stable,0.1.0
1434,stable,0.1.0
1435,stable,0.1.0
1436,borderline,0.1.0
1437,stable,0.1.0
1438,volatile,0.1.0
1439,borderline,0.1.0
1440,borderline,0.1.0
1441,stable,0.1.0
1442,stable,0.1.0
1443,stable,0.1.0
1444,stable,0.1.0
1445,stable,0.1.0
1446,volatile,0.1.0
1447,borderline,0.1.0
1448,volatile,0.1.0
1449,volatile,0.1.0
1450,stable,0.1.0
1451,borderline,0.1.0
1452,volatile,0.1.0
1453,borderline,0.1.0
1454,borderline,0.1.0
1455,stable,0.1.0
1456,stable,0.1.0
1457,stable,0.1.0
1458,volatile,0.1.0
1459,borderline,0.1.0
1460,stable,0.1.0
1461,borderline,0.1.0
1462,volatile,0.1.0
1463,stable,0.1.0
1464,stable,0.1.0
1465,volatile,0.1.0
1466,volatile,0.1.0
1467,volatile,0.1.0
1468,stable,0.1.0
1469,borderline,0.1.0
1470,stable,0.1.0
1471,borderline,0.1.0
1472,stable,0.1.0
1473,stable,0.1.0
1474,volatile,0.1.0
1475,volatile,0.1.0
1476,volatile,0.1.0
1477,volatile,0.1.0
1478,borderline,0.1.0
1479,volatile,0.1.0
1480,volatile,0.1.0
1481,volatile,0.1.0
1482,stable,0.1.0
1483,volatile,0.1.0
1484,stable,0.1.0
1485,volatile,0.1.0
1486,stable,0.1.0
1487,borderline,0.1.0
1488,volatile,0.1.0
1489,borderline,0.1.0
1490,volatile,0.1.0
1491,stable,0.1.0
1492,borderline,0.1.0
1493,volatile,0.1.0
1494,borderline,0.1.0
1495,volatile,0.1.0
1496,volatile,0.1.0
1497,borderline,0.1.0
1498,volatile,0.1.0
1499,stable,0.1.0
1500,volatile,0.1.0
1501,volatile,0.1.0
1502,borderline,0.1.0
1503,stable,0.1.0
1504,volatile,0.1.0
1505,borderline,0.1.0
1506,volatile,0.1.0
1507,borderline,0.1.0
1508,volatile,0.1.0
1509,stable,0.1.0
1510,borderline,0.1.0
1511,stable,0.1.0
1512,stable,0.1.0
1513,volatile,0.1.0
1514,borderline,0.1.0
1515,borderline,0.1.0
1516,stable,0.1.0
1517,stable,0.1.0
1518,borderline,0.1.0
1519,stable,0.1.0
1520,stable,0.1.0
1521,stable,0.1.0
1522,volatile,0.1.0
1523,borderline,0.1.0
1524,borderline,0.1.0
1525,borderline,0.1.0
1526,stable,0.1.0
1527,stable,0.1.0
1528,volatile,0.1.0
1529,stable,0.1.0
1530,stable,0.1.0
1531,stable,0.1.0
1532,stable,0.1.0
1533,volatile,0.1.0
1534,borderline,0.1.0
1535,stable,0.1.0
1536,volatile,0.1.0
1537,borderline,0.1.0
1538,borderline,0.1.0
1539,borderline,0.1.0
1540,volatile,0.1.0
1541,borderline,0.1.0
1542,stable,0.1.0
1543,stable,0.1.0
1544,stable,0.1.0
1545,volatile,0.1.0
1546,stable,0.1.0
1547,stable,0.1.0
1548,borderline,0.1.0
1549,stable,0.1.0
1550,stable,0.1.0
1551,stable,0.1.0
1552,volatile,0.1.0
1553,stable,0.1.0
1554,stable,0.1.0
1555,stable,0.1.0
1556,borderline,0.1.0
1557,borderline,0.1.0
1558,volatile,0.1.0
1559,volatile,0.1.0
1560,borderline,0.1.0
1561,borderline,0.1.0
1562,volatile,0.1.0
1563,borderline,0.1.0
1564,borderline,0.1.0
1565,borderline,0.1.0
1566,volatile,0.1.0
1567,stable,0.1.0
1568,stable,0.1.0
1569,volatile,0.1.0
1570,volatile,0.1.0
1571,volatile,0.1.0
1572,volatile,0.1.0
1573,volatile,0.1.0
1574,borderline,0.1.0
1575,stable,0.1.0
1576,stable,0.1.0
1577,borderline,0.1.0
1578,borderline,0.1.0
1579,borderline,0.1.0
1580,borderline,0.1.0
1581,borderline,0.1.0
1582,stable,0.1.0
1583,volatile,0.1.0
1584,stable,0.1.0
1585,volatile,0.1.0
1586,borderline,0.1.0
1587,stable,0.1.0
1588,volatile,0.1.0
1589,stable,0.1.0
1590,stable,0.1.0
1591,stable,0.1.0
1592,stable,0.1.0
1593,borderline,0.1.0
1594,volatile,0.1.0
1595,borderline,0.1.0
1596,volatile,0.1.0
1597,stable,0.1.0
1598,stable,0.1.0
1599,borderline,0.1.0
1600,stable,0.1.0
1601,borderline,0.1.0
1602,stable,0.1.0
1603,volatile,0.1.0
1604,borderline,0.1.0
1605,stable,0.1.0
1606,stable,0.1.0
1607,borderline,0.1.0
1608,stable,0.1.0
1609,volatile,0.1.0
1610,volatile,0.1.0
1611,stable,0.1.0
1612,borderline,0.1.0
1613,borderline,0.1.0
1614,stable,0.1.0
1615,borderline,0.1.0
1616,stable,0.1.0
1617,stable,0.1.0
1618,volatile,0.1.0
1619,borderline,0.1.0
1620,stable,0.1.0
1621,stable,0.1.0
1622,volatile,0.1.0
1623,borderline,0.1.0
1624,stable,0.1.0
1625,stable,0.1.0
1626,borderline,0.1.0
1627,stable,0.1.0
1628,stable,0.1.0
1629,stable,0.1.0
1630,volatile,0.1.0
1631,volatile,0.1.0
1632,borderline,0.1.0
1633,volatile,0.1.0
1634,volatile,0.1.0
1635,borderline,0.1.0
1636,volatile,0.1.0
1637,volatile,0.1.0
1638,borderline,0.1.0
1639,stable,0.1.0
1640,borderline,0.1.0
1641,borderline,0.1.0
1642,stable,0.1.0
1643,volatile,0.1.0
1644,stable,0.1.0
1645,stable,0.1.0
1646,volatile,0.1.0
1647,stable,0.1.0
1648,borderline,0.1.0
1649,borderline,0.1.0
1650,borderline,0.1.0
1651,stable,0.1.0
1652,stable,0.1.0
1653,stable,0.1.0
1654,stable,0.1.0
1655,borderline,0.1.0
1656,volatile,0.1.0
1657,stable,0.1.0
1658,borderline,0.1.0
1659,stable,0.1.0
1660,stable,0.1.0
1661,stable,0.1.0
1662,volatile,0.1.0
1663,borderline,0.1.0
1664,stable,0.1.0
1665,borderline,0.1.0
1666,borderline,0.1.0
1667,borderline,0.1.0
1668,stable,0.1.0
1669,stable,0.1.0
1670,borderline,0.1.0
1671,stable,0.1.0
1672,volatile,0.1.0
1673,borderline,0.1.0
1674,stable,0.1.0
1675,borderline,0.1.0
1676,borderline,0.1.0
1677,borderline,0.1.0
1678,volatile,0.1.0
1679,borderline,0.1.0
1680,volatile,0.1.0
1681,borderline,0.1.0
1682,borderline,0.1.0
1683,borderline,0.1.0
1684,stable,0.1.0
1685,stable,0.1.0
1686,stable,0.1.0
1687,volatile,0.1.0
1688,volatile,0.1.0
1689,volatile,0.1.0
1690,stable,0.1.0
1691,borderline,0.1.0
1692,borderline,0.1.0
1693,stable,0.1.0
1694,borderline,0.1.0
1695,volatile,0.1.0
1696,volatile,0.1.0
1697,stable,0.1.0
1698,borderline,0.1.0
1699,borderline,0.1.0
1700,borderline,0.1.0
1701,borderline,0.1.0
1702,borderline,0.1.0
1703,stable,0.1.0
1704,volatile,0.1.0
1705,volatile,0.1.0
1706,borderline,0.1.0
1707,stable,0.1.0
1708,volatile,0.1.0
1709,borderline,0.1.0
1710,stable,0.1.0
1711,borderline,0.1.0
1712,stable,0.1.0
1713,borderline,0.1.0
1714,borderline,0.1.0
1715,stable,0.1.0
1716,borderline,0.1.0
1717,stable,0.1.0
1718,volatile,0.1.0
1719,volatile,0.1.0
1720,borderline,0.1.0
1721,stable,0.1.0
1722,stable,0.1.0
1723,borderline,0.1.0
1724,volatile,0.1.0
1725,volatile,0.1.0
1726,stable,0.1.0
1727,stable,0.1.0
1728,borderline,0.1.0
1729,stable,0.1.0
1730,stable,0.1.0
1731,borderline,0.1.0
1732,stable,0.1.0
1733,borderline,0.1.0
1734,stable,0.1.0
1735,borderline,0.1.0
1736,borderline,0.1.0
1737,borderline,0.1.0
1738,stable,0.1.0
1739,volatile,0.1.0
1740,borderline,0.1.0
1741,stable,0.1.0
1742,stable,0.1.0
1743,stable,0.1.0
1744,borderline,0.1.0
1745,borderline,0.1.0
1746,volatile,0.1.0
1747,borderline,0.1.0
1748,volatile,0.1.0
1749,volatile,0.1.0
1750,volatile,0.1.0
1751,volatile,0.1.0
1752,stable,0.1.0
1753,borderline,0.1.0
1754,borderline,0.1.0
1755,stable,0.1.0
1756,volatile,0.1.0
1757,stable,0.1.0
1758,borderline,0.1.0
1759,borderline,0.1.0
1760,borderline,0.1.0
1761,stable,0.1.0
1762,stable,0.1.0
1763,stable,0.1.0
1764,stable,0.1.0
1765,stable,0.1.0
1766,stable,0.1.0
1767,borderline,0.1.0
1768,stable,0.1.0
1769,stable,0.1.0
1770,borderline,0.1.0
1771,volatile,0.1.0
1772,borderline,0.1.0
1773,volatile,0.1.0
1774,borderline,0.1.0
1775,volatile,0.1.0
1776,volatile,0.1.0
1777,borderline,0.1.0
1778,volatile,0.1.0
1779,stable,0.1.0
1780,volatile,0.1.0
1781,stable,0.1.0
1782,borderline,0.1.0
1783,stable,0.1.0
1784,stable,0.1.0
1785,stable,0.1.0
1786,borderline,0.1.0
1787,stable,0.1.0
1788,volatile,0.1.0
1789,borderline,0.1.0
1790,stable,0.1.0
1791,borderline,0.1.0
1792,stable,0.1.0
1793,stable,0.1.0
1794,volatile,0.1.0
1795,borderline,0.1.0
1796,stable,0.1.0
1797,volatile,0.1.0
1798,stable,0.1.0
1799,volatile,0.1.0
1800,volatile,0.1.0
1801,volatile,0.1.0
1802,volatile,0.1.0
1803,stable,0.1.0
1804,volatile,0.1.0
1805,volatile,0.1.0
1806,volatile,0.1.0
1807,stable,0.1.0
1808,volatile,0.1.0
1809,volatile,0.1.0
1810,stable,0.1.0
1811,stable,0.1.0
1812,volatile,0.1.0
1813,borderline,0.1.0
1814,stable,0.1.0
1815,borderline,0.1.0
1816,volatile,0.1.0
1817,borderline,0.1.0
1818,volatile,0.1.0
1819,volatile,0.1.0
1820,volatile,0.1.0
1821,borderline,0.1.0
1822,volatile,0.1.0
1823,volatile,0.1.0
1824,volatile,0.1.0
1825,borderline,0.1.0
1826,stable,0.1.0
1827,volatile,0.1.0
1828,volatile,0.1.0
1829,borderline,0.1.0
1830,volatile,0.1.0
1831,volatile,0.1.0
1832,borderline,0.1.0
1833,volatile,0.1.0
1834,stable,0.1.0
1835,stable,0.1.0
1836,stable,0.1.0
1837,stable,0.1.0
1838,volatile,0.1.0
1839,borderline,0.1.0
1840,borderline,0.1.0
1841,stable,0.1.0
1842,volatile,0.1.0
1843,stable,0.1.0
1844,borderline,0.1.0
1845,stable,0.1.0
1846,volatile,0.1.0
1847,stable,0.1.0
1848,volatile,0.1.0
1849,volatile,0.1.0
1850,borderline,0.1.0
1851,stable,0.1.0
1852,borderline,0.1.0
1853,volatile,0.1.0
1854,borderline,0.1.0
1855,borderline,0.1.0
1856,borderline,0.1.0
1857,stable,0.1.0
1858,stable,0.1.0
1859,stable,0.1.0
1860,stable,0.1.0
1861,volatile,0.1.0
1862,borderline,0.1.0
1863,borderline,0.1.0
1864,volatile,0.1.0
1865,volatile,0.1.0
1866,borderline,0.1.0
1867,borderline,0.1.0
1868,stable,0.1.0
1869,volatile,0.1.0
1870,borderline,0.1.0
1871,stable,0.1.0
1872,volatile,0.1.0
1873,borderline,0.1.0
1874,borderline,0.1.0
1875,borderline,0.1.0
1876,borderline,0.1.0
1877,stable,0.1.0
1878,stable,0.1.0
1879,volatile,0.1.0
1880,volatile,0.1.0
1881,volatile,0.1.0
1882,volatile,0.1.0
1883,volatile,0.1.0
1884,borderline,0.1.0
1885,stable,0.1.0
1886,stable,0.1.0
1887,stable,0.1.0
1888,stable,0.1.0
1889,borderline,0.1.0
1890,volatile,0.1.0
1891,stable,0.1.0
1892,borderline,0.1.0
1893,volatile,0.1.0
1894,stable,0.1.0
1895,stable,0.1.0
1896,stable,0.1.0
1897,volatile,0.1.0
1898,stable,0.1.0
1899,stable,0.1.0
1900,stable,0.1.0
1901,volatile,0.1.0
1902,stable,0.1.0
1903,borderline,0.1.0
1904,stable,0.1.0
1905,volatile,0.1.0
1906,volatile,0.1.0
1907,volatile,0.1.0
1908,stable,0.1.0
1909,borderline,0.1.0
1910,borderline,0.1.0
1911,stable,0.1.0
1912,stable,0.1.0
1913,borderline,0.1.0
1914,volatile,0.1.0
1915,stable,0.1.0
1916,stable,0.1.0
1917,volatile,0.1.0
1918,borderline,0.1.0
1919,volatile,0.1.0
1920,borderline,0.1.0
1921,volatile,0.1.0
1922,stable,0.1.0
1923,volatile,0.1.0
1924,stable,0.1.0
1925,stable,0.1.0
1926,stable,0.1.0
1927,stable,0.1.0
1928,borderline,0.1.0
1929,stable,0.1.0
1930,volatile,0.1.0
1931,volatile,0.1.0
1932,volatile,0.1.0
1933,borderline,0.1.0
1934,borderline,0.1.0
1935,borderline,0.1.0
1936,stable,0.1.0
1937,volatile,0.1.0
1938,volatile,0.1.0
1939,stable,0.1.0
1940,stable,0.1.0
1941,stable,0.1.0
1942,volatile,0.1.0
1943,volatile,0.1.0
1944,stable,0.1.0
1945,borderline,0.1.0
1946,borderline,0.1.0
1947,stable,0.1.0
1948,borderline,0.1.0
1949,stable,0.1.0
1950,borderline,0.1.0
1951,borderline,0.1.0
1952,stable,0.1.0
1953,borderline,0.1.0
1954,borderline,0.1.0
1955,borderline,0.1.0
1956,borderline,0.1.0
1957,volatile,0.1.0
1958,stable,0.1.0
1959,borderline,0.1.0
1960,volatile,0.1.0
1961,volatile,0.1.0
1962,volatile,0.1.0
1963,volatile,0.1.0
1964,stable,0.1.0
1965,borderline,0.1.0
1966,stable,0.1.0
1967,borderline,0.1.0
1968,borderline,0.1.0
1969,volatile,0.1.0
1970,volatile,0.1.0
1971,stable,0.1.0
1972,borderline,0.1.0
1973,borderline,0.1.0
1974,stable,0.1.0
1975,stable,0.1.0
1976,stable,0.1.0
1977,volatile,0.1.0
1978,borderline,0.1.0
1979,borderline,0.1.0
1980,stable,0.1.0
1981,borderline,0.1.0
1982,stable,0.1.0
1983,borderline,0.1.0
1984,stable,0.1.0
1985,volatile,0.1.0
1986,borderline,0.1.0
1987,stable,0.1.0
1988,volatile,0.1.0
1989,borderline,0.1.0
1990,stable,0.1.0
1991,stable,0.1.0
1992,volatile,0.1.0
1993,stable,0.1.0
1994,stable,0.1.0
1995,volatile,0.1.0
1996,borderline,0.1.0
1997,stable,0.1.0
1998,stable,0.1.0
1999,borderline,0.1.0
2000,volatile,0.1.0
2001,borderline,0.1.0
2002,volatile,0.1.0
2003,borderline,0.1.0
2004,volatile,0.1.0
2005,stable,0.1.0
2006,borderline,0.1.0
2007,volatile,0.1.0
2008,stable,0.1.0
2009,stable,0.1.0
2010,volatile,0.1.0
2011,stable,0.1.0
2012,stable,0.1.0
2013,stable,0.1.0
2014,volatile,0.1.0
2015,volatile,0.1.0
2016,volatile,0.1.0
2017,stable,0.1.0
2018,stable,0.1.0
2019,volatile,0.1.0
2020,stable,0.1.0
2021,volatile,0.1.0
2022,stable,0.1.0
2023,stable,0.1.0
2024,stable,0.1.0
2025,volatile,0.1.0
2026,stable,0.1.0
2027,borderline,0.1.0
2028,stable,0.1.0
2029,volatile,0.1.0
2030,volatile,0.1.0
2031,stable,0.1.0
2032,volatile,0.1.0
2033,stable,0.1.0
2034,volatile,0.1.0
2035,stable,0.1.0
2036,borderline,0.1.0
2037,borderline,0.1.0
2038,stable,0.1.0
2039,volatile,0.1.0
2040,borderline,0.1.0
2041,stable,0.1.0
2042,borderline,0.1.0
2043,volatile,0.1.0
2044,borderline,0.1.0
2045,borderline,0.1.0
2046,stable,0.1.0
2047,volatile,0.1.0
2048,volatile,0.1.0
2049,stable,0.1.0
2050,stable,0.1.0
2051,borderline,0.1.0
2052,stable,0.1.0
2053,volatile,0.1.0
2054,borderline,0.1.0
2055,stable,0.1.0
2056,volatile,0.1.0
2057,borderline,0.1.0
2058,volatile,0.1.0
2059,stable,0.1.0
2060,stable,0.1.0
2061,borderline,0.1.0
2062,stable,0.1.0
2063,volatile,0.1.0
2064,stable,0.1.0
2065,volatile,0.1.0
2066,borderline,0.1.0
2067,volatile,0.1.0
2068,borderline,0.1.0
2069,stable,0.1.0
2070,volatile,0.1.0
2071,borderline,0.1.0
2072,volatile,0.1.0
2073,stable,0.1.0
2074,borderline,0.1.0
2075,stable,0.1.0
2076,volatile,0.1.0
2077,borderline,0.1.0
2078,stable,0.1.0
2079,stable,0.1.0
2080,stable,0.1.0
2081,stable,0.1.0
2082,stable,0.1.0
2083,volatile,0.1.0
2084,stable,0.1.0
2085,volatile,0.1.0
2086,stable,0.1.0
2087,stable,0.1.0
2088,stable,0.1.0
2089,borderline,0.1.0
2090,volatile,0.1.0
2091,stable,0.1.0
2092,borderline,0.1.0
2093,volatile,0.1.0
2094,stable,0.1.0
2095,borderline,0.1.0
2096,stable,0.1.0
2097,stable,0.1.0
2098,volatile,0.1.0
2099,stable,0.1.0
2100,stable,0.1.0
2101,borderline,0.1.0
2102,stable,0.1.0
2103,borderline,0.1.0
2104,borderline,0.1.0
2105,volatile,0.1.0
2106,borderline,0.1.0
2107,borderline,0.1.0
2108,borderline,0.1.0
2109,stable,0.1.0
2110,stable,0.1.0
2111,volatile,0.1.0
2112,volatile,0.1.0
2113,stable,0.1.0
2114,volatile,0.1.0
2115,stable,0.1.0
2116,borderline,0.1.0
2117,stable,0.1.0
2118,stable,0.1.0
2119,stable,0.1.0
2120,stable,0.1.0
2121,stable,0.1.0
2122,stable,0.1.0
2123,stable,0.1.0
2124,stable,0.1.0
2125,stable,0.1.0
2126,stable,0.1.0
2127,stable,0.1.0
2128,stable,0.1.0
2129,stable,0.1.0
2130,stable,0.1.0
2131,stable,0.1.0
2132,borderline,0.1.0
2133,borderline,0.1.0
2134,borderline,0.1.0
2135,volatile,0.1.0
2136,volatile,0.1.0
2137,stable,0.1.0
2138,borderline,0.1.0
2139,borderline,0.1.0
2140,borderline,0.1.0
2141,borderline,0.1.0
2142,volatile,0.1.0
2143,borderline,0.1.0
2144,borderline,0.1.0
2145,stable,0.1.0
2146,borderline,0.1.0
2147,stable,0.1.0
2148,borderline,0.1.0
2149,borderline,0.1.0
2150,stable,0.1.0
2151,volatile,0.1.0
2152,stable,0.1.0
2153,borderline,0.1.0
2154,borderline,0.1.0
2155,volatile,0.1.0
2156,borderline,0.1.0
2157,stable,0.1.0
2158,stable,0.1.0
2159,volatile,0.1.0
2160,stable,0.1.0
2161,volatile,0.1.0
2162,stable,0.1.0
2163,stable,0.1.0
2164,volatile,0.1.0
2165,borderline,0.1.0
2166,stable,0.1.0
2167,borderline,0.1.0
2168,volatile,0.1.0
2169,stable,0.1.0
2170,volatile,0.1.0
2171,volatile,0.1.0
2172,stable,0.1.0
2173,volatile,0.1.0
2174,stable,0.1.0
2175,stable,0.1.0
2176,volatile,0.1.0
2177,volatile,0.1.0
2178,borderline,0.1.0
2179,stable,0.1.0
2180,borderline,0.1.0
2181,borderline,0.1.0
2182,borderline,0.1.0
2183,borderline,0.1.0
2184,stable,0.1.0
2185,volatile,0.1.0
2186,stable,0.1.0
2187,borderline,0.1.0
2188,volatile,0.1.0
2189,stable,0.1.0
2190,borderline,0.1.0
2191,stable,0.1.0
2192,volatile,0.1.0
2193,borderline,0.1.0
2194,stable,0.1.0
2195,volatile,0.1.0
2196,borderline,0.1.0
2197,stable,0.1.0
2198,volatile,0.1.0
2199,stable,0.1.0
2200,volatile,0.1.0
2201,stable,0.1.0
2202,borderline,0.1.0
2203,borderline,0.1.0
2204,stable,0.1.0
2205,stable,0.1.0
2206,volatile,0.1.0
2207,borderline,0.1.0
2208,volatile,0.1.0
2209,stable,0.1.0
2210,stable,0.1.0
2211,borderline,0.1.0
2212,volatile,0.1.0
2213,borderline,0.1.0
2214,volatile,0.1.0
2215,borderline,0.1.0
2216,stable,0.1.0
2217,stable,0.1.0
2218,borderline,0.1.0
2219,borderline,0.1.0
2220,stable,0.1.0
2221,stable,0.1.0
2222,volatile,0.1.0
2223,volatile,0.1.0
2224,stable,0.1.0
2225,borderline,0.1.0
2226,stable,0.1.0
2227,borderline,0.1.0
2228,stable,0.1.0
2229,stable,0.1.0
2230,volatile,0.1.0
2231,stable,0.1.0
2232,volatile,0.1.0
2233,stable,0.1.0
2234,borderline,0.1.0
2235,borderline,0.1.0
2236,borderline,0.1.0
2237,stable,0.1.0
2238,stable,0.1.0
2239,stable,0.1.0
2240,volatile,0.1.0
2241,stable,0.1.0
2242,stable,0.1.0
2243,stable,0.1.0
2244,stable,0.1.0
2245,stable,0.1.0
2246,stable,0.1.0
2247,stable,0.1.0
2248,volatile,0.1.0
2249,stable,0.1.0
2250,stable,0.1.0
2251,volatile,0.1.0
2252,borderline,0.1.0
2253,stable,0.1.0
2254,volatile,0.1.0
2255,borderline,0.1.0
2256,volatile,0.1.0
2257,borderline,0.1.0
2258,borderline,0.1.0
2259,stable,0.1.0
2260,volatile,0.1.0
2261,volatile,0.1.0
2262,borderline,0.1.0
2263,volatile,0.1.0
2264,stable,0.1.0
2265,volatile,0.1.0
2266,stable,0.1.0
2267,borderline,0.1.0
2268,volatile,0.1.0
2269,borderline,0.1.0
2270,borderline,0.1.0
2271,volatile,0.1.0
2272,volatile,0.1.0
2273,borderline,0.1.0
2274,borderline,0.1.0
2275,borderline,0.1.0
2276,stable,0.1.0
2277,volatile,0.1.0
2278,stable,0.1.0
2279,borderline,0.1.0
2280,volatile,0.1.0
2281,volatile,0.1.0
2282,stable,0.1.0
2283,stable,0.1.0
2284,borderline,0.1.0
2285,stable,0.1.0
2286,stable,0.1.0
2287,borderline,0.1.0
2288,borderline,0.1.0
2289,stable,0.1.0
2290,stable,0.1.0
2291,borderline,0.1.0
2292,borderline,0.1.0
2293,volatile,0.1.0
2294,stable,0.1.0
2295,stable,0.1.0
2296,stable,0.1.0
2297,borderline,0.1.0
2298,stable,0.1.0
2299,stable,0.1.0
2300,borderline,0.1.0
2301,borderline,0.1.0
2302,borderline,0.1.0
2303,volatile,0.1.0
2304,volatile,0.1.0
2305,volatile,0.1.0
2306,stable,0.1.0
2307,volatile,0.1.0
2308,volatile,0.1.0
2309,volatile,0.1.0
2310,borderline,0.1.0
2311,borderline,0.1.0
2312,stable,0.1.0
2313,stable,0.1.0
2314,stable,0.1.0
2315,stable,0.1.0
2316,stable,0.1.0
2317,stable,0.1.0
2318,borderline,0.1.0
2319,volatile,0.1.0
2320,borderline,0.1.0
2321,stable,0.1.0
2322,stable,0.1.0
2323,volatile,0.1.0
2324,stable,0.1.0
2325,stable,0.1.0
2326,borderline,0.1.0
2327,stable,0.1.0
2328,stable,0.1.0
2329,volatile,0.1.0
2330,volatile,0.1.0
2331,volatile,0.1.0
2332,stable,0.1.0
2333,borderline,0.1.0
2334,stable,0.1.0
2335,volatile,0.1.0
2336,volatile,0.1.0
2337,borderline,0.1.0
2338,stable,0.1.0
2339,volatile,0.1.0
2340,stable,0.1.0
2341,stable,0.1.0
2342,stable,0.1.0
2343,borderline,0.1.0
2344,stable,0.1.0
2345,borderline,0.1.0
2346,stable,0.1.0
2347,borderline,0.1.0
2348,borderline,0.1.0
2349,stable,0.1.0
2350,stable,0.1.0
2351,stable,0.1.0
2352,borderline,0.1.0
2353,stable,0.1.0
2354,volatile,0.1.0
2355,volatile,0.1.0
2356,borderline,0.1.0
2357,volatile,0.1.0
2358,volatile,0.1.0
2359,borderline,0.1.0
2360,stable,0.1.0
2361,borderline,0.1.0
2362,stable,0.1.0
2363,volatile,0.1.0
2364,borderline,0.1.0
2365,volatile,0.1.0
2366,volatile,0.1.0
2367,stable,0.1.0
2368,volatile,0.1.0
2369,stable,0.1.0
2370,volatile,0.1.0
2371,volatile,0.1.0
2372,stable,0.1.0
2373,stable,0.1.0
2374,stable,0.1.0
2375,stable,0.1.0
2376,stable,0.1.0
2377,borderline,0.1.0
2378,volatile,0.1.0
2379,stable,0.1.0
2380,volatile,0.1.0
2381,borderline,0.1.0
2382,stable,0.1.0
2383,stable,0.1.0
2384,stable,0.1.0
2385,stable,0.1.0
2386,borderline,0.1.0
2387,borderline,0.1.0
2388,stable,0.1.0
2389,borderline,0.1.0
2390,stable,0.1.0
2391,volatile,0.1.0
2392,borderline,0.1.0
2393,stable,0.1.0
2394,stable,0.1.0
2395,volatile,0.1.0
2396,borderline,0.1.0
2397,stable,0.1.0
2398,stable,0.1.0
2399,stable,0.1.0
2400,volatile,0.1.0
2401,volatile,0.1.0
2402,borderline,0.1.0
2403,borderline,0.1.0
2404,borderline,0.1.0
2405,borderline,0.1.0
2406,stable,0.1.0
2407,volatile,0.1.0
2408,stable,0.1.0
2409,stable,0.1.0
2410,borderline,0.1.0
2411,volatile,0.1.0
2412,borderline,0.1.0
2413,volatile,0.1.0
2414,volatile,0.1.0
2415,volatile,0.1.0
2416,stable,0.1.0
2417,stable,0.1.0
2418,volatile,0.1.0
2419,stable,0.1.0
2420,borderline,0.1.0
2421,stable,0.1.0
2422,stable,0.1.0
2423,borderline,0.1.0
2424,stable,0.1.0
2425,borderline,0.1.0
2426,borderline,0.1.0
2427,stable,0.1.0
2428,volatile,0.1.0
2429,volatile,0.1.0
2430,borderline,0.1.0
2431,borderline,0.1.0
2432,borderline,0.1.0
2433,volatile,0.1.0
2434,stable,0.1.0
2435,volatile,0.1.0
2436,borderline,0.1.0
2437,volatile,0.1.0
2438,volatile,0.1.0
2439,volatile,0.1.0
2440,borderline,0.1.0
2441,borderline,0.1.0
2442,stable,0.1.0
2443,stable,0.1.0
2444,volatile,0.1.0
2445,volatile,0.1.0
2446,volatile,0.1.0
2447,stable,0.1.0
2448,volatile,0.1.0
2449,volatile,0.1.0
2450,volatile,0.1.0
2451,volatile,0.1.0
2452,borderline,0.1.0
2453,volatile,0.1.0
2454,borderline,0.1.0
2455,volatile,0.1.0
2456,volatile,0.1.0
2457,volatile,0.1.0
2458,stable,0.1.0
2459,stable,0.1.0
2460,volatile,0.1.0
2461,borderline,0.1.0
2462,volatile,0.1.0
2463,stable,0.1.0
2464,volatile,0.1.0
2465,stable,0.1.0
2466,borderline,0.1.0
2467,borderline,0.1.0
2468,volatile,0.1.0
2469,volatile,0.1.0
2470,stable,0.1.0
2471,volatile,0.1.0
2472,borderline,0.1.0
2473,borderline,0.1.0
2474,volatile,0.1.0
2475,stable,0.1.0
2476,stable,0.1.0
2477,stable,0.1.0
2478,stable,0.1.0
2479,stable,0.1.0
2480,borderline,0.1.0
2481,volatile,0.1.0
2482,stable,0.1.0
2483,stable,0.1.0
2484,stable,0.1.0
2485,borderline,0.1.0
2486,stable,0.1.0
2487,borderline,0.1.0
2488,borderline,0.1.0
2489,stable,0.1.0
2490,volatile,0.1.0
2491,borderline,0.1.0
2492,volatile,0.1.0
2493,stable,0.1.0
2494,borderline,0.1.0
2495,borderline,0.1.0
2496,volatile,0.1.0
2497,volatile,0.1.0
2498,stable,0.1.0
2499,borderline,0.1.0
2500,volatile,0.1.0
2501,stable,0.1.0
2502,volatile,0.1.0
2503,borderline,0.1.0
2504,borderline,0.1.0
2505,stable,0.1.0
2506,stable,0.1.0
2507,borderline,0.1.0
2508,borderline,0.1.0
2509,volatile,0.1.0
2510,volatile,0.1.0
2511,volatile,0.1.0
2512,volatile,0.1.0
2513,stable,0.1.0
2514,stable,0.1.0
2515,stable,0.1.0
2516,borderline,0.1.0
2517,stable,0.1.0
2518,stable,0.1.0
2519,volatile,0.1.0
2520,stable,0.1.0
2521,stable,0.1.0
2522,volatile,0.1.0
2523,stable,0.1.0
2524,volatile,0.1.0
2525,borderline,0.1.0
2526,stable,0.1.0
2527,borderline,0.1.0
2528,borderline,0.1.0
2529,borderline,0.1.0
2530,volatile,0.1.0
2531,volatile,0.1.0
2532,volatile,0.1.0
2533,volatile,0.1.0
2534,stable,0.1.0
2535,borderline,0.1.0
2536,volatile,0.1.0
2537,borderline,0.1.0
2538,stable,0.1.0
2539,stable,0.1.0
2540,volatile,0.1.0
2541,volatile,0.1.0
2542,volatile,0.1.0
2543,stable,0.1.0
2544,stable,0.1.0
2545,volatile,0.1.0
2546,stable,0.1.0
2547,borderline,0.1.0
2548,stable,0.1.0
2549,stable,0.1.0
2550,stable,0.1.0
2551,volatile,0.1.0
2552,volatile,0.1.0
2553,volatile,0.1.0
2554,borderline,0.1.0
2555,stable,0.1.0
2556,volatile,0.1.0
2557,stable,0.1.0
2558,stable,0.1.0
2559,volatile,0.1.0
2560,stable,0.1.0
2561,volatile,0.1.0
2562,volatile,0.1.0
2563,borderline,0.1.0
2564,volatile,0.1.0
2565,volatile,0.1.0
2566,stable,0.1.0
2567,stable,0.1.0
2568,stable,0.1.0
2569,volatile,0.1.0
2570,borderline,0.1.0
2571,stable,0.1.0
2572,volatile,0.1.0
2573,borderline,0.1.0
2574,borderline,0.1.0
2575,volatile,0.1.0
2576,volatile,0.1.0
2577,volatile,0.1.0
2578,borderline,0.1.0
2579,stable,0.1.0
2580,borderline,0.1.0
2581,stable,0.1.0
2582,borderline,0.1.0
2583,stable,0.1.0
2584,stable,0.1.0
2585,stable,0.1.0
2586,volatile,0.1.0
2587,stable,0.1.0
2588,stable,0.1.0
2589,volatile,0.1.0
2590,volatile,0.1.0
2591,borderline,0.1.0
2592,borderline,0.1.0
2593,volatile,0.1.0
2594,stable,0.1.0
2595,stable,0.1.0
2596,borderline,0.1.0
2597,stable,0.1.0
2598,volatile,0.1.0
2599,borderline,0.1.0
2600,borderline,0.1.0
2601,volatile,0.1.0
2602,volatile,0.1.0
2603,volatile,0.1.0
2604,borderline,0.1.0
2605,stable,0.1.0
2606,stable,0.1.0
2607,volatile,0.1.0
2608,stable,0.1.0
2609,volatile,0.1.0
2610,stable,0.1.0
2611,borderline,0.1.0
2612,borderline,0.1.0
2613,volatile,0.1.0
2614,borderline,0.1.0
2615,stable,0.1.0
2616,volatile,0.1.0
2617,stable,0.1.0
2618,borderline,0.1.0
2619,borderline,0.1.0
2620,borderline,0.1.0
2621,borderline,0.1.0
2622,borderline,0.1.0
2623,stable,0.1.0
2624,borderline,0.1.0
2625,volatile,0.1.0
2626,volatile,0.1.0
2627,volatile,0.1.0
2628,stable,0.1.0
2629,stable,0.1.0
2630,stable,0.1.0
2631,stable,0.1.0
2632,volatile,0.1.0
2633,borderline,0.1.0
2634,volatile,0.1.0
2635,volatile,0.1.0
2636,volatile,0.1.0
2637,volatile,0.1.0
2638,stable,0.1.0
2639,borderline,0.1.0
2640,stable,0.1.0
2641,borderline,0.1.0
2642,borderline,0.1.0
2643,volatile,0.1.0
2644,borderline,0.1.0
2645,stable,0.1.0
2646,borderline,0.1.0
2647,borderline,0.1.0
2648,borderline,0.1.0
2649,volatile,0.1.0
2650,borderline,0.1.0
2651,borderline,0.1.0
2652,volatile,0.1.0
2653,borderline,0.1.0
2654,borderline,0.1.0
2655,volatile,0.1.0
2656,borderline,0.1.0
2657,stable,0.1.0
2658,volatile,0.1.0
2659,stable,0.1.0
2660,stable,0.1.0
2661,borderline,0.1.0
2662,stable,0.1.0
2663,stable,0.1.0
2664,stable,0.1.0
2665,volatile,0.1.0
2666,borderline,0.1.0
2667,borderline,0.1.0
2668,stable,0.1.0
2669,volatile,0.1.0
2670,volatile,0.1.0
2671,volatile,0.1.0
2672,volatile,0.1.0
2673,stable,0.1.0
2674,volatile,0.1.0
2675,volatile,0.1.0
2676,volatile,0.1.0
2677,volatile,0.1.0
2678,borderline,0.1.0
2679,borderline,0.1.0
2680,stable,0.1.0
2681,borderline,0.1.0
2682,borderline,0.1.0
2683,stable,0.1.0
2684,volatile,0.1.0
2685,stable,0.1.0
2686,borderline,0.1.0
2687,stable,0.1.0
2688,volatile,0.1.0
2689,stable,0.1.0
2690,volatile,0.1.0
2691,borderline,0.1.0
2692,stable,0.1.0
2693,borderline,0.1.0
2694,borderline,0.1.0
2695,borderline,0.1.0
2696,stable,0.1.0
2697,borderline,0.1.0
2698,stable,0.1.0
2699,stable,0.1.0
2700,borderline,0.1.0
2701,volatile,0.1.0
2702,volatile,0.1.0
2703,stable,0.1.0
2704,borderline,0.1.0
2705,borderline,0.1.0
2706,volatile,0.1.0
2707,borderline,0.1.0
2708,stable,0.1.0
2709,stable,0.1.0
2710,volatile,0.1.0
2711,borderline,0.1.0
2712,stable,0.1.0
2713,stable,0.1.0
2714,stable,0.1.0
2715,borderline,0.1.0
2716,stable,0.1.0
2717,volatile,0.1.0
2718,borderline,0.1.0
2719,stable,0.1.0
2720,volatile,0.1.0
2721,volatile,0.1.0
2722,borderline,0.1.0
2723,stable,0.1.0
2724,volatile,0.1.0
2725,stable,0.1.0
2726,borderline,0.1.0
2727,borderline,0.1.0
2728,stable,0.1.0
2729,stable,0.1.0
2730,borderline,0.1.0
2731,stable,0.1.0
2732,stable,0.1.0
2733,volatile,0.1.0
2734,stable,0.1.0
2735,stable,0.1.0
2736,volatile,0.1.0
2737,stable,0.1.0
2738,volatile,0.1.0
2739,borderline,0.1.0
2740,volatile,0.1.0
2741,stable,0.1.0
2742,borderline,0.1.0
2743,stable,0.1.0
2744,borderline,0.1.0
2745,stable,0.1.0
2746,borderline,0.1.0
2747,stable,0.1.0
2748,stable,0.1.0
2749,volatile,0.1.0
2750,stable,0.1.0
2751,stable,0.1.0
2752,borderline,0.1.0
2753,borderline,0.1.0
2754,stable,0.1.0
2755,borderline,0.1.0
2756,borderline,0.1.0
2757,borderline,0.1.0
2758,volatile,0.1.0
2759,volatile,0.1.0
2760,volatile,0.1.0
2761,volatile,0.1.0
2762,borderline,0.1.0
2763,stable,0.1.0
2764,stable,0.1.0
2765,stable,0.1.0
2766,borderline,0.1.0
2767,volatile,0.1.0
2768,volatile,0.1.0
2769,borderline,0.1.0
2770,borderline,0.1.0
2771,stable,0.1.0
2772,borderline,0.1.0
2773,borderline,0.1.0
2774,stable,0.1.0
2775,borderline,0.1.0
2776,stable,0.1.0
2777,volatile,0.1.0
2778,volatile,0.1.0
2779,stable,0.1.0
2780,stable,0.1.0
2781,stable,0.1.0
2782,stable,0.1.0
2783,volatile,0.1.0
2784,stable,0.1.0
2785,stable,0.1.0
2786,volatile,0.1.0
2787,volatile,0.1.0
2788,volatile,0.1.0
2789,borderline,0.1.0
2790,stable,0.1.0
2791,borderline,0.1.0
2792,stable,0.1.0
2793,borderline,0.1.0
2794,borderline,0.1.0
2795,borderline,0.1.0
2796,volatile,0.1.0
2797,volatile,0.1.0
2798,stable,0.1.0
2799,volatile,0.1.0
2800,borderline,0.1.0
2801,borderline,0.1.0
2802,volatile,0.1.0
2803,stable,0.1.0
2804,volatile,0.1.0
2805,stable,0.1.0
2806,stable,0.1.0
2807,stable,0.1.0
2808,borderline,0.1.0
2809,stable,0.1.0
2810,stable,0.1.0
2811,stable,0.1.0
2812,borderline,0.1.0
2813,volatile,0.1.0
2814,stable,0.1.0
2815,stable,0.1.0
2816,volatile,0.1.0
2817,stable,0.1.0
2818,volatile,0.1.0
2819,volatile,0.1.0
2820,borderline,0.1.0
2821,stable,0.1.0
2822,volatile,0.1.0
2823,stable,0.1.0
2824,borderline,0.1.0
2825,borderline,0.1.0
2826,borderline,0.1.0
2827,volatile,0.1.0
2828,stable,0.1.0
2829,borderline,0.1.0
2830,borderline,0.1.0
2831,stable,0.1.0
2832,volatile,0.1.0
2833,volatile,0.1.0
2834,borderline,0.1.0
2835,volatile,0.1.0
2836,volatile,0.1.0
2837,volatile,0.1.0
2838,stable,0.1.0
2839,stable,0.1.0
2840,stable,0.1.0
2841,borderline,0.1.0
2842,volatile,0.1.0
2843,volatile,0.1.0
2844,stable,0.1.0
2845,stable,0.1.0
2846,volatile,0.1.0
2847,stable,0.1.0
2848,stable,0.1.0
2849,borderline,0.1.0
2850,stable,0.1.0
2851,stable,0.1.0
2852,volatile,0.1.0
2853,borderline,0.1.0
2854,stable,0.1.0
2855,borderline,0.1.0
2856,borderline,0.1.0
2857,volatile,0.1.0
2858,volatile,0.1.0
2859,borderline,0.1.0
2860,volatile,0.1.0
2861,volatile,0.1.0
2862,volatile,0.1.0
2863,stable,0.1.0
2864,stable,0.1.0
2865,volatile,0.1.0
2866,stable,0.1.0
2867,volatile,0.1.0
2868,volatile,0.1.0
2869,borderline,0.1.0
2870,stable,0.1.0
2871,volatile,0.1.0
2872,volatile,0.1.0
2873,stable,0.1.0
2874,stable,0.1.0
2875,stable,0.1.0
2876,stable,0.1.0
2877,stable,0.1.0
2878,volatile,0.1.0
2879,volatile,0.1.0
2880,stable,0.1.0
2881,stable,0.1.0
2882,stable,0.1.0
2883,volatile,0.1.0
2884,stable,0.1.0
2885,volatile,0.1.0
2886,stable,0.1.0
2887,stable,0.1.0
2888,borderline,0.1.0
2889,stable,0.1.0
2890,stable,0.1.0
2891,stable,0.1.0
2892,borderline,0.1.0
2893,volatile,0.1.0
2894,volatile,0.1.0
2895,borderline,0.1.0
2896,stable,0.1.0
2897,borderline,0.1.0
2898,stable,0.1.0
2899,volatile,0.1.0
2900,volatile,0.1.0
2901,stable,0.1.0
2902,borderline,0.1.0
2903,stable,0.1.0
2904,borderline,0.1.0
2905,stable,0.1.0
2906,volatile,0.1.0
2907,borderline,0.1.0
2908,stable,0.1.0
2909,borderline,0.1.0
2910,volatile,0.1.0
2911,borderline,0.1.0
2912,stable,0.1.0
2913,volatile,0.1.0
2914,volatile,0.1.0
2915,volatile,0.1.0
2916,stable,0.1.0
2917,stable,0.1.0
2918,borderline,0.1.0
2919,stable,0.1.0
2920,borderline,0.1.0
2921,borderline,0.1.0
2922,stable,0.1.0
2923,stable,0.1.0
2924,volatile,0.1.0
2925,stable,0.1.0
2926,volatile,0.1.0
2927,volatile,0.1.0
2928,volatile,0.1.0
2929,stable,0.1.0
2930,volatile,0.1.0
2931,volatile,0.1.0
2932,stable,0.1.0
2933,volatile,0.1.0
2934,borderline,0.1.0
2935,volatile,0.1.0
2936,volatile,0.1.0
2937,stable,0.1.0
2938,stable,0.1.0
2939,stable,0.1.0
2940,stable,0.1.0
2941,borderline,0.1.0
2942,stable,0.1.0
2943,borderline,0.1.0
2944,stable,0.1.0
2945,stable,0.1.0
2946,volatile,0.1.0
2947,stable,0.1.0
2948,borderline,0.1.0
2949,borderline,0.1.0
2950,borderline,0.1.0
2951,stable,0.1.0
2952,borderline,0.1.0
2953,stable,0.1.0
2954,borderline,0.1.0
2955,volatile,0.1.0
2956,stable,0.1.0
2957,stable,0.1.0
2958,stable,0.1.0
2959,stable,0.1.0
2960,borderline,0.1.0
2961,borderline,0.1.0
2962,borderline,0.1.0
2963,stable,0.1.0
2964,volatile,0.1.0
2965,stable,0.1.0
2966,volatile,0.1.0
2967,stable,0.1.0
2968,stable,0.1.0
2969,volatile,0.1.0
2970,stable,0.1.0
2971,volatile,0.1.0
2972,volatile,0.1.0
2973,stable,0.1.0
2974,borderline,0.1.0
2975,volatile,0.1.0
2976,borderline,0.1.0
2977,volatile,0.1.0
2978,borderline,0.1.0
2979,borderline,0.1.0
2980,borderline,0.1.0
2981,volatile,0.1.0
2982,stable,0.1.0
2983,stable,0.1.0
2984,volatile,0.1.0
2985,stable,0.1.0
2986,stable,0.1.0
2987,stable,0.1.0
2988,volatile,0.1.0
2989,stable,0.1.0
2990,volatile,0.1.0
2991,borderline,0.1.0
2992,borderline,0.1.0
2993,stable,0.1.0
2994,volatile,0.1.0
2995,volatile,0.1.0
2996,volatile,0.1.0
2997,volatile,0.1.0
2998,stable,0.1.0
2999,borderline,0.1.0
3000,stable,0.1.0
3001,borderline,0.1.0
3002,volatile,0.1.0
3003,stable,0.1.0
3004,borderline,0.1.0
3005,stable,0.1.0
3006,borderline,0.1.0
3007,volatile,0.1.0
3008,stable,0.1.0
3009,stable,0.1.0
3010,borderline,0.1.0
3011,stable,0.1.0
3012,borderline,0.1.0
3013,borderline,0.1.0
3014,volatile,0.1.0
3015,stable,0.1.0
3016,borderline,0.1.0
3017,borderline,0.1.0
3018,stable,0.1.0
3019,stable,0.1.0
3020,stable,0.1.0
3021,stable,0.1.0
3022,borderline,0.1.0
3023,volatile,0.1.0
3024,volatile,0.1.0
3025,stable,0.1.0
3026,stable,0.1.0
3027,stable,0.1.0
3028,borderline,0.1.0
3029,volatile,0.1.0
3030,stable,0.1.0
3031,borderline,0.1.0
3032,stable,0.1.0
3033,stable,0.1.0
3034,stable,0.1.0
3035,borderline,0.1.0
3036,borderline,0.1.0
3037,volatile,0.1.0
3038,stable,0.1.0
3039,stable,0.1.0
3040,volatile,0.1.0
3041,stable,0.1.0
3042,borderline,0.1.0
3043,borderline,0.1.0
3044,volatile,0.1.0
3045,borderline,0.1.0
3046,borderline,0.1.0
3047,volatile,0.1.0
3048,volatile,0.1.0
3049,borderline,0.1.0
3050,stable,0.1.0
3051,borderline,0.1.0
3052,stable,0.1.0
3053,volatile,0.1.0
3054,borderline,0.1.0
3055,volatile,0.1.0
3056,volatile,0.1.0
3057,volatile,0.1.0
3058,stable,0.1.0
3059,stable,0.1.0
3060,stable,0.1.0
3061,volatile,0.1.0
3062,volatile,0.1.0
3063,stable,0.1.0
3064,borderline,0.1.0
3065,stable,0.1.0
3066,volatile,0.1.0
3067,volatile,0.1.0
3068,stable,0.1.0
3069,borderline,0.1.0
3070,volatile,0.1.0
3071,stable,0.1.0
3072,borderline,0.1.0
3073,borderline,0.1.0
3074,borderline,0.1.0
3075,borderline,0.1.0
3076,borderline,0.1.0
3077,stable,0.1.0
3078,volatile,0.1.0
3079,volatile,0.1.0
3080,stable,0.1.0
3081,stable,0.1.0
3082,stable,0.1.0
3083,volatile,0.1.0
3084,borderline,0.1.0
3085,borderline,0.1.0
3086,stable,0.1.0
3087,stable,0.1.0
3088,volatile,0.1.0
3089,volatile,0.1.0
3090,borderline,0.1.0
3091,borderline,0.1.0
3092,borderline,0.1.0
3093,borderline,0.1.0
3094,borderline,0.1.0
3095,volatile,0.1.0
3096,stable,0.1.0
3097,stable,0.1.0
3098,stable,0.1.0
3099,stable,0.1.0
3100,stable,0.1.0
3101,borderline,0.1.0
3102,stable,0.1.0
3103,borderline,0.1.0
3104,borderline,0.1.0
3105,volatile,0.1.0
3106,volatile,0.1.0
3107,stable,0.1.0
3108,volatile,0.1.0
3109,stable,0.1.0
3110,borderline,0.1.0
3111,stable,0.1.0
3112,stable,0.1.0
3113,borderline,0.1.0
3114,volatile,0.1.0
3115,volatile,0.1.0
3116,volatile,0.1.0
3117,stable,0.1.0
3118,volatile,0.1.0
3119,stable,0.1.0
3120,stable,0.1.0
3121,stable,0.1.0
3122,stable,0.1.0
3123,stable,0.1.0
3124,volatile,0.1.0
3125,stable,0.1.0
3126,stable,0.1.0
3127,volatile,0.1.0
3128,stable,0.1.0
3129,volatile,0.1.0
3130,borderline,0.1.0
3131,volatile,0.1.0
3132,borderline,0.1.0
3133,stable,0.1.0
3134,stable,0.1.0
3135,borderline,0.1.0
3136,borderline,0.1.0
3137,borderline,0.1.0
3138,stable,0.1.0
3139,borderline,0.1.0
3140,stable,0.1.0
3141,stable,0.1.0
3142,stable,0.1.0
3143,borderline,0.1.0
3144,stable,0.1.0
3145,borderline,0.1.0
3146,volatile,0.1.0
3147,borderline,0.1.0
3148,borderline,0.1.0
3149,borderline,0.1.0
3150,stable,0.1.0
3151,stable,0.1.0
3152,volatile,0.1.0
3153,stable,0.1.0
3154,stable,0.1.0
3155,stable,0.1.0
3156,stable,0.1.0
3157,stable,0.1.0
3158,stable,0.1.0
3159,borderline,0.1.0
3160,stable,0.1.0
3161,borderline,0.1.0
3162,borderline,0.1.0
3163,stable,0.1.0
3164,borderline,0.1.0
3165,volatile,0.1.0
3166,volatile,0.1.0
3167,stable,0.1.0
3168,stable,0.1.0
3169,stable,0.1.0
3170,volatile,0.1.0
3171,borderline,0.1.0
3172,volatile,0.1.0
3173,borderline,0.1.0
3174,borderline,0.1.0
3175,volatile,0.1.0
3176,stable,0.1.0
3177,borderline,0.1.0
3178,stable,0.1.0
3179,stable,0.1.0
3180,volatile,0.1.0
3181,borderline,0.1.0
3182,stable,0.1.0
3183,volatile,0.1.0
3184,stable,0.1.0
3185,stable,0.1.0
3186,stable,0.1.0
3187,borderline,0.1.0
3188,borderline,0.1.0
3189,stable,0.1.0
3190,stable,0.1.0
3191,stable,0.1.0
3192,stable,0.1.0
3193,volatile,0.1.0
3194,volatile,0.1.0
3195,volatile,0.1.0
3196,stable,0.1.0
3197,volatile,0.1.0
3198,stable,0.1.0
3199,stable,0.1.0
3200,borderline,0.1.0
3201,borderline,0.1.0
3202,borderline,0.1.0
3203,borderline,0.1.0
3204,volatile,0.1.0
3205,borderline,0.1.0
3206,volatile,0.1.0
3207,stable,0.1.0
3208,stable,0.1.0
3209,stable,0.1.0
3210,stable,0.1.0
3211,stable,0.1.0
3212,borderline,0.1.0
3213,borderline,0.1.0
3214,volatile,0.1.0
3215,stable,0.1.0
3216,borderline,0.1.0
3217,stable,0.1.0
3218,stable,0.1.0
3219,stable,0.1.0
3220,stable,0.1.0
3221,stable,0.1.0
3222,borderline,0.1.0
3223,borderline,0.1.0
3224,volatile,0.1.0
3225,stable,0.1.0
3226,borderline,0.1.0
3227,volatile,0.1.0
3228,stable,0.1.0
3229,volatile,0.1.0
3230,volatile,0.1.0
3231,volatile,0.1.0
3232,stable,0.1.0
3233,volatile,0.1.0
3234,stable,0.1.0
3235,stable,0.1.0
3236,stable,0.1.0
3237,borderline,0.1.0
3238,stable,0.1.0
3239,stable,0.1.0
3240,stable,0.1.0
3241,borderline,0.1.0
3242,volatile,0.1.0
3243,borderline,0.1.0
3244,stable,0.1.0
3245,stable,0.1.0
3246,volatile,0.1.0
3247,stable,0.1.0
3248,borderline,0.1.0
3249,borderline,0.1.0
3250,volatile,0.1.0
3251,borderline,0.1.0
3252,volatile,0.1.0
3253,stable,0.1.0
3254,volatile,0.1.0
3255,stable,0.1.0
3256,borderline,0.1.0
3257,stable,0.1.0
3258,stable,0.1.0
3259,volatile,0.1.0
3260,stable,0.1.0
3261,stable,0.1.0
3262,volatile,0.1.0
3263,stable,0.1.0
3264,volatile,0.1.0
3265,stable,0.1.0
3266,stable,0.1.0
3267,stable,0.1.0
3268,borderline,0.1.0
3269,borderline,0.1.0
3270,stable,0.1.0
3271,borderline,0.1.0
3272,volatile,0.1.0
3273,volatile,0.1.0
3274,borderline,0.1.0
3275,borderline,0.1.0
3276,borderline,0.1.0
3277,volatile,0.1.0
3278,volatile,0.1.0
3279,stable,0.1.0
3280,stable,0.1.0
3281,volatile,0.1.0
3282,stable,0.1.0
3283,stable,0.1.0
3284,stable,0.1.0
3285,stable,0.1.0
3286,volatile,0.1.0
3287,volatile,0.1.0
3288,volatile,0.1.0
3289,stable,0.1.0
3290,volatile,0.1.0
3291,stable,0.1.0
3292,borderline,0.1.0
3293,volatile,0.1.0
3294,volatile,0.1.0
3295,volatile,0.1.0
3296,borderline,0.1.0
3297,borderline,0.1.0
3298,volatile,0.1.0
3299,volatile,0.1.0
3300,stable,0.1.0
3301,borderline,0.1.0
3302,stable,0.1.0
3303,stable,0.1.0
3304,borderline,0.1.0
3305,borderline,0.1.0
3306,stable,0.1.0
3307,stable,0.1.0
3308,stable,0.1.0
3309,volatile,0.1.0
3310,stable,0.1.0
3311,borderline,0.1.0
3312,borderline,0.1.0
3313,volatile,0.1.0
3314,volatile,0.1.0
3315,stable,0.1.0
3316,stable,0.1.0
3317,borderline,0.1.0
3318,stable,0.1.0
3319,stable,0.1.0
3320,stable,0.1.0
3321,stable,0.1.0
3322,volatile,0.1.0
3323,borderline,0.1.0
3324,borderline,0.1.0
3325,volatile,0.1.0
3326,borderline,0.1.0
3327,volatile,0.1.0
3328,borderline,0.1.0
3329,volatile,0.1.0
3330,stable,0.1.0
3331,borderline,0.1.0
3332,stable,0.1.0
3333,stable,0.1.0
3334,stable,0.1.0
3335,stable,0.1.0
3336,stable,0.1.0
3337,volatile,0.1.0
3338,borderline,0.1.0
3339,stable,0.1.0
3340,volatile,0.1.0
3341,stable,0.1.0
3342,borderline,0.1.0
3343,stable,0.1.0
3344,stable,0.1.0
3345,volatile,0.1.0
3346,volatile,0.1.0
3347,borderline,0.1.0
3348,volatile,0.1.0
3349,borderline,0.1.0
3350,stable,0.1.0
3351,stable,0.1.0
3352,stable,0.1.0
3353,stable,0.1.0
3354,stable,0.1.0
3355,volatile,0.1.0
3356,stable,0.1.0
3357,volatile,0.1.0
3358,volatile,0.1.0
3359,volatile,0.1.0
3360,volatile,0.1.0
3361,stable,0.1.0
3362,stable,0.1.0
3363,volatile,0.1.0
3364,volatile,0.1.0
3365,stable,0.1.0
3366,stable,0.1.0
3367,volatile,0.1.0
3368,volatile,0.1.0
3369,stable,0.1.0
3370,volatile,0.1.0
3371,borderline,0.1.0
3372,stable,0.1.0
3373,borderline,0.1.0
3374,stable,0.1.0
3375,volatile,0.1.0
3376,volatile,0.1.0
3377,stable,0.1.0
3378,borderline,0.1.0
3379,volatile,0.1.0
3380,borderline,0.1.0
3381,stable,0.1.0
3382,borderline,0.1.0
3383,borderline,0.1.0
3384,volatile,0.1.0
3385,stable,0.1.0
3386,volatile,0.1.0
3387,volatile,0.1.0
3388,borderline,0.1.0
3389,volatile,0.1.0
3390,stable,0.1.0
3391,stable,0.1.0
3392,volatile,0.1.0
3393,borderline,0.1.0
3394,stable,0.1.0
3395,borderline,0.1.0
3396,borderline,0.1.0
3397,stable,0.1.0
3398,stable,0.1.0
3399,volatile,0.1.0
3400,volatile,0.1.0
3401,stable,0.1.0
3402,borderline,0.1.0
3403,volatile,0.1.0
3404,borderline,0.1.0
3405,borderline,0.1.0
3406,borderline,0.1.0
3407,volatile,0.1.0
3408,stable,0.1.0
3409,volatile,0.1.0
3410,stable,0.1.0
3411,volatile,0.1.0
3412,stable,0.1.0
3413,volatile,0.1.0
3414,stable,0.1.0
3415,stable,0.1.0
3416,stable,0.1.0
3417,volatile,0.1.0
3418,borderline,0.1.0
3419,stable,0.1.0
3420,borderline,0.1.0
3421,borderline,0.1.0
3422,stable,0.1.0
3423,volatile,0.1.0
3424,volatile,0.1.0
3425,stable,0.1.0
3426,volatile,0.1.0
3427,stable,0.1.0
3428,borderline,0.1.0
3429,borderline,0.1.0
3430,borderline,0.1.0
3431,volatile,0.1.0
3432,volatile,0.1.0
3433,borderline,0.1.0
3434,stable,0.1.0
3435,stable,0.1.0
3436,volatile,0.1.0
3437,stable,0.1.0
3438,stable,0.1.0
3439,stable,0.1.0
3440,volatile,0.1.0
3441,stable,0.1.0
3442,stable,0.1.0
3443,stable,0.1.0
3444,stable,0.1.0
3445,borderline,0.1.0
3446,stable,0.1.0
3447,volatile,0.1.0
3448,borderline,0.1.0
3449,stable,0.1.0
3450,borderline,0.1.0
3451,volatile,0.1.0
3452,volatile,0.1.0
3453,stable,0.1.0
3454,stable,0.1.0
3455,borderline,0.1.0
3456,borderline,0.1.0
3457,borderline,0.1.0
3458,borderline,0.1.0
3459,stable,0.1.0
3460,borderline,0.1.0
3461,volatile,0.1.0
3462,borderline,0.1.0
3463,stable,0.1.0
3464,stable,0.1.0
3465,borderline,0.1.0
3466,borderline,0.1.0
3467,volatile,0.1.0
3468,stable,0.1.0
3469,stable,0.1.0
3470,borderline,0.1.0
3471,volatile,0.1.0
3472,volatile,0.1.0
3473,volatile,0.1.0
3474,volatile,0.1.0
3475,volatile,0.1.0
3476,volatile,0.1.0
3477,borderline,0.1.0
3478,borderline,0.1.0
3479,borderline,0.1.0
3480,volatile,0.1.0
3481,volatile,0.1.0
3482,borderline,0.1.0
3483,borderline,0.1.0
3484,volatile,0.1.0
3485,volatile,0.1.0
3486,borderline,0.1.0
3487,volatile,0.1.0
3488,borderline,0.1.0
3489,stable,0.1.0
3490,volatile,0.1.0
3491,volatile,0.1.0
3492,stable,0.1.0
3493,borderline,0.1.0
3494,volatile,0.1.0
3495,stable,0.1.0
3496,borderline,0.1.0
3497,borderline,0.1.0
3498,borderline,0.1.0
3499,stable,0.1.0
3500,borderline,0.1.0
3501,volatile,0.1.0
3502,volatile,0.1.0
3503,stable,0.1.0
3504,volatile,0.1.0
3505,borderline,0.1.0
3506,volatile,0.1.0
3507,volatile,0.1.0
3508,borderline,0.1.0
3509,volatile,0.1.0
3510,stable,0.1.0
3511,borderline,0.1.0
3512,borderline,0.1.0
3513,borderline,0.1.0
3514,borderline,0.1.0
3515,borderline,0.1.0
3516,borderline,0.1.0
3517,volatile,0.1.0
3518,stable,0.1.0
3519,volatile,0.1.0
3520,borderline,0.1.0
3521,volatile,0.1.0
3522,borderline,0.1.0
3523,stable,0.1.0
3524,stable,0.1.0
3525,volatile,0.1.0
3526,volatile,0.1.0
3527,stable,0.1.0
3528,stable,0.1.0
3529,borderline,0.1.0
3530,volatile,0.1.0
3531,stable,0.1.0
3532,stable,0.1.0
3533,volatile,0.1.0
3534,stable,0.1.0
3535,borderline,0.1.0
3536,borderline,0.1.0
3537,stable,0.1.0
3538,volatile,0.1.0
3539,stable,0.1.0
3540,stable,0.1.0
3541,borderline,0.1.0
3542,volatile,0.1.0
3543,borderline,0.1.0
3544,stable,0.1.0
3545,stable,0.1.0
3546,volatile,0.1.0
3547,volatile,0.1.0
3548,borderline,0.1.0
3549,stable,0.1.0
3550,borderline,0.1.0
3551,borderline,0.1.0
3552,volatile,0.1.0
3553,stable,0.1.0
3554,volatile,0.1.0
3555,stable,0.1.0
3556,borderline,0.1.0
3557,volatile,0.1.0
3558,borderline,0.1.0
3559,volatile,0.1.0
3560,volatile,0.1.0
3561,borderline,0.1.0
3562,volatile,0.1.0
3563,borderline,0.1.0
3564,stable,0.1.0
3565,borderline,0.1.0
3566,borderline,0.1.0
3567,borderline,0.1.0
3568,volatile,0.1.0
3569,borderline,0.1.0
3570,stable,0.1.0
3571,borderline,0.1.0
3572,stable,0.1.0
3573,stable,0.1.0
3574,volatile,0.1.0
3575,stable,0.1.0
3576,stable,0.1.0
3577,borderline,0.1.0
3578,stable,0.1.0
3579,borderline,0.1.0
3580,stable,0.1.0
3581,borderline,0.1.0
3582,borderline,0.1.0
3583,volatile,0.1.0
3584,borderline,0.1.0
3585,borderline,0.1.0
3586,borderline,0.1.0
3587,stable,0.1.0
3588,volatile,0.1.0
3589,borderline,0.1.0
3590,stable,0.1.0
3591,borderline,0.1.0
3592,stable,0.1.0
3593,borderline,0.1.0
3594,stable,0.1.0
3595,stable,0.1.0
3596,borderline,0.1.0
3597,borderline,0.1.0
3598,borderline,0.1.0
3599,borderline,0.1.0
3600,volatile,0.1.0
3601,stable,0.1.0
3602,stable,0.1.0
3603,volatile,0.1.0
3604,stable,0.1.0
3605,borderline,0.1.0
3606,stable,0.1.0
3607,stable,0.1.0
3608,stable,0.1.0
3609,stable,0.1.0
3610,stable,0.1.0
3611,volatile,0.1.0
3612,stable,0.1.0
3613,volatile,0.1.0
3614,borderline,0.1.0
3615,volatile,0.1.0
3616,volatile,0.1.0
3617,stable,0.1.0
3618,stable,0.1.0
3619,stable,0.1.0
3620,borderline,0.1.0
3621,volatile,0.1.0
3622,stable,0.1.0
3623,volatile,0.1.0
3624,borderline,0.1.0
3625,volatile,0.1.0
3626,volatile,0.1.0
3627,borderline,0.1.0
3628,volatile,0.1.0
3629,volatile,0.1.0
3630,stable,0.1.0
3631,stable,0.1.0
3632,borderline,0.1.0
3633,volatile,0.1.0
3634,volatile,0.1.0
3635,volatile,0.1.0
3636,stable,0.1.0
3637,borderline,0.1.0
3638,stable,0.1.0
3639,borderline,0.1.0
3640,volatile,0.1.0
3641,stable,0.1.0
3642,stable,0.1.0
3643,borderline,0.1.0
3644,stable,0.1.0
3645,stable,0.1.0
3646,borderline,0.1.0
3647,stable,0.1.0
3648,stable,0.1.0
3649,stable,0.1.0
3650,borderline,0.1.0
3651,stable,0.1.0
3652,stable,0.1.0
3653,stable,0.1.0
3654,stable,0.1.0
3655,stable,0.1.0
3656,stable,0.1.0
3657,stable,0.1.0
3658,volatile,0.1.0
3659,borderline,0.1.0
3660,stable,0.1.0
3661,stable,0.1.0
3662,borderline,0.1.0
3663,borderline,0.1.0
3664,volatile,0.1.0
3665,stable,0.1.0
3666,volatile,0.1.0
3667,stable,0.1.0
3668,stable,0.1.0
3669,stable,0.1.0
3670,volatile,0.1.0
3671,stable,0.1.0
3672,volatile,0.1.0
3673,stable,0.1.0
3674,stable,0.1.0
3675,borderline,0.1.0
3676,borderline,0.1.0
3677,stable,0.1.0
3678,volatile,0.1.0
3679,stable,0.1.0
3680,stable,0.1.0
3681,borderline,0.1.0
3682,stable,0.1.0
3683,volatile,0.1.0
3684,volatile,0.1.0
3685,stable,0.1.0
3686,stable,0.1.0
3687,stable,0.1.0
3688,borderline,0.1.0
3689,volatile,0.1.0
3690,stable,0.1.0
3691,stable,0.1.0
3692,volatile,0.1.0
3693,stable,0.1.0
3694,volatile,0.1.0
3695,borderline,0.1.0
3696,volatile,0.1.0
3697,stable,0.1.0
3698,stable,0.1.0
3699,stable,0.1.0
3700,volatile,0.1.0
3701,borderline,0.1.0
3702,stable,0.1.0
3703,volatile,0.1.0
3704,volatile,0.1.0
3705,stable,0.1.0
3706,stable,0.1.0
3707,stable,0.1.0
3708,volatile,0.1.0
3709,volatile,0.1.0
3710,borderline,0.1.0
3711,borderline,0.1.0
3712,borderline,0.1.0
3713,borderline,0.1.0
3714,borderline,0.1.0
3715,borderline,0.1.0
3716,borderline,0.1.0
3717,borderline,0.1.0
3718,borderline,0.1.0
3719,borderline,0.1.0
3720,volatile,0.1.0
3721,volatile,0.1.0
3722,volatile,0.1.0
3723,borderline,0.1.0
3724,volatile,0.1.0
3725,borderline,0.1.0
3726,borderline,0.1.0
3727,borderline,0.1.0
3728,stable,0.1.0
3729,borderline,0.1.0
3730,borderline,0.1.0
3731,borderline,0.1.0
3732,borderline,0.1.0
3733,volatile,0.1.0
3734,volatile,0.1.0
3735,stable,0.1.0
3736,borderline,0.1.0
3737,stable,0.1.0
3738,borderline,0.1.0
3739,borderline,0.1.0
3740,volatile,0.1.0
3741,stable,0.1.0
3742,stable,0.1.0
3743,borderline,0.1.0
3744,volatile,0.1.0
3745,stable,0.1.0
3746,borderline,0.1.0
3747,stable,0.1.0
3748,borderline,0.1.0
3749,stable,0.1.0
3750,stable,0.1.0
3751,stable,0.1.0
3752,volatile,0.1.0
3753,volatile,0.1.0
3754,borderline,0.1.0
3755,volatile,0.1.0
3756,stable,0.1.0
3757,stable,0.1.0
3758,stable,0.1.0
3759,borderline,0.1.0
3760,stable,0.1.0
3761,borderline,0.1.0
3762,stable,0.1.0
3763,stable,0.1.0
3764,stable,0.1.0
3765,stable,0.1.0
3766,borderline,0.1.0
3767,volatile,0.1.0
3768,stable,0.1.0
3769,volatile,0.1.0
3770,volatile,0.1.0
3771,borderline,0.1.0
3772,borderline,0.1.0
3773,volatile,0.1.0
3774,borderline,0.1.0
3775,borderline,0.1.0
3776,volatile,0.1.0
3777,borderline,0.1.0
3778,stable,0.1.0
3779,borderline,0.1.0
3780,borderline,0.1.0
3781,stable,0.1.0
3782,borderline,0.1.0
3783,borderline,0.1.0
3784,stable,0.1.0
3785,volatile,0.1.0
3786,borderline,0.1.0
3787,borderline,0.1.0
3788,stable,0.1.0
3789,stable,0.1.0
3790,volatile,0.1.0
3791,stable,0.1.0
3792,stable,0.1.0
3793,stable,0.1.0
3794,stable,0.1.0
3795,volatile,0.1.0
3796,volatile,0.1.0
3797,volatile,0.1.0
3798,borderline,0.1.0
3799,volatile,0.1.0
3800,stable,0.1.0
3801,stable,0.1.0
3802,stable,0.1.0
3803,stable,0.1.0
3804,stable,0.1.0
3805,stable,0.1.0
3806,stable,0.1.0
3807,volatile,0.1.0
3808,volatile,0.1.0
3809,borderline,0.1.0
3810,borderline,0.1.0
3811,volatile,0.1.0
3812,stable,0.1.0
3813,volatile,0.1.0
3814,stable,0.1.0
3815,volatile,0.1.0
3816,stable,0.1.0
3817,volatile,0.1.0
3818,stable,0.1.0
3819,volatile,0.1.0
3820,borderline,0.1.0
3821,borderline,0.1.0
3822,volatile,0.1.0
3823,volatile,0.1.0
3824,stable,0.1.0
3825,borderline,0.1.0
3826,volatile,0.1.0
3827,stable,0.1.0
3828,stable,0.1.0
3829,borderline,0.1.0
3830,volatile,0.1.0
3831,volatile,0.1.0
3832,volatile,0.1.0
3833,volatile,0.1.0
3834,volatile,0.1.0
3835,stable,0.1.0
3836,volatile,0.1.0
3837,volatile,0.1.0
3838,stable,0.1.0
3839,borderline,0.1.0
3840,stable,0.1.0
3841,volatile,0.1.0
3842,volatile,0.1.0
3843,volatile,0.1.0
3844,volatile,0.1.0
3845,borderline,0.1.0
3846,volatile,0.1.0
3847,borderline,0.1.0
3848,borderline,0.1.0
3849,stable,0.1.0
3850,stable,0.1.0
3851,volatile,0.1.0
3852,stable,0.1.0
3853,stable,0.1.0
3854,stable,0.1.0
3855,volatile,0.1.0
3856,stable,0.1.0
3857,borderline,0.1.0
3858,volatile,0.1.0
3859,borderline,0.1.0
3860,stable,0.1.0
3861,volatile,0.1.0
3862,stable,0.1.0
3863,volatile,0.1.0
3864,stable,0.1.0
3865,borderline,0.1.0
3866,stable,0.1.0
3867,volatile,0.1.0
3868,stable,0.1.0
3869,volatile,0.1.0
3870,volatile,0.1.0
3871,stable,0.1.0
3872,stable,0.1.0
3873,stable,0.1.0
3874,stable,0.1.0
3875,borderline,0.1.0
3876,volatile,0.1.0
3877,stable,0.1.0
3878,borderline,0.1.0
3879,stable,0.1.0
3880,volatile,0.1.0
3881,borderline,0.1.0
3882,borderline,0.1.0
3883,borderline,0.1.0
3884,volatile,0.1.0
3885,borderline,0.1.0
3886,stable,0.1.0
3887,borderline,0.1.0
3888,borderline,0.1.0
3889,borderline,0.1.0
3890,stable,0.1.0
3891,stable,0.1.0
3892,volatile,0.1.0
3893,volatile,0.1.0
3894,volatile,0.1.0
3895,borderline,0.1.0
3896,volatile,0.1.0
3897,stable,0.1.0
3898,volatile,0.1.0
3899,stable,0.1.0
3900,stable,0.1.0
3901,stable,0.1.0
3902,borderline,0.1.0
3903,borderline,0.1.0
3904,volatile,0.1.0
3905,stable,0.1.0
3906,volatile,0.1.0
3907,borderline,0.1.0
3908,borderline,0.1.0
3909,volatile,0.1.0
3910,borderline,0.1.0
3911,volatile,0.1.0
3912,volatile,0.1.0
3913,borderline,0.1.0
3914,stable,0.1.0
3915,stable,0.1.0
3916,stable,0.1.0
3917,volatile,0.1.0
3918,volatile,0.1.0
3919,volatile,0.1.0
3920,volatile,0.1.0
3921,stable,0.1.0
3922,borderline,0.1.0
3923,stable,0.1.0
3924,borderline,0.1.0
3925,stable,0.1.0
3926,volatile,0.1.0
3927,volatile,0.1.0
3928,borderline,0.1.0
3929,stable,0.1.0
3930,borderline,0.1.0
3931,volatile,0.1.0
3932,volatile,0.1.0
3933,volatile,0.1.0
3934,stable,0.1.0
3935,volatile,0.1.0
3936,stable,0.1.0
3937,stable,0.1.0
3938,volatile,0.1.0
3939,volatile,0.1.0
3940,stable,0.1.0
3941,stable,0.1.0
3942,stable,0.1.0
3943,stable,0.1.0
3944,volatile,0.1.0
3945,stable,0.1.0
3946,borderline,0.1.0
3947,stable,0.1.0
3948,stable,0.1.0
3949,borderline,0.1.0
3950,stable,0.1.0
3951,volatile,0.1.0
3952,borderline,0.1.0
3953,borderline,0.1.0
3954,borderline,0.1.0
3955,stable,0.1.0
3956,volatile,0.1.0
3957,borderline,0.1.0
3958,borderline,0.1.0
3959,stable,0.1.0
3960,stable,0.1.0
3961,stable,0.1.0
3962,stable,0.1.0
3963,volatile,0.1.0
3964,stable,0.1.0
3965,stable,0.1.0
3966,stable,0.1.0
3967,volatile,0.1.0
3968,stable,0.1.0
3969,volatile,0.1.0
3970,stable,0.1.0
3971,borderline,0.1.0
3972,stable,0.1.0
3973,volatile,0.1.0
3974,stable,0.1.0
3975,stable,0.1.0
3976,stable,0.1.0
3977,stable,0.1.0
3978,stable,0.1.0
3979,volatile,0.1.0
3980,volatile,0.1.0
3981,stable,0.1.0
3982,volatile,0.1.0
3983,volatile,0.1.0
3984,stable,0.1.0
3985,stable,0.1.0
3986,stable,0.1.0
3987,stable,0.1.0
3988,volatile,0.1.0
3989,borderline,0.1.0
3990,borderline,0.1.0
3991,borderline,0.1.0
3992,volatile,0.1.0
3993,stable,0.1.0
3994,stable,0.1.0
3995,stable,0.1.0
3996,stable,0.1.0
3997,stable,0.1.0
3998,volatile,0.1.0
3999,stable,0.1.0
4000,stable,0.1.0
4001,borderline,0.1.0
4002,stable,0.1.0
4003,borderline,0.1.0
4004,stable,0.1.0
4005,volatile,0.1.0
4006,stable,0.1.0
4007,volatile,0.1.0
4008,stable,0.1.0
4009,stable,0.1.0
4010,volatile,0.1.0
4011,stable,0.1.0
4012,stable,0.1.0
4013,borderline,0.1.0
4014,stable,0.1.0
4015,volatile,0.1.0
4016,volatile,0.1.0
4017,stable,0.1.0
4018,volatile,0.1.0
4019,stable,0.1.0
4020,borderline,0.1.0
4021,stable,0.1.0
4022,stable,0.1.0
4023,stable,0.1.0
4024,borderline,0.1.0
4025,borderline,0.1.0
4026,borderline,0.1.0
4027,volatile,0.1.0
4028,volatile,0.1.0
4029,volatile,0.1.0
4030,borderline,0.1.0
4031,volatile,0.1.0
4032,stable,0.1.0
4033,volatile,0.1.0
4034,volatile,0.1.0
4035,stable,0.1.0
4036,stable,0.1.0
4037,stable,0.1.0
4038,borderline,0.1.0
4039,stable,0.1.0
4040,borderline,0.1.0
4041,volatile,0.1.0
4042,borderline,0.1.0
4043,stable,0.1.0
4044,borderline,0.1.0
4045,volatile,0.1.0
4046,stable,0.1.0
4047,stable,0.1.0
4048,stable,0.1.0
4049,stable,0.1.0
4050,borderline,0.1.0
4051,borderline,0.1.0
4052,volatile,0.1.0
4053,volatile,0.1.0
4054,volatile,0.1.0
4055,borderline,0.1.0
4056,borderline,0.1.0
4057,stable,0.1.0
4058,borderline,0.1.0
4059,stable,0.1.0
4060,borderline,0.1.0
4061,borderline,0.1.0
4062,borderline,0.1.0
4063,stable,0.1.0
4064,volatile,0.1.0
4065,stable,0.1.0
4066,borderline,0.1.0
4067,stable,0.1.0
4068,volatile,0.1.0
4069,borderline,0.1.0
4070,stable,0.1.0
4071,stable,0.1.0
4072,volatile,0.1.0
4073,volatile,0.1.0
4074,stable,0.1.0
4075,stable,0.1.0
4076,volatile,0.1.0
4077,volatile,0.1.0
4078,volatile,0.1.0
4079,stable,0.1.0
4080,volatile,0.1.0
4081,stable,0.1.0
4082,stable,0.1.0
4083,borderline,0.1.0
4084,stable,0.1.0
4085,volatile,0.1.0
4086,borderline,0.1.0
4087,volatile,0.1.0
4088,volatile,0.1.0
4089,stable,0.1.0
4090,stable,0.1.0
4091,stable,0.1.0
4092,borderline,0.1.0
4093,borderline,0.1.0
4094,stable,0.1.0
4095,stable,0.1.0
4096,stable,0.1.0
4097,volatile,0.1.0
4098,volatile,0.1.0
4099,volatile,0.1.0
4100,borderline,0.1.0
4101,stable,0.1.0
4102,volatile,0.1.0
4103,volatile,0.1.0
4104,stable,0.1.0
4105,borderline,0.1.0
4106,stable,0.1.0
4107,borderline,0.1.0
4108,borderline,0.1.0
4109,borderline,0.1.0
4110,volatile,0.1.0
4111,stable,0.1.0
4112,borderline,0.1.0
4113,borderline,0.1.0
4114,volatile,0.1.0
4115,borderline,0.1.0
4116,stable,0.1.0
4117,volatile,0.1.0
4118,borderline,0.1.0
4119,stable,0.1.0
4120,volatile,0.1.0
4121,borderline,0.1.0
4122,borderline,0.1.0
4123,borderline,0.1.0
4124,stable,0.1.0
4125,borderline,0.1.0
4126,stable,0.1.0
4127,volatile,0.1.0
4128,volatile,0.1.0
4129,borderline,0.1.0
4130,borderline,0.1.0
4131,borderline,0.1.0
4132,volatile,0.1.0
4133,volatile,0.1.0
4134,volatile,0.1.0
4135,volatile,0.1.0
4136,stable,0.1.0
4137,volatile,0.1.0
4138,borderline,0.1.0
4139,borderline,0.1.0
4140,borderline,0.1.0
4141,stable,0.1.0
4142,volatile,0.1.0
4143,stable,0.1.0
4144,stable,0.1.0
4145,volatile,0.1.0
4146,stable,0.1.0
4147,stable,0.1.0
4148,volatile,0.1.0
4149,volatile,0.1.0
4150,volatile,0.1.0
4151,stable,0.1.0
4152,volatile,0.1.0
4153,volatile,0.1.0
4154,volatile,0.1.0
4155,volatile,0.1.0
4156,stable,0.1.0
4157,borderline,0.1.0
4158,stable,0.1.0
4159,volatile,0.1.0
4160,stable,0.1.0
4161,volatile,0.1.0
4162,stable,0.1.0
4163,borderline,0.1.0
4164,stable,0.1.0
4165,volatile,0.1.0
4166,stable,0.1.0
4167,stable,0.1.0
4168,volatile,0.1.0
4169,volatile,0.1.0
4170,volatile,0.1.0
4171,borderline,0.1.0
4172,borderline,0.1.0
4173,borderline,0.1.0
4174,stable,0.1.0
4175,borderline,0.1.0
4176,volatile,0.1.0
4177,volatile,0.1.0
4178,borderline,0.1.0
4179,volatile,0.1.0
4180,borderline,0.1.0
4181,borderline,0.1.0
4182,stable,0.1.0
4183,volatile,0.1.0
4184,volatile,0.1.0
4185,borderline,0.1.0
4186,borderline,0.1.0
4187,stable,0.1.0
4188,stable,0.1.0
4189,stable,0.1.0
4190,volatile,0.1.0
4191,stable,0.1.0
4192,borderline,0.1.0
4193,volatile,0.1.0
4194,borderline,0.1.0
4195,stable,0.1.0
4196,volatile,0.1.0
4197,stable,0.1.0
4198,borderline,0.1.0
4199,stable,0.1.0
4200,stable,0.1.0
4201,stable,0.1.0
4202,borderline,0.1.0
4203,stable,0.1.0
4204,volatile,0.1.0
4205,borderline,0.1.0
4206,borderline,0.1.0
4207,stable,0.1.0
4208,stable,0.1.0
4209,volatile,0.1.0
4210,stable,0.1.0
4211,volatile,0.1.0
4212,stable,0.1.0
4213,volatile,0.1.0
4214,stable,0.1.0
4215,volatile,0.1.0
4216,stable,0.1.0
4217,volatile,0.1.0
4218,stable,0.1.0
4219,borderline,0.1.0
4220,volatile,0.1.0
4221,stable,0.1.0
4222,stable,0.1.0
4223,stable,0.1.0
4224,stable,0.1.0
4225,stable,0.1.0
4226,borderline,0.1.0
4227,volatile,0.1.0
4228,stable,0.1.0
4229,volatile,0.1.0
4230,stable,0.1.0
4231,borderline,0.1.0
4232,stable,0.1.0
4233,borderline,0.1.0
4234,borderline,0.1.0
4235,stable,0.1.0
4236,stable,0.1.0
4237,stable,0.1.0
4238,borderline,0.1.0
4239,volatile,0.1.0
4240,volatile,0.1.0
4241,borderline,0.1.0
4242,borderline,0.1.0
4243,volatile,0.1.0
4244,volatile,0.1.0
4245,borderline,0.1.0
4246,stable,0.1.0
4247,borderline,0.1.0
4248,stable,0.1.0
4249,stable,0.1.0
4250,borderline,0.1.0
4251,stable,0.1.0
4252,stable,0.1.0
4253,stable,0.1.0
4254,volatile,0.1.0
4255,borderline,0.1.0
4256,stable,0.1.0
4257,stable,0.1.0
4258,volatile,0.1.0
4259,borderline,0.1.0
4260,stable,0.1.0
4261,borderline,0.1.0
4262,borderline,0.1.0
4263,stable,0.1.0
4264,borderline,0.1.0
4265,volatile,0.1.0
4266,volatile,0.1.0
4267,volatile,0.1.0
4268,borderline,0.1.0
4269,borderline,0.1.0
4270,borderline,0.1.0
4271,borderline,0.1.0
4272,volatile,0.1.0
4273,borderline,0.1.0
4274,borderline,0.1.0
4275,stable,0.1.0
4276,stable,0.1.0
4277,volatile,0.1.0
4278,borderline,0.1.0
4279,stable,0.1.0
4280,borderline,0.1.0
4281,stable,0.1.0
4282,stable,0.1.0
4283,volatile,0.1.0
4284,stable,0.1.0
4285,borderline,0.1.0
4286,stable,0.1.0
4287,borderline,0.1.0
4288,stable,0.1.0
4289,borderline,0.1.0
4290,volatile,0.1.0
4291,stable,0.1.0
4292,stable,0.1.0
4293,stable,0.1.0
4294,volatile,0.1.0
4295,borderline,0.1.0
4296,volatile,0.1.0
4297,volatile,0.1.0
4298,volatile,0.1.0
4299,volatile,0.1.0
4300,volatile,0.1.0
4301,volatile,0.1.0
4302,borderline,0.1.0
4303,borderline,0.1.0
4304,stable,0.1.0
4305,stable,0.1.0
4306,stable,0.1.0
4307,volatile,0.1.0
4308,stable,0.1.0
4309,borderline,0.1.0
4310,volatile,0.1.0
4311,volatile,0.1.0
4312,borderline,0.1.0
4313,stable,0.1.0
4314,borderline,0.1.0
4315,stable,0.1.0
4316,volatile,0.1.0
4317,borderline,0.1.0
4318,borderline,0.1.0
4319,borderline,0.1.0
4320,stable,0.1.0
4321,borderline,0.1.0
4322,volatile,0.1.0
4323,volatile,0.1.0
4324,stable,0.1.0
4325,stable,0.1.0
4326,volatile,0.1.0
4327,stable,0.1.0
4328,borderline,0.1.0
4329,borderline,0.1.0
4330,borderline,0.1.0
4331,stable,0.1.0
4332,borderline,0.1.0
4333,stable,0.1.0
4334,volatile,0.1.0
4335,borderline,0.1.0
4336,stable,0.1.0
4337,stable,0.1.0
4338,stable,0.1.0
4339,volatile,0.1.0
4340,borderline,0.1.0
4341,stable,0.1.0
4342,stable,0.1.0
4343,volatile,0.1.0
4344,stable,0.1.0
4345,borderline,0.1.0
4346,borderline,0.1.0
4347,borderline,0.1.0
4348,borderline,0.1.0
4349,volatile,0.1.0
4350,borderline,0.1.0
4351,stable,0.1.0
4352,stable,0.1.0
4353,volatile,0.1.0
4354,stable,0.1.0
4355,borderline,0.1.0
4356,volatile,0.1.0
4357,borderline,0.1.0
4358,stable,0.1.0
4359,volatile,0.1.0
4360,borderline,0.1.0
4361,stable,0.1.0
4362,volatile,0.1.0
4363,volatile,0.1.0
4364,borderline,0.1.0
4365,borderline,0.1.0
4366,stable,0.1.0
4367,volatile,0.1.0
4368,volatile,0.1.0
4369,stable,0.1.0
4370,volatile,0.1.0
4371,stable,0.1.0
4372,stable,0.1.0
4373,volatile,0.1.0
4374,stable,0.1.0
4375,volatile,0.1.0
4376,stable,0.1.0
4377,borderline,0.1.0
4378,stable,0.1.0
4379,borderline,0.1.0
4380,stable,0.1.0
4381,volatile,0.1.0
4382,stable,0.1.0
4383,stable,0.1.0
4384,volatile,0.1.0
4385,borderline,0.1.0
4386,borderline,0.1.0
4387,stable,0.1.0
4388,stable,0.1.0
4389,borderline,0.1.0
4390,volatile,0.1.0
4391,stable,0.1.0
4392,borderline,0.1.0
4393,volatile,0.1.0
4394,volatile,0.1.0
4395,stable,0.1.0
4396,volatile,0.1.0
4397,stable,0.1.0
4398,borderline,0.1.0
4399,stable,0.1.0
4400,borderline,0.1.0
4401,borderline,0.1.0
4402,borderline,0.1.0
4403,stable,0.1.0
4404,stable,0.1.0
4405,volatile,0.1.0
4406,volatile,0.1.0
4407,borderline,0.1.0
4408,stable,0.1.0
4409,borderline,0.1.0
4410,stable,0.1.0
4411,stable,0.1.0
4412,stable,0.1.0
4413,borderline,0.1.0
4414,stable,0.1.0
4415,stable,0.1.0
4416,borderline,0.1.0
4417,volatile,0.1.0
4418,stable,0.1.0
4419,stable,0.1.0
4420,volatile,0.1.0
4421,stable,0.1.0
4422,stable,0.1.0
4423,volatile,0.1.0
4424,stable,0.1.0
4425,volatile,0.1.0
4426,stable,0.1.0
4427,stable,0.1.0
4428,stable,0.1.0
4429,stable,0.1.0
4430,stable,0.1.0
4431,stable,0.1.0
4432,borderline,0.1.0
4433,borderline,0.1.0
4434,stable,0.1.0
4435,volatile,0.1.0
4436,volatile,0.1.0
4437,borderline,0.1.0
4438,stable,0.1.0
4439,stable,0.1.0
4440,stable,0.1.0
4441,stable,0.1.0
4442,stable,0.1.0
4443,borderline,0.1.0
4444,borderline,0.1.0
4445,stable,0.1.0
4446,volatile,0.1.0
4447,stable,0.1.0
4448,volatile,0.1.0
4449,volatile,0.1.0
4450,stable,0.1.0
4451,borderline,0.1.0
4452,borderline,0.1.0
4453,volatile,0.1.0
4454,volatile,0.1.0
4455,volatile,0.1.0
4456,stable,0.1.0
4457,stable,0.1.0
4458,volatile,0.1.0
4459,stable,0.1.0
4460,borderline,0.1.0
4461,volatile,0.1.0
4462,volatile,0.1.0
4463,stable,0.1.0
4464,borderline,0.1.0
4465,stable,0.1.0
4466,stable,0.1.0
4467,stable,0.1.0
4468,volatile,0.1.0
4469,borderline,0.1.0
4470,stable,0.1.0
4471,borderline,0.1.0
4472,stable,0.1.0
4473,volatile,0.1.0
4474,stable,0.1.0
4475,volatile,0.1.0
4476,volatile,0.1.0
4477,volatile,0.1.0
4478,stable,0.1.0
4479,borderline,0.1.0
4480,borderline,0.1.0
4481,volatile,0.1.0
4482,volatile,0.1.0
4483,borderline,0.1.0
4484,stable,0.1.0
4485,borderline,0.1.0
4486,stable,0.1.0
4487,borderline,0.1.0
4488,stable,0.1.0
4489,stable,0.1.0
4490,volatile,0.1.0
4491,volatile,0.1.0
4492,borderline,0.1.0
4493,borderline,0.1.0
4494,stable,0.1.0
4495,stable,0.1.0
4496,stable,0.1.0
4497,volatile,0.1.0
4498,volatile,0.1.0
4499,borderline,0.1.0
4500,borderline,0.1.0
4501,stable,0.1.0
4502,volatile,0.1.0
4503,volatile,0.1.0
4504,volatile,0.1.0
4505,stable,0.1.0
4506,stable,0.1.0
4507,volatile,0.1.0
4508,stable,0.1.0
4509,borderline,0.1.0
4510,stable,0.1.0
4511,volatile,0.1.0
4512,volatile,0.1.0
4513,borderline,0.1.0
4514,stable,0.1.0
4515,stable,0.1.0
4516,stable,0.1.0
4517,volatile,0.1.0
4518,stable,0.1.0
4519,borderline,0.1.0
4520,stable,0.1.0
4521,stable,0.1.0
4522,volatile,0.1.0
4523,borderline,0.1.0
4524,borderline,0.1.0
4525,borderline,0.1.0
4526,volatile,0.1.0
4527,borderline,0.1.0
4528,volatile,0.1.0
4529,stable,0.1.0
4530,volatile,0.1.0
4531,borderline,0.1.0
4532,stable,0.1.0
4533,volatile,0.1.0
4534,volatile,0.1.0
4535,volatile,0.1.0
4536,stable,0.1.0
4537,volatile,0.1.0
4538,borderline,0.1.0
4539,stable,0.1.0
4540,stable,0.1.0
4541,stable,0.1.0
4542,stable,0.1.0
4543,borderline,0.1.0
4544,volatile,0.1.0
4545,stable,0.1.0
4546,stable,0.1.0
4547,borderline,0.1.0
4548,stable,0.1.0
4549,borderline,0.1.0
4550,stable,0.1.0
4551,stable,0.1.0
4552,volatile,0.1.0
4553,stable,0.1.0
4554,volatile,0.1.0
4555,stable,0.1.0
4556,borderline,0.1.0
4557,borderline,0.1.0
4558,borderline,0.1.0
4559,stable,0.1.0
4560,borderline,0.1.0
4561,borderline,0.1.0
4562,stable,0.1.0
4563,stable,0.1.0
4564,borderline,0.1.0
4565,stable,0.1.0
4566,volatile,0.1.0
4567,borderline,0.1.0
4568,stable,0.1.0
4569,volatile,0.1.0
4570,volatile,0.1.0
4571,stable,0.1.0
4572,borderline,0.1.0
4573,stable,0.1.0
4574,stable,0.1.0
4575,borderline,0.1.0
4576,stable,0.1.0
4577,borderline,0.1.0
4578,stable,0.1.0
4579,volatile,0.1.0
4580,stable,0.1.0
4581,volatile,0.1.0
4582,borderline,0.1.0
4583,borderline,0.1.0
4584,borderline,0.1.0
4585,volatile,0.1.0
4586,borderline,0.1.0
4587,volatile,0.1.0
4588,borderline,0.1.0
4589,volatile,0.1.0
4590,borderline,0.1.0
4591,stable,0.1.0
4592,volatile,0.1.0
4593,borderline,0.1.0
4594,stable,0.1.0
4595,stable,0.1.0
4596,borderline,0.1.0
4597,volatile,0.1.0
4598,stable,0.1.0
4599,stable,0.1.0
4600,stable,0.1.0
4601,volatile,0.1.0
4602,borderline,0.1.0
4603,borderline,0.1.0
4604,volatile,0.1.0
4605,volatile,0.1.0
4606,stable,0.1.0
4607,borderline,0.1.0
4608,stable,0.1.0
4609,stable,0.1.0
4610,borderline,0.1.0
4611,borderline,0.1.0
4612,stable,0.1.0
4613,volatile,0.1.0
4614,volatile,0.1.0
4615,stable,0.1.0
4616,stable,0.1.0
4617,stable,0.1.0
4618,volatile,0.1.0
4619,volatile,0.1.0
4620,volatile,0.1.0
4621,stable,0.1.0
4622,borderline,0.1.0
4623,volatile,0.1.0
4624,borderline,0.1.0
4625,stable,0.1.0
4626,volatile,0.1.0
4627,borderline,0.1.0
4628,stable,0.1.0
4629,stable,0.1.0
4630,stable,0.1.0
4631,stable,0.1.0
4632,volatile,0.1.0
4633,stable,0.1.0
4634,stable,0.1.0
4635,volatile,0.1.0
4636,stable,0.1.0
4637,stable,0.1.0
4638,volatile,0.1.0
4639,stable,0.1.0
4640,stable,0.1.0
4641,stable,0.1.0
4642,stable,0.1.0
4643,volatile,0.1.0
4644,stable,0.1.0
4645,stable,0.1.0
4646,borderline,0.1.0
4647,borderline,0.1.0
4648,stable,0.1.0
4649,stable,0.1.0
4650,volatile,0.1.0
4651,borderline,0.1.0
4652,borderline,0.1.0
4653,stable,0.1.0
4654,stable,0.1.0
4655,volatile,0.1.0
4656,borderline,0.1.0
4657,borderline,0.1.0
4658,stable,0.1.0
4659,volatile,0.1.0
4660,stable,0.1.0
4661,volatile,0.1.0
4662,borderline,0.1.0
4663,volatile,0.1.0
4664,stable,0.1.0
4665,volatile,0.1.0
4666,volatile,0.1.0
4667,borderline,0.1.0
4668,stable,0.1.0
4669,borderline,0.1.0
4670,stable,0.1.0
4671,stable,0.1.0
4672,stable,0.1.0
4673,stable,0.1.0
4674,stable,0.1.0
4675,volatile,0.1.0
4676,stable,0.1.0
4677,stable,0.1.0
4678,stable,0.1.0
4679,stable,0.1.0
4680,borderline,0.1.0
4681,borderline,0.1.0
4682,stable,0.1.0
4683,borderline,0.1.0
4684,borderline,0.1.0
4685,borderline,0.1.0
4686,stable,0.1.0
4687,stable,0.1.0
4688,volatile,0.1.0
4689,borderline,0.1.0
4690,borderline,0.1.0
4691,volatile,0.1.0
4692,stable,0.1.0
4693,borderline,0.1.0
4694,borderline,0.1.0
4695,stable,0.1.0
4696,volatile,0.1.0
4697,volatile,0.1.0
4698,volatile,0.1.0
4699,volatile,0.1.0
4700,borderline,0.1.0
4701,borderline,0.1.0
4702,volatile,0.1.0
4703,stable,0.1.0
4704,stable,0.1.0
4705,stable,0.1.0
4706,stable,0.1.0
4707,stable,0.1.0
4708,volatile,0.1.0
4709,stable,0.1.0
4710,stable,0.1.0
4711,borderline,0.1.0
4712,stable,0.1.0
4713,volatile,0.1.0
4714,borderline,0.1.0
4715,volatile,0.1.0
4716,stable,0.1.0
4717,stable,0.1.0
4718,volatile,0.1.0
4719,volatile,0.1.0
4720,stable,0.1.0
4721,volatile,0.1.0
4722,volatile,0.1.0
4723,stable,0.1.0
4724,volatile,0.1.0
4725,stable,0.1.0
4726,stable,0.1.0
4727,borderline,0.1.0
4728,stable,0.1.0
4729,volatile,0.1.0
4730,volatile,0.1.0
4731,stable,0.1.0
4732,borderline,0.1.0
4733,stable,0.1.0
4734,stable,0.1.0
4735,borderline,0.1.0
4736,borderline,0.1.0
4737,volatile,0.1.0
4738,stable,0.1.0
4739,stable,0.1.0
4740,volatile,0.1.0
4741,stable,0.1.0
4742,stable,0.1.0
4743,borderline,0.1.0
4744,stable,0.1.0
4745,stable,0.1.0
4746,stable,0.1.0
4747,volatile,0.1.0
4748,volatile,0.1.0
4749,borderline,0.1.0
4750,stable,0.1.0
4751,stable,0.1.0
4752,volatile,0.1.0
4753,stable,0.1.0
4754,volatile,0.1.0
4755,borderline,0.1.0
4756,volatile,0.1.0
4757,volatile,0.1.0
4758,borderline,0.1.0
4759,stable,0.1.0
4760,borderline,0.1.0
4761,volatile,0.1.0
4762,volatile,0.1.0
4763,borderline,0.1.0
4764,volatile,0.1.0
4765,volatile,0.1.0
4766,stable,0.1.0
4767,volatile,0.1.0
4768,volatile,0.1.0
4769,stable,0.1.0
4770,borderline,0.1.0
4771,volatile,0.1.0
4772,stable,0.1.0
4773,stable,0.1.0
4774,volatile,0.1.0
4775,stable,0.1.0
4776,stable,0.1.0
4777,volatile,0.1.0
4778,stable,0.1.0
4779,stable,0.1.0
4780,volatile,0.1.0
4781,stable,0.1.0
4782,borderline,0.1.0
4783,borderline,0.1.0
4784,volatile,0.1.0
4785,borderline,0.1.0
4786,borderline,0.1.0
4787,stable,0.1.0
4788,borderline,0.1.0
4789,stable,0.1.0
4790,volatile,0.1.0
4791,volatile,0.1.0
4792,stable,0.1.0
4793,stable,0.1.0
4794,borderline,0.1.0
4795,stable,0.1.0
4796,stable,0.1.0
4797,stable,0.1.0
4798,volatile,0.1.0
4799,borderline,0.1.0
4800,borderline,0.1.0
4801,volatile,0.1.0
4802,stable,0.1.0
4803,stable,0.1.0
4804,volatile,0.1.0
4805,borderline,0.1.0
4806,borderline,0.1.0
4807,volatile,0.1.0
4808,volatile,0.1.0
4809,volatile,0.1.0
4810,volatile,0.1.0
4811,volatile,0.1.0
4812,volatile,0.1.0
4813,volatile,0.1.0
4814,borderline,0.1.0
4815,volatile,0.1.0
4816,stable,0.1.0
4817,stable,0.1.0
4818,volatile,0.1.0
4819,volatile,0.1.0
4820,volatile,0.1.0
4821,borderline,0.1.0
4822,stable,0.1.0
4823,volatile,0.1.0
4824,borderline,0.1.0
4825,volatile,0.1.0
4826,volatile,0.1.0
4827,stable,0.1.0
4828,volatile,0.1.0
4829,borderline,0.1.0
4830,borderline,0.1.0
4831,volatile,0.1.0
4832,stable,0.1.0
4833,volatile,0.1.0
4834,borderline,0.1.0
4835,stable,0.1.0
4836,borderline,0.1.0
4837,stable,0.1.0
4838,stable,0.1.0
4839,stable,0.1.0
4840,stable,0.1.0
4841,borderline,0.1.0
4842,volatile,0.1.0
4843,stable,0.1.0
4844,volatile,0.1.0
4845,stable,0.1.0
4846,stable,0.1.0
4847,stable,0.1.0
4848,volatile,0.1.0
4849,stable,0.1.0
4850,borderline,0.1.0
4851,stable,0.1.0
4852,borderline,0.1.0
4853,borderline,0.1.0
4854,stable,0.1.0
4855,stable,0.1.0
4856,borderline,0.1.0
4857,volatile,0.1.0
4858,volatile,0.1.0
4859,stable,0.1.0
4860,stable,0.1.0
4861,volatile,0.1.0
4862,borderline,0.1.0
4863,stable,0.1.0
4864,borderline,0.1.0
4865,volatile,0.1.0
4866,stable,0.1.0
4867,stable,0.1.0
4868,stable,0.1.0
4869,volatile,0.1.0
4870,volatile,0.1.0
4871,volatile,0.1.0
4872,stable,0.1.0
4873,volatile,0.1.0
4874,volatile,0.1.0
4875,volatile,0.1.0
4876,volatile,0.1.0
4877,stable,0.1.0
4878,volatile,0.1.0
4879,stable,0.1.0
4880,stable,0.1.0
4881,stable,0.1.0
4882,volatile,0.1.0
4883,volatile,0.1.0
4884,stable,0.1.0
4885,borderline,0.1.0
4886,borderline,0.1.0
4887,stable,0.1.0
4888,volatile,0.1.0
4889,stable,0.1.0
4890,borderline,0.1.0
4891,stable,0.1.0
4892,stable,0.1.0
4893,volatile,0.1.0
4894,stable,0.1.0
4895,volatile,0.1.0
4896,volatile,0.1.0
4897,stable,0.1.0
4898,volatile,0.1.0
4899,borderline,0.1.0
4900,borderline,0.1.0
4901,volatile,0.1.0
4902,stable,0.1.0
4903,stable,0.1.0
4904,borderline,0.1.0
4905,borderline,0.1.0
4906,volatile,0.1.0
4907,borderline,0.1.0
4908,stable,0.1.0
4909,volatile,0.1.0
4910,stable,0.1.0
4911,stable,0.1.0
4912,volatile,0.1.0
4913,stable,0.1.0
4914,borderline,0.1.0
4915,stable,0.1.0
4916,borderline,0.1.0
4917,borderline,0.1.0
4918,volatile,0.1.0
4919,borderline,0.1.0
4920,volatile,0.1.0
4921,stable,0.1.0
4922,stable,0.1.0
4923,stable,0.1.0
4924,borderline,0.1.0
4925,volatile,0.1.0
4926,stable,0.1.0
4927,stable,0.1.0
4928,volatile,0.1.0
4929,borderline,0.1.0
4930,stable,0.1.0
4931,borderline,0.1.0
4932,volatile,0.1.0
4933,borderline,0.1.0
4934,stable,0.1.0
4935,volatile,0.1.0
4936,stable,0.1.0
4937,stable,0.1.0
4938,borderline,0.1.0
4939,volatile,0.1.0
4940,stable,0.1.0
4941,borderline,0.1.0
4942,stable,0.1.0
4943,volatile,0.1.0
4944,borderline,0.1.0
4945,volatile,0.1.0
4946,borderline,0.1.0
4947,volatile,0.1.0
4948,borderline,0.1.0
4949,volatile,0.1.0
4950,volatile,0.1.0
4951,stable,0.1.0
4952,borderline,0.1.0
4953,stable,0.1.0
4954,borderline,0.1.0
4955,stable,0.1.0
4956,stable,0.1.0
4957,borderline,0.1.0
4958,stable,0.1.0
4959,stable,0.1.0
4960,borderline,0.1.0
4961,stable,0.1.0
4962,stable,0.1.0
4963,volatile,0.1.0
4964,stable,0.1.0
4965,stable,0.1.0
4966,stable,0.1.0
4967,stable,0.1.0
4968,stable,0.1.0
4969,stable,0.1.0
4970,volatile,0.1.0
4971,volatile,0.1.0
4972,stable,0.1.0
4973,stable,0.1.0
4974,borderline,0.1.0
4975,volatile,0.1.0
4976,volatile,0.1.0
4977,volatile,0.1.0
4978,stable,0.1.0
4979,borderline,0.1.0
4980,borderline,0.1.0
4981,borderline,0.1.0
4982,stable,0.1.0
4983,stable,0.1.0
4984,stable,0.1.0
4985,stable,0.1.0
4986,stable,0.1.0
4987,volatile,0.1.0
4988,stable,0.1.0
4989,borderline,0.1.0
4990,stable,0.1.0
4991,stable,0.1.0
4992,borderline,0.1.0
4993,borderline,0.1.0
4994,stable,0.1.0
4995,volatile,0.1.0
4996,stable,0.1.0
4997,stable,0.1.0
4998,volatile,0.1.0
4999,stable,0.1.0
5000,volatile,0.1.0
5001,stable,0.1.0
5002,volatile,0.1.0
5003,borderline,0.1.0
5004,stable,0.1.0
5005,stable,0.1.0
5006,volatile,0.1.0
5007,borderline,0.1.0
5008,volatile,0.1.0
5009,borderline,0.1.0
5010,volatile,0.1.0
5011,stable,0.1.0
5012,volatile,0.1.0
5013,stable,0.1.0
5014,borderline,0.1.0
5015,stable,0.1.0
5016,stable,0.1.0
5017,volatile,0.1.0
5018,volatile,0.1.0
5019,volatile,0.1.0
5020,volatile,0.1.0
5021,borderline,0.1.0
5022,borderline,0.1.0
5023,borderline,0.1.0
5024,volatile,0.1.0
5025,volatile,0.1.0
5026,volatile,0.1.0
5027,volatile,0.1.0
5028,stable,0.1.0
5029,volatile,0.1.0
5030,stable,0.1.0
5031,stable,0.1.0
5032,borderline,0.1.0
5033,stable,0.1.0
5034,volatile,0.1.0
5035,volatile,0.1.0
5036,stable,0.1.0
5037,borderline,0.1.0
5038,stable,0.1.0
5039,borderline,0.1.0
5040,borderline,0.1.0
5041,stable,0.1.0
5042,stable,0.1.0
5043,stable,0.1.0
5044,stable,0.1.0
5045,stable,0.1.0
5046,borderline,0.1.0
5047,stable,0.1.0
5048,borderline,0.1.0
5049,stable,0.1.0
5050,borderline,0.1.0
5051,stable,0.1.0
5052,volatile,0.1.0
5053,volatile,0.1.0
5054,stable,0.1.0
5055,borderline,0.1.0
5056,stable,0.1.0
5057,volatile,0.1.0
5058,volatile,0.1.0
5059,volatile,0.1.0
5060,stable,0.1.0
5061,stable,0.1.0
5062,stable,0.1.0
5063,stable,0.1.0
5064,stable,0.1.0
5065,borderline,0.1.0
5066,volatile,0.1.0
5067,volatile,0.1.0
5068,stable,0.1.0
5069,stable,0.1.0
5070,volatile,0.1.0
5071,stable,0.1.0
5072,stable,0.1.0
5073,volatile,0.1.0
5074,volatile,0.1.0
5075,borderline,0.1.0
5076,stable,0.1.0
5077,volatile,0.1.0
5078,stable,0.1.0
5079,stable,0.1.0
5080,borderline,0.1.0
5081,stable,0.1.0
5082,volatile,0.1.0
5083,volatile,0.1.0
5084,stable,0.1.0
5085,borderline,0.1.0
5086,volatile,0.1.0
5087,borderline,0.1.0
5088,volatile,0.1.0
5089,borderline,0.1.0
5090,stable,0.1.0
5091,volatile,0.1.0
5092,borderline,0.1.0
5093,stable,0.1.0
5094,stable,0.1.0
5095,borderline,0.1.0
5096,volatile,0.1.0
5097,volatile,0.1.0
5098,volatile,0.1.0
5099,borderline,0.1.0
5100,borderline,0.1.0
5101,volatile,0.1.0
5102,stable,0.1.0
5103,stable,0.1.0
5104,volatile,0.1.0
5105,borderline,0.1.0
5106,volatile,0.1.0
5107,stable,0.1.0
5108,stable,0.1.0
5109,volatile,0.1.0
5110,borderline,0.1.0
5111,stable,0.1.0
5112,volatile,0.1.0
5113,borderline,0.1.0
5114,borderline,0.1.0
5115,stable,0.1.0
5116,borderline,0.1.0
5117,volatile,0.1.0
5118,borderline,0.1.0
5119,stable,0.1.0
5120,volatile,0.1.0
5121,volatile,0.1.0
5122,stable,0.1.0
5123,volatile,0.1.0
5124,volatile,0.1.0
5125,volatile,0.1.0
5126,stable,0.1.0
5127,volatile,0.1.0
5128,stable,0.1.0
5129,borderline,0.1.0
5130,borderline,0.1.0
5131,stable,0.1.0
5132,stable,0.1.0
5133,stable,0.1.0
5134,volatile,0.1.0
5135,borderline,0.1.0
5136,volatile,0.1.0
5137,stable,0.1.0
5138,stable,0.1.0
5139,stable,0.1.0
5140,borderline,0.1.0
5141,volatile,0.1.0
5142,volatile,0.1.0
5143,stable,0.1.0
5144,borderline,0.1.0
5145,stable,0.1.0
5146,borderline,0.1.0
5147,borderline,0.1.0
5148,volatile,0.1.0
5149,borderline,0.1.0
5150,stable,0.1.0
5151,volatile,0.1.0
5152,stable,0.1.0
5153,volatile,0.1.0
5154,stable,0.1.0
5155,stable,0.1.0
5156,stable,0.1.0
5157,stable,0.1.0
5158,volatile,0.1.0
5159,volatile,0.1.0
5160,stable,0.1.0
5161,borderline,0.1.0
5162,borderline,0.1.0
5163,stable,0.1.0
5164,volatile,0.1.0
5165,volatile,0.1.0
5166,borderline,0.1.0
5167,stable,0.1.0
5168,borderline,0.1.0
5169,stable,0.1.0
5170,stable,0.1.0
5171,borderline,0.1.0
5172,volatile,0.1.0
5173,borderline,0.1.0
5174,stable,0.1.0
5175,stable,0.1.0
5176,stable,0.1.0
5177,stable,0.1.0
5178,stable,0.1.0
5179,volatile,0.1.0
5180,volatile,0.1.0
5181,volatile,0.1.0
5182,stable,0.1.0
5183,stable,0.1.0
5184,volatile,0.1.0
5185,stable,0.1.0
5186,borderline,0.1.0
5187,stable,0.1.0
5188,volatile,0.1.0
5189,borderline,0.1.0
5190,volatile,0.1.0
5191,volatile,0.1.0
5192,volatile,0.1.0
5193,stable,0.1.0
5194,volatile,0.1.0
5195,borderline,0.1.0
5196,borderline,0.1.0
5197,volatile,0.1.0
5198,stable,0.1.0
5199,borderline,0.1.0
5200,volatile,0.1.0
5201,stable,0.1.0
5202,stable,0.1.0
5203,stable,0.1.0
5204,volatile,0.1.0
5205,stable,0.1.0
5206,stable,0.1.0
5207,stable,0.1.0
5208,borderline,0.1.0
5209,stable,0.1.0
5210,stable,0.1.0
5211,volatile,0.1.0
5212,stable,0.1.0
5213,borderline,0.1.0
5214,borderline,0.1.0
5215,volatile,0.1.0
5216,volatile,0.1.0
5217,stable,0.1.0
5218,stable,0.1.0
5219,stable,0.1.0
5220,stable,0.1.0
5221,stable,0.1.0
5222,volatile,0.1.0
5223,stable,0.1.0
5224,stable,0.1.0
5225,volatile,0.1.0
5226,volatile,0.1.0
5227,stable,0.1.0
5228,stable,0.1.0
5229,stable,0.1.0
5230,stable,0.1.0
5231,borderline,0.1.0
5232,borderline,0.1.0
5233,volatile,0.1.0
5234,volatile,0.1.0
5235,borderline,0.1.0
5236,volatile,0.1.0
5237,stable,0.1.0
5238,stable,0.1.0
5239,volatile,0.1.0
5240,volatile,0.1.0
5241,stable,0.1.0
5242,stable,0.1.0
5243,stable,0.1.0
5244,stable,0.1.0
5245,volatile,0.1.0
5246,volatile,0.1.0
5247,volatile,0.1.0
5248,stable,0.1.0
5249,stable,0.1.0
5250,borderline,0.1.0
5251,volatile,0.1.0
5252,stable,0.1.0
5253,stable,0.1.0
5254,borderline,0.1.0
5255,borderline,0.1.0
5256,borderline,0.1.0
5257,volatile,0.1.0
5258,volatile,0.1.0
5259,volatile,0.1.0
5260,stable,0.1.0
5261,volatile,0.1.0
5262,volatile,0.1.0
5263,stable,0.1.0
5264,borderline,0.1.0
5265,stable,0.1.0
5266,stable,0.1.0
5267,stable,0.1.0
5268,borderline,0.1.0
5269,borderline,0.1.0
5270,volatile,0.1.0
5271,borderline,0.1.0
5272,borderline,0.1.0
5273,borderline,0.1.0
5274,borderline,0.1.0
5275,stable,0.1.0
5276,borderline,0.1.0
5277,volatile,0.1.0
5278,borderline,0.1.0
5279,stable,0.1.0
5280,borderline,0.1.0
5281,borderline,0.1.0
5282,stable,0.1.0
5283,borderline,0.1.0
5284,stable,0.1.0
5285,stable,0.1.0
5286,stable,0.1.0
5287,borderline,0.1.0
5288,volatile,0.1.0
5289,stable,0.1.0
5290,volatile,0.1.0
5291,stable,0.1.0
5292,volatile,0.1.0
5293,borderline,0.1.0
5294,volatile,0.1.0
5295,borderline,0.1.0
5296,volatile,0.1.0
5297,borderline,0.1.0
5298,stable,0.1.0
5299,stable,0.1.0
5300,stable,0.1.0
5301,volatile,0.1.0
5302,volatile,0.1.0
5303,borderline,0.1.0
5304,stable,0.1.0
5305,stable,0.1.0
5306,volatile,0.1.0
5307,borderline,0.1.0
5308,stable,0.1.0
5309,stable,0.1.0
5310,stable,0.1.0
5311,volatile,0.1.0
5312,stable,0.1.0
5313,stable,0.1.0
5314,volatile,0.1.0
5315,stable,0.1.0
5316,stable,0.1.0
5317,stable,0.1.0
5318,borderline,0.1.0
5319,volatile,0.1.0
5320,stable,0.1.0
5321,stable,0.1.0
5322,volatile,0.1.0
5323,borderline,0.1.0
5324,stable,0.1.0
5325,stable,0.1.0
5326,stable,0.1.0
5327,volatile,0.1.0
5328,borderline,0.1.0
5329,volatile,0.1.0
5330,stable,0.1.0
5331,borderline,0.1.0
5332,borderline,0.1.0
5333,stable,0.1.0
5334,stable,0.1.0
5335,stable,0.1.0
5336,borderline,0.1.0
5337,volatile,0.1.0
5338,volatile,0.1.0
5339,borderline,0.1.0
5340,stable,0.1.0
5341,stable,0.1.0
5342,stable,0.1.0
5343,borderline,0.1.0
5344,volatile,0.1.0
5345,stable,0.1.0
5346,stable,0.1.0
5347,borderline,0.1.0
5348,borderline,0.1.0
5349,volatile,0.1.0
5350,stable,0.1.0
5351,borderline,0.1.0
5352,borderline,0.1.0
5353,volatile,0.1.0
5354,volatile,0.1.0
5355,borderline,0.1.0
5356,borderline,0.1.0
5357,volatile,0.1.0
5358,volatile,0.1.0
5359,stable,0.1.0
5360,borderline,0.1.0
5361,volatile,0.1.0
5362,stable,0.1.0
5363,stable,0.1.0
5364,borderline,0.1.0
5365,borderline,0.1.0
5366,borderline,0.1.0
5367,volatile,0.1.0
5368,borderline,0.1.0
5369,borderline,0.1.0
5370,stable,0.1.0
5371,stable,0.1.0
5372,borderline,0.1.0
5373,stable,0.1.0
5374,volatile,0.1.0
5375,volatile,0.1.0
5376,volatile,0.1.0
5377,stable,0.1.0
5378,borderline,0.1.0
5379,stable,0.1.0
5380,borderline,0.1.0
5381,stable,0.1.0
5382,volatile,0.1.0
5383,borderline,0.1.0
5384,stable,0.1.0
5385,stable,0.1.0
5386,borderline,0.1.0
5387,stable,0.1.0
5388,stable,0.1.0
5389,volatile,0.1.0
5390,borderline,0.1.0
5391,volatile,0.1.0
5392,stable,0.1.0
5393,borderline,0.1.0
5394,volatile,0.1.0
5395,volatile,0.1.0
5396,volatile,0.1.0
5397,stable,0.1.0
5398,stable,0.1.0
5399,volatile,0.1.0
5400,stable,0.1.0
5401,volatile,0.1.0
5402,stable,0.1.0
5403,stable,0.1.0
5404,stable,0.1.0
5405,volatile,0.1.0
5406,borderline,0.1.0
5407,stable,0.1.0
5408,stable,0.1.0
5409,stable,0.1.0
5410,borderline,0.1.0
5411,stable,0.1.0
5412,borderline,0.1.0
5413,stable,0.1.0
5414,stable,0.1.0
5415,borderline,0.1.0
5416,volatile,0.1.0
5417,stable,0.1.0
5418,borderline,0.1.0
5419,stable,0.1.0
5420,stable,0.1.0
5421,stable,0.1.0
5422,volatile,0.1.0
5423,borderline,0.1.0
5424,stable,0.1.0
5425,borderline,0.1.0
5426,volatile,0.1.0
5427,borderline,0.1.0
5428,borderline,0.1.0
5429,borderline,0.1.0
5430,volatile,0.1.0
5431,stable,0.1.0
5432,volatile,0.1.0
5433,volatile,0.1.0
5434,volatile,0.1.0
5435,borderline,0.1.0
5436,stable,0.1.0
5437,borderline,0.1.0
5438,stable,0.1.0
5439,borderline,0.1.0
5440,stable,0.1.0
5441,stable,0.1.0
5442,borderline,0.1.0
5443,borderline,0.1.0
5444,borderline,0.1.0
5445,borderline,0.1.0
5446,stable,0.1.0
5447,borderline,0.1.0
5448,stable,0.1.0
5449,volatile,0.1.0
5450,volatile,0.1.0
5451,stable,0.1.0
5452,volatile,0.1.0
5453,borderline,0.1.0
5454,stable,0.1.0
5455,borderline,0.1.0
5456,volatile,0.1.0
5457,stable,0.1.0
5458,volatile,0.1.0
5459,stable,0.1.0
5460,stable,0.1.0
5461,volatile,0.1.0
5462,stable,0.1.0
5463,stable,0.1.0
5464,borderline,0.1.0
5465,stable,0.1.0
5466,borderline,0.1.0
5467,borderline,0.1.0
5468,stable,0.1.0
5469,volatile,0.1.0
5470,stable,0.1.0
5471,volatile,0.1.0
5472,stable,0.1.0
5473,borderline,0.1.0
5474,stable,0.1.0
5475,volatile,0.1.0
5476,stable,0.1.0
5477,stable,0.1.0
5478,volatile,0.1.0
5479,volatile,0.1.0
5480,borderline,0.1.0
5481,stable,0.1.0
5482,stable,0.1.0
5483,stable,0.1.0
5484,stable,0.1.0
5485,borderline,0.1.0
5486,borderline,0.1.0
5487,borderline,0.1.0
5488,stable,0.1.0
5489,volatile,0.1.0
5490,borderline,0.1.0
5491,stable,0.1.0
5492,volatile,0.1.0
5493,stable,0.1.0
5494,stable,0.1.0
5495,borderline,0.1.0
5496,stable,0.1.0
5497,borderline,0.1.0
5498,stable,0.1.0
5499,stable,0.1.0
5500,stable,0.1.0
5501,stable,0.1.0
5502,volatile,0.1.0
5503,stable,0.1.0
5504,volatile,0.1.0
5505,borderline,0.1.0
5506,stable,0.1.0
5507,stable,0.1.0
5508,volatile,0.1.0
5509,borderline,0.1.0
5510,volatile,0.1.0
5511,stable,0.1.0
5512,volatile,0.1.0
5513,volatile,0.1.0
5514,stable,0.1.0
5515,stable,0.1.0
5516,borderline,0.1.0
5517,stable,0.1.0
5518,stable,0.1.0
5519,stable,0.1.0
5520,volatile,0.1.0
5521,volatile,0.1.0
5522,stable,0.1.0
5523,volatile,0.1.0
5524,volatile,0.1.0
5525,stable,0.1.0
5526,borderline,0.1.0
5527,stable,0.1.0
5528,stable,0.1.0
5529,borderline,0.1.0
5530,borderline,0.1.0
5531,stable,0.1.0
5532,borderline,0.1.0
5533,volatile,0.1.0
5534,stable,0.1.0
5535,borderline,0.1.0
5536,borderline,0.1.0
5537,stable,0.1.0
5538,volatile,0.1.0
5539,stable,0.1.0
5540,stable,0.1.0
5541,borderline,0.1.0
5542,volatile,0.1.0
5543,volatile,0.1.0
5544,volatile,0.1.0
5545,volatile,0.1.0
5546,stable,0.1.0
5547,borderline,0.1.0
5548,volatile,0.1.0
5549,volatile,0.1.0
5550,volatile,0.1.0
5551,stable,0.1.0
5552,stable,0.1.0
5553,stable,0.1.0
5554,stable,0.1.0
5555,volatile,0.1.0
5556,borderline,0.1.0
5557,stable,0.1.0
5558,stable,0.1.0
5559,volatile,0.1.0
5560,stable,0.1.0
5561,borderline,0.1.0
5562,stable,0.1.0
5563,stable,0.1.0
5564,stable,0.1.0
5565,borderline,0.1.0
5566,stable,0.1.0
5567,volatile,0.1.0
5568,stable,0.1.0
5569,stable,0.1.0
5570,borderline,0.1.0
5571,stable,0.1.0
5572,stable,0.1.0
5573,volatile,0.1.0
5574,borderline,0.1.0
5575,stable,0.1.0
5576,stable,0.1.0
5577,borderline,0.1.0
5578,volatile,0.1.0
5579,borderline,0.1.0
5580,borderline,0.1.0
5581,volatile,0.1.0
5582,stable,0.1.0
5583,stable,0.1.0
5584,borderline,0.1.0
5585,borderline,0.1.0
5586,borderline,0.1.0
5587,volatile,0.1.0
5588,stable,0.1.0
5589,volatile,0.1.0
5590,volatile,0.1.0
5591,volatile,0.1.0
5592,borderline,0.1.0
5593,volatile,0.1.0
5594,stable,0.1.0
5595,volatile,0.1.0
5596,volatile,0.1.0
5597,borderline,0.1.0
5598,volatile,0.1.0
5599,volatile,0.1.0
5600,volatile,0.1.0
5601,volatile,0.1.0
5602,stable,0.1.0
5603,borderline,0.1.0
5604,borderline,0.1.0
5605,volatile,0.1.0
5606,volatile,0.1.0
5607,stable,0.1.0
5608,volatile,0.1.0
5609,volatile,0.1.0
5610,borderline,0.1.0
5611,stable,0.1.0
5612,borderline,0.1.0
5613,stable,0.1.0
5614,volatile,0.1.0
5615,volatile,0.1.0
5616,stable,0.1.0
5617,volatile,0.1.0
5618,borderline,0.1.0
5619,volatile,0.1.0
5620,stable,0.1.0
5621,volatile,0.1.0
5622,stable,0.1.0
5623,volatile,0.1.0
5624,volatile,0.1.0
5625,stable,0.1.0
5626,volatile,0.1.0
5627,borderline,0.1.0
5628,borderline,0.1.0
5629,stable,0.1.0
5630,stable,0.1.0
5631,volatile,0.1.0
5632,stable,0.1.0
5633,volatile,0.1.0
5634,stable,0.1.0
5635,stable,0.1.0
5636,volatile,0.1.0
5637,stable,0.1.0
5638,borderline,0.1.0
5639,stable,0.1.0
5640,volatile,0.1.0
5641,stable,0.1.0
5642,borderline,0.1.0
5643,borderline,0.1.0
5644,stable,0.1.0
5645,volatile,0.1.0
5646,stable,0.1.0
5647,volatile,0.1.0
5648,stable,0.1.0
5649,volatile,0.1.0
5650,stable,0.1.0
5651,borderline,0.1.0
5652,volatile,0.1.0
5653,volatile,0.1.0
5654,stable,0.1.0
5655,stable,0.1.0
5656,stable,0.1.0
5657,borderline,0.1.0
5658,borderline,0.1.0
5659,stable,0.1.0
5660,borderline,0.1.0
5661,volatile,0.1.0
5662,stable,0.1.0
5663,volatile,0.1.0
5664,stable,0.1.0
5665,stable,0.1.0
5666,volatile,0.1.0
5667,stable,0.1.0
5668,borderline,0.1.0
5669,volatile,0.1.0
5670,borderline,0.1.0
5671,volatile,0.1.0
5672,borderline,0.1.0
5673,stable,0.1.0
5674,volatile,0.1.0
5675,volatile,0.1.0
5676,borderline,0.1.0
5677,stable,0.1.0
5678,volatile,0.1.0
5679,borderline,0.1.0
5680,stable,0.1.0
5681,borderline,0.1.0
5682,stable,0.1.0
5683,stable,0.1.0
5684,volatile,0.1.0
5685,volatile,0.1.0
5686,stable,0.1.0
5687,stable,0.1.0
5688,stable,0.1.0
5689,borderline,0.1.0
5690,borderline,0.1.0
5691,volatile,0.1.0
5692,stable,0.1.0
5693,volatile,0.1.0
5694,borderline,0.1.0
5695,borderline,0.1.0
5696,stable,0.1.0
5697,stable,0.1.0
5698,borderline,0.1.0
5699,borderline,0.1.0
5700,stable,0.1.0
5701,borderline,0.1.0
5702,stable,0.1.0
5703,stable,0.1.0
5704,borderline,0.1.0
5705,volatile,0.1.0
5706,volatile,0.1.0
5707,borderline,0.1.0
5708,borderline,0.1.0
5709,stable,0.1.0
5710,volatile,0.1.0
5711,borderline,0.1.0
5712,volatile,0.1.0
5713,borderline,0.1.0
5714,volatile,0.1.0
5715,stable,0.1.0
5716,stable,0.1.0
5717,borderline,0.1.0
5718,borderline,0.1.0
5719,stable,0.1.0
5720,stable,0.1.0
5721,borderline,0.1.0
5722,stable,0.1.0
5723,stable,0.1.0
5724,borderline,0.1.0
5725,borderline,0.1.0
5726,borderline,0.1.0
5727,volatile,0.1.0
5728,stable,0.1.0
5729,borderline,0.1.0
5730,stable,0.1.0
5731,stable,0.1.0
5732,borderline,0.1.0
5733,volatile,0.1.0
5734,borderline,0.1.0
5735,stable,0.1.0
5736,borderline,0.1.0
5737,volatile,0.1.0
5738,volatile,0.1.0
5739,borderline,0.1.0
5740,stable,0.1.0
5741,borderline,0.1.0
5742,volatile,0.1.0
5743,borderline,0.1.0
5744,borderline,0.1.0
5745,volatile,0.1.0
5746,stable,0.1.0
5747,stable,0.1.0
5748,borderline,0.1.0
5749,borderline,0.1.0
5750,borderline,0.1.0
5751,stable,0.1.0
5752,stable,0.1.0
5753,borderline,0.1.0
5754,borderline,0.1.0
5755,stable,0.1.0
5756,volatile,0.1.0
5757,stable,0.1.0
5758,volatile,0.1.0
5759,stable,0.1.0
5760,stable,0.1.0
5761,stable,0.1.0
5762,borderline,0.1.0
5763,borderline,0.1.0
5764,borderline,0.1.0
5765,volatile,0.1.0
5766,volatile,0.1.0
5767,stable,0.1.0
5768,volatile,0.1.0
5769,stable,0.1.0
5770,borderline,0.1.0
5771,borderline,0.1.0
5772,borderline,0.1.0
5773,stable,0.1.0
5774,volatile,0.1.0
5775,stable,0.1.0
5776,stable,0.1.0
5777,borderline,0.1.0
5778,volatile,0.1.0
5779,borderline,0.1.0
5780,stable,0.1.0
5781,borderline,0.1.0
5782,borderline,0.1.0
5783,volatile,0.1.0
5784,borderline,0.1.0
5785,stable,0.1.0
5786,borderline,0.1.0
5787,borderline,0.1.0
5788,borderline,0.1.0
5789,borderline,0.1.0
5790,volatile,0.1.0
5791,borderline,0.1.0
5792,volatile,0.1.0
5793,stable,0.1.0
5794,stable,0.1.0
5795,borderline,0.1.0
5796,volatile,0.1.0
5797,volatile,0.1.0
5798,borderline,0.1.0
5799,volatile,0.1.0
5800,stable,0.1.0
5801,volatile,0.1.0
5802,volatile,0.1.0
5803,borderline,0.1.0
5804,volatile,0.1.0
5805,volatile,0.1.0
5806,borderline,0.1.0
5807,borderline,0.1.0
5808,borderline,0.1.0
5809,stable,0.1.0
5810,borderline,0.1.0
5811,volatile,0.1.0
5812,stable,0.1.0
5813,volatile,0.1.0
5814,borderline,0.1.0
5815,volatile,0.1.0
5816,borderline,0.1.0
5817,stable,0.1.0
5818,stable,0.1.0
5819,stable,0.1.0
5820,volatile,0.1.0
5821,volatile,0.1.0
5822,borderline,0.1.0
5823,borderline,0.1.0
5824,stable,0.1.0
5825,stable,0.1.0
5826,stable,0.1.0
5827,volatile,0.1.0
5828,stable,0.1.0
5829,volatile,0.1.0
5830,borderline,0.1.0
5831,volatile,0.1.0
5832,stable,0.1.0
5833,stable,0.1.0
5834,volatile,0.1.0
5835,volatile,0.1.0
5836,stable,0.1.0
5837,borderline,0.1.0
5838,volatile,0.1.0
5839,volatile,0.1.0
5840,stable,0.1.0
5841,stable,0.1.0
5842,stable,0.1.0
5843,stable,0.1.0
5844,volatile,0.1.0
5845,volatile,0.1.0
5846,borderline,0.1.0
5847,borderline,0.1.0
5848,stable,0.1.0
5849,stable,0.1.0
5850,borderline,0.1.0
5851,borderline,0.1.0
5852,borderline,0.1.0
5853,stable,0.1.0
5854,stable,0.1.0
5855,stable,0.1.0
5856,borderline,0.1.0
5857,volatile,0.1.0
5858,volatile,0.1.0
5859,volatile,0.1.0
5860,stable,0.1.0
5861,volatile,0.1.0
5862,stable,0.1.0
5863,volatile,0.1.0
5864,borderline,0.1.0
5865,volatile,0.1.0
5866,stable,0.1.0
5867,borderline,0.1.0
5868,borderline,0.1.0
5869,stable,0.1.0
5870,stable,0.1.0
5871,volatile,0.1.0
5872,stable,0.1.0
5873,stable,0.1.0
5874,stable,0.1.0
5875,stable,0.1.0
5876,volatile,0.1.0
5877,volatile,0.1.0
5878,stable,0.1.0
5879,borderline,0.1.0
5880,stable,0.1.0
5881,stable,0.1.0
5882,stable,0.1.0
5883,borderline,0.1.0
5884,borderline,0.1.0
5885,volatile,0.1.0
5886,stable,0.1.0
5887,stable,0.1.0
5888,stable,0.1.0
5889,borderline,0.1.0
5890,stable,0.1.0
5891,borderline,0.1.0
5892,volatile,0.1.0
5893,volatile,0.1.0
5894,borderline,0.1.0
5895,stable,0.1.0
5896,borderline,0.1.0
5897,stable,0.1.0
5898,borderline,0.1.0
5899,volatile,0.1.0
5900,stable,0.1.0
5901,borderline,0.1.0
5902,stable,0.1.0
5903,stable,0.1.0
5904,borderline,0.1.0
5905,volatile,0.1.0
5906,borderline,0.1.0
5907,volatile,0.1.0
5908,volatile,0.1.0
5909,stable,0.1.0
5910,stable,0.1.0
5911,borderline,0.1.0
5912,stable,0.1.0
5913,volatile,0.1.0
5914,stable,0.1.0
5915,stable,0.1.0
5916,volatile,0.1.0
5917,borderline,0.1.0
5918,borderline,0.1.0
5919,borderline,0.1.0
5920,stable,0.1.0
5921,volatile,0.1.0
5922,stable,0.1.0
5923,borderline,0.1.0
5924,stable,0.1.0
5925,volatile,0.1.0
5926,stable,0.1.0
5927,borderline,0.1.0
5928,borderline,0.1.0
5929,borderline,0.1.0
5930,stable,0.1.0
5931,borderline,0.1.0
5932,stable,0.1.0
5933,stable,0.1.0
5934,stable,0.1.0
5935,stable,0.1.0
5936,volatile,0.1.0
5937,stable,0.1.0
5938,stable,0.1.0
5939,volatile,0.1.0
5940,borderline,0.1.0
5941,volatile,0.1.0
5942,volatile,0.1.0
5943,stable,0.1.0
5944,borderline,0.1.0
5945,stable,0.1.0
5946,stable,0.1.0
5947,stable,0.1.0
5948,volatile,0.1.0
5949,stable,0.1.0
5950,volatile,0.1.0
5951,stable,0.1.0
5952,volatile,0.1.0
5953,volatile,0.1.0
5954,stable,0.1.0
5955,volatile,0.1.0
5956,volatile,0.1.0
5957,volatile,0.1.0
5958,stable,0.1.0
5959,volatile,0.1.0
5960,stable,0.1.0
5961,stable,0.1.0
5962,stable,0.1.0
5963,volatile,0.1.0
5964,stable,0.1.0
5965,volatile,0.1.0
5966,stable,0.1.0
5967,borderline,0.1.0
5968,stable,0.1.0
5969,volatile,0.1.0
5970,borderline,0.1.0
5971,stable,0.1.0
5972,stable,0.1.0
5973,volatile,0.1.0
5974,borderline,0.1.0
5975,borderline,0.1.0
5976,stable,0.1.0
5977,borderline,0.1.0
5978,stable,0.1.0
5979,stable,0.1.0
5980,volatile,0.1.0
5981,volatile,0.1.0
5982,volatile,0.1.0
5983,borderline,0.1.0
5984,stable,0.1.0
5985,volatile,0.1.0
5986,stable,0.1.0
5987,stable,0.1.0
5988,stable,0.1.0
5989,borderline,0.1.0
5990,volatile,0.1.0
5991,stable,0.1.0
5992,volatile,0.1.0
5993,borderline,0.1.0
5994,borderline,0.1.0
5995,volatile,0.1.0
5996,stable,0.1.0
5997,volatile,0.1.0
5998,borderline,0.1.0
5999,borderline,0.1.0
6000,borderline,0.1.0
6001,volatile,0.1.0
6002,stable,0.1.0
6003,volatile,0.1.0
6004,stable,0.1.0
6005,stable,0.1.0
6006,volatile,0.1.0
6007,volatile,0.1.0
6008,borderline,0.1.0
6009,borderline,0.1.0
6010,borderline,0.1.0
6011,borderline,0.1.0
6012,borderline,0.1.0
6013,stable,0.1.0
6014,volatile,0.1.0
6015,stable,0.1.0
6016,stable,0.1.0
6017,stable,0.1.0
6018,borderline,0.1.0
6019,borderline,0.1.0
6020,borderline,0.1.0
6021,borderline,0.1.0
6022,borderline,0.1.0
6023,stable,0.1.0
6024,borderline,0.1.0
6025,borderline,0.1.0
6026,borderline,0.1.0
6027,stable,0.1.0
6028,stable,0.1.0
6029,borderline,0.1.0
6030,stable,0.1.0
6031,stable,0.1.0
6032,volatile,0.1.0
6033,stable,0.1.0
6034,stable,0.1.0
6035,borderline,0.1.0
6036,borderline,0.1.0
6037,borderline,0.1.0
6038,stable,0.1.0
6039,stable,0.1.0
6040,volatile,0.1.0
6041,volatile,0.1.0
6042,stable,0.1.0
6043,borderline,0.1.0
6044,borderline,0.1.0
6045,volatile,0.1.0
6046,stable,0.1.0
6047,stable,0.1.0
6048,stable,0.1.0
6049,stable,0.1.0
6050,volatile,0.1.0
6051,volatile,0.1.0
6052,volatile,0.1.0
6053,borderline,0.1.0
6054,stable,0.1.0
6055,stable,0.1.0
6056,stable,0.1.0
6057,stable,0.1.0
6058,volatile,0.1.0
6059,borderline,0.1.0
6060,borderline,0.1.0
6061,volatile,0.1.0
6062,volatile,0.1.0
6063,stable,0.1.0
6064,volatile,0.1.0
6065,stable,0.1.0
6066,borderline,0.1.0
6067,volatile,0.1.0
6068,stable,0.1.0
6069,stable,0.1.0
6070,stable,0.1.0
6071,borderline,0.1.0
6072,stable,0.1.0
6073,stable,0.1.0
6074,stable,0.1.0
6075,borderline,0.1.0
6076,volatile,0.1.0
6077,volatile,0.1.0
6078,stable,0.1.0
6079,stable,0.1.0
6080,borderline,0.1.0
6081,stable,0.1.0
6082,stable,0.1.0
6083,volatile,0.1.0
6084,stable,0.1.0
6085,stable,0.1.0
6086,borderline,0.1.0
6087,volatile,0.1.0
6088,stable,0.1.0
6089,stable,0.1.0
6090,borderline,0.1.0
6091,stable,0.1.0
6092,stable,0.1.0
6093,volatile,0.1.0
6094,volatile,0.1.0
6095,borderline,0.1.0
6096,stable,0.1.0
6097,stable,0.1.0
6098,volatile,0.1.0
6099,volatile,0.1.0
6100,stable,0.1.0
6101,volatile,0.1.0
6102,stable,0.1.0
6103,borderline,0.1.0
6104,borderline,0.1.0
6105,volatile,0.1.0
6106,borderline,0.1.0
6107,borderline,0.1.0
6108,stable,0.1.0
6109,stable,0.1.0
6110,volatile,0.1.0
6111,stable,0.1.0
6112,stable,0.1.0
6113,stable,0.1.0
6114,borderline,0.1.0
6115,volatile,0.1.0
6116,borderline,0.1.0
6117,stable,0.1.0
6118,stable,0.1.0
6119,borderline,0.1.0
6120,stable,0.1.0
6121,stable,0.1.0
6122,stable,0.1.0
6123,volatile,0.1.0
6124,stable,0.1.0
6125,stable,0.1.0
6126,stable,0.1.0
6127,stable,0.1.0
6128,stable,0.1.0
6129,volatile,0.1.0
6130,stable,0.1.0
6131,stable,0.1.0
6132,volatile,0.1.0
6133,borderline,0.1.0
6134,stable,0.1.0
6135,stable,0.1.0
6136,stable,0.1.0
6137,borderline,0.1.0
6138,stable,0.1.0
6139,stable,0.1.0
6140,volatile,0.1.0
6141,stable,0.1.0
6142,stable,0.1.0
6143,stable,0.1.0
6144,volatile,0.1.0
6145,volatile,0.1.0
6146,volatile,0.1.0
6147,borderline,0.1.0
6148,stable,0.1.0
6149,borderline,0.1.0
6150,borderline,0.1.0
6151,borderline,0.1.0
6152,borderline,0.1.0
6153,stable,0.1.0
6154,stable,0.1.0
6155,volatile,0.1.0
6156,stable,0.1.0
6157,volatile,0.1.0
6158,stable,0.1.0
6159,stable,0.1.0
6160,borderline,0.1.0
6161,volatile,0.1.0
6162,volatile,0.1.0
6163,stable,0.1.0
6164,volatile,0.1.0
6165,borderline,0.1.0
6166,volatile,0.1.0
6167,volatile,0.1.0
6168,volatile,0.1.0
6169,stable,0.1.0
6170,volatile,0.1.0
6171,borderline,0.1.0
6172,volatile,0.1.0
6173,stable,0.1.0
6174,volatile,0.1.0
6175,volatile,0.1.0
6176,borderline,0.1.0
6177,borderline,0.1.0
6178,stable,0.1.0
6179,stable,0.1.0
6180,volatile,0.1.0
6181,stable,0.1.0
6182,volatile,0.1.0
6183,borderline,0.1.0
6184,volatile,0.1.0
6185,stable,0.1.0
6186,borderline,0.1.0
6187,borderline,0.1.0
6188,stable,0.1.0
6189,volatile,0.1.0
6190,volatile,0.1.0
6191,borderline,0.1.0
6192,stable,0.1.0
6193,stable,0.1.0
6194,volatile,0.1.0
6195,stable,0.1.0
6196,volatile,0.1.0
6197,borderline,0.1.0
6198,stable,0.1.0
6199,volatile,0.1.0
6200,borderline,0.1.0
6201,volatile,0.1.0
6202,volatile,0.1.0
6203,volatile,0.1.0
6204,stable,0.1.0
6205,stable,0.1.0
6206,volatile,0.1.0
6207,stable,0.1.0
6208,stable,0.1.0
6209,stable,0.1.0
6210,borderline,0.1.0
6211,stable,0.1.0
6212,borderline,0.1.0
6213,stable,0.1.0
6214,volatile,0.1.0
6215,stable,0.1.0
6216,stable,0.1.0
6217,volatile,0.1.0
6218,volatile,0.1.0
6219,stable,0.1.0
6220,volatile,0.1.0
6221,volatile,0.1.0
6222,stable,0.1.0
6223,volatile,0.1.0
6224,stable,0.1.0
6225,volatile,0.1.0
6226,stable,0.1.0
6227,volatile,0.1.0
6228,stable,0.1.0
6229,volatile,0.1.0
6230,volatile,0.1.0
6231,borderline,0.1.0
6232,volatile,0.1.0
6233,borderline,0.1.0
6234,stable,0.1.0
6235,stable,0.1.0
6236,stable,0.1.0
6237,volatile,0.1.0
6238,volatile,0.1.0
6239,borderline,0.1.0
6240,volatile,0.1.0
6241,volatile,0.1.0
6242,stable,0.1.0
6243,stable,0.1.0
6244,borderline,0.1.0
6245,stable,0.1.0
6246,stable,0.1.0
6247,borderline,0.1.0
6248,borderline,0.1.0
6249,volatile,0.1.0
6250,stable,0.1.0
6251,borderline,0.1.0
6252,stable,0.1.0
6253,volatile,0.1.0
6254,stable,0.1.0
6255,borderline,0.1.0
6256,borderline,0.1.0
6257,volatile,0.1.0
6258,stable,0.1.0
6259,volatile,0.1.0
6260,stable,0.1.0
6261,borderline,0.1.0
6262,stable,0.1.0
6263,stable,0.1.0
6264,borderline,0.1.0
6265,volatile,0.1.0
6266,borderline,0.1.0
6267,stable,0.1.0
6268,borderline,0.1.0
6269,stable,0.1.0
6270,stable,0.1.0
6271,volatile,0.1.0
6272,stable,0.1.0
6273,volatile,0.1.0
6274,stable,0.1.0
6275,stable,0.1.0
6276,borderline,0.1.0
6277,stable,0.1.0
6278,volatile,0.1.0
6279,borderline,0.1.0
6280,stable,0.1.0
6281,borderline,0.1.0
6282,stable,0.1.0
6283,stable,0.1.0
6284,stable,0.1.0
6285,borderline,0.1.0
6286,volatile,0.1.0
6287,volatile,0.1.0
6288,borderline,0.1.0
6289,stable,0.1.0
6290,borderline,0.1.0
6291,borderline,0.1.0
6292,borderline,0.1.0
6293,borderline,0.1.0
6294,borderline,0.1.0
6295,stable,0.1.0
6296,borderline,0.1.0
6297,borderline,0.1.0
6298,volatile,0.1.0
6299,stable,0.1.0
6300,borderline,0.1.0
6301,stable,0.1.0
6302,volatile,0.1.0
6303,volatile,0.1.0
6304,stable,0.1.0
6305,borderline,0.1.0
6306,stable,0.1.0
6307,volatile,0.1.0
6308,borderline,0.1.0
6309,stable,0.1.0
6310,borderline,0.1.0
6311,stable,0.1.0
6312,borderline,0.1.0
6313,borderline,0.1.0
6314,stable,0.1.0
6315,volatile,0.1.0
6316,volatile,0.1.0
6317,volatile,0.1.0
6318,borderline,0.1.0
6319,volatile,0.1.0
6320,volatile,0.1.0
6321,stable,0.1.0
6322,stable,0.1.0
6323,borderline,0.1.0
6324,stable,0.1.0
6325,volatile,0.1.0
6326,stable,0.1.0
6327,borderline,0.1.0
6328,volatile,0.1.0
6329,volatile,0.1.0
6330,stable,0.1.0
6331,volatile,0.1.0
6332,borderline,0.1.0
6333,volatile,0.1.0
6334,volatile,0.1.0
6335,borderline,0.1.0
6336,stable,0.1.0
6337,volatile,0.1.0
6338,stable,0.1.0
6339,stable,0.1.0
6340,borderline,0.1.0
6341,borderline,0.1.0
6342,borderline,0.1.0
6343,borderline,0.1.0
6344,volatile,0.1.0
6345,stable,0.1.0
6346,volatile,0.1.0
6347,borderline,0.1.0
6348,borderline,0.1.0
6349,volatile,0.1.0
6350,volatile,0.1.0
6351,borderline,0.1.0
6352,borderline,0.1.0
6353,borderline,0.1.0
6354,volatile,0.1.0
6355,stable,0.1.0
6356,volatile,0.1.0
6357,stable,0.1.0
6358,borderline,0.1.0
6359,volatile,0.1.0
6360,volatile,0.1.0
6361,stable,0.1.0
6362,volatile,0.1.0
6363,volatile,0.1.0
6364,stable,0.1.0
6365,borderline,0.1.0
6366,stable,0.1.0
6367,volatile,0.1.0
6368,stable,0.1.0
6369,volatile,0.1.0
6370,borderline,0.1.0
6371,borderline,0.1.0
6372,stable,0.1.0
6373,borderline,0.1.0
6374,borderline,0.1.0
6375,stable,0.1.0
6376,stable,0.1.0
6377,stable,0.1.0
6378,borderline,0.1.0
6379,stable,0.1.0
6380,volatile,0.1.0
6381,borderline,0.1.0
6382,borderline,0.1.0
6383,volatile,0.1.0
6384,borderline,0.1.0
6385,stable,0.1.0
6386,borderline,0.1.0
6387,stable,0.1.0
6388,stable,0.1.0
6389,borderline,0.1.0
6390,stable,0.1.0
6391,stable,0.1.0
6392,volatile,0.1.0
6393,stable,0.1.0
6394,stable,0.1.0
6395,volatile,0.1.0
6396,borderline,0.1.0
6397,borderline,0.1.0
6398,stable,0.1.0
6399,volatile,0.1.0
6400,borderline,0.1.0
6401,stable,0.1.0
6402,stable,0.1.0
6403,stable,0.1.0
6404,volatile,0.1.0
6405,stable,0.1.0
6406,borderline,0.1.0
6407,borderline,0.1.0
6408,stable,0.1.0
6409,volatile,0.1.0
6410,stable,0.1.0
6411,stable,0.1.0
6412,borderline,0.1.0
6413,volatile,0.1.0
6414,borderline,0.1.0
6415,volatile,0.1.0
6416,stable,0.1.0
6417,volatile,0.1.0
6418,stable,0.1.0
6419,borderline,0.1.0
6420,volatile,0.1.0
6421,stable,0.1.0
6422,volatile,0.1.0
6423,volatile,0.1.0
6424,borderline,0.1.0
6425,stable,0.1.0
6426,stable,0.1.0
6427,stable,0.1.0
6428,stable,0.1.0
6429,volatile,0.1.0
6430,stable,0.1.0
6431,volatile,0.1.0
6432,volatile,0.1.0
6433,stable,0.1.0
6434,borderline,0.1.0
6435,volatile,0.1.0
6436,stable,0.1.0
6437,volatile,0.1.0
6438,stable,0.1.0
6439,borderline,0.1.0
6440,volatile,0.1.0
6441,volatile,0.1.0
6442,borderline,0.1.0
6443,borderline,0.1.0
6444,borderline,0.1.0
6445,stable,0.1.0
6446,stable,0.1.0
6447,volatile,0.1.0
6448,volatile,0.1.0
6449,volatile,0.1.0
6450,borderline,0.1.0
6451,stable,0.1.0
6452,stable,0.1.0
6453,volatile,0.1.0
6454,stable,0.1.0
6455,volatile,0.1.0
6456,borderline,0.1.0
6457,volatile,0.1.0
6458,borderline,0.1.0
6459,volatile,0.1.0
6460,borderline,0.1.0
6461,stable,0.1.0
6462,borderline,0.1.0
6463,borderline,0.1.0
6464,stable,0.1.0
6465,volatile,0.1.0
6466,borderline,0.1.0
6467,stable,0.1.0
6468,borderline,0.1.0
6469,borderline,0.1.0
6470,borderline,0.1.0
6471,volatile,0.1.0
6472,volatile,0.1.0
6473,borderline,0.1.0
6474,volatile,0.1.0
6475,stable,0.1.0
6476,stable,0.1.0
6477,borderline,0.1.0
6478,volatile,0.1.0
6479,stable,0.1.0
6480,stable,0.1.0
6481,borderline,0.1.0
6482,volatile,0.1.0
6483,borderline,0.1.0
6484,borderline,0.1.0
6485,borderline,0.1.0
6486,borderline,0.1.0
6487,stable,0.1.0
6488,volatile,0.1.0
6489,stable,0.1.0
6490,borderline,0.1.0
6491,stable,0.1.0
6492,volatile,0.1.0
6493,borderline,0.1.0
6494,stable,0.1.0
6495,borderline,0.1.0
6496,stable,0.1.0
6497,volatile,0.1.0
6498,volatile,0.1.0
6499,stable,0.1.0
6500,volatile,0.1.0
6501,borderline,0.1.0
6502,stable,0.1.0
6503,volatile,0.1.0
6504,borderline,0.1.0
6505,borderline,0.1.0
6506,stable,0.1.0
6507,borderline,0.1.0
6508,stable,0.1.0
6509,volatile,0.1.0
6510,volatile,0.1.0
6511,borderline,0.1.0
6512,stable,0.1.0
6513,stable,0.1.0
6514,borderline,0.1.0
6515,stable,0.1.0
6516,volatile,0.1.0
6517,borderline,0.1.0
6518,volatile,0.1.0
6519,stable,0.1.0
6520,stable,0.1.0
6521,borderline,0.1.0
6522,volatile,0.1.0
6523,stable,0.1.0
6524,stable,0.1.0
6525,stable,0.1.0
6526,borderline,0.1.0
6527,stable,0.1.0
6528,stable,0.1.0
6529,volatile,0.1.0
6530,stable,0.1.0
6531,stable,0.1.0
6532,borderline,0.1.0
6533,borderline,0.1.0
6534,stable,0.1.0
6535,volatile,0.1.0
6536,stable,0.1.0
6537,stable,0.1.0
6538,volatile,0.1.0
6539,volatile,0.1.0
6540,borderline,0.1.0
6541,borderline,0.1.0
6542,stable,0.1.0
6543,borderline,0.1.0
6544,volatile,0.1.0
6545,stable,0.1.0
6546,borderline,0.1.0
6547,stable,0.1.0
6548,volatile,0.1.0
6549,borderline,0.1.0
6550,stable,0.1.0
6551,borderline,0.1.0
6552,stable,0.1.0
6553,borderline,0.1.0
6554,stable,0.1.0
6555,stable,0.1.0
6556,stable,0.1.0
6557,borderline,0.1.0
6558,stable,0.1.0
6559,borderline,0.1.0
6560,stable,0.1.0
6561,volatile,0.1.0
6562,stable,0.1.0
6563,stable,0.1.0
6564,borderline,0.1.0
6565,volatile,0.1.0
6566,volatile,0.1.0
6567,volatile,0.1.0
6568,volatile,0.1.0
6569,volatile,0.1.0
6570,borderline,0.1.0
6571,volatile,0.1.0
6572,volatile,0.1.0
6573,volatile,0.1.0
6574,volatile,0.1.0
6575,volatile,0.1.0
6576,volatile,0.1.0
6577,volatile,0.1.0
6578,borderline,0.1.0
6579,borderline,0.1.0
6580,borderline,0.1.0
6581,borderline,0.1.0
6582,volatile,0.1.0
6583,borderline,0.1.0
6584,stable,0.1.0
6585,volatile,0.1.0
6586,stable,0.1.0
6587,stable,0.1.0
6588,borderline,0.1.0
6589,borderline,0.1.0
6590,volatile,0.1.0
6591,stable,0.1.0
6592,volatile,0.1.0
6593,volatile,0.1.0
6594,borderline,0.1.0
6595,borderline,0.1.0
6596,stable,0.1.0
6597,stable,0.1.0
6598,stable,0.1.0
6599,stable,0.1.0
6600,stable,0.1.0
6601,stable,0.1.0
6602,stable,0.1.0
6603,stable,0.1.0
6604,stable,0.1.0
6605,borderline,0.1.0
6606,stable,0.1.0
6607,borderline,0.1.0
6608,stable,0.1.0
6609,stable,0.1.0
6610,stable,0.1.0
6611,borderline,0.1.0
6612,stable,0.1.0
6613,volatile,0.1.0
6614,stable,0.1.0
6615,borderline,0.1.0
6616,stable,0.1.0
6617,volatile,0.1.0
6618,borderline,0.1.0
6619,stable,0.1.0
6620,stable,0.1.0
6621,borderline,0.1.0
6622,stable,0.1.0
6623,stable,0.1.0
6624,volatile,0.1.0
6625,stable,0.1.0
6626,borderline,0.1.0
6627,volatile,0.1.0
6628,volatile,0.1.0
6629,stable,0.1.0
6630,volatile,0.1.0
6631,volatile,0.1.0
6632,stable,0.1.0
6633,borderline,0.1.0
6634,volatile,0.1.0
6635,borderline,0.1.0
6636,stable,0.1.0
6637,stable,0.1.0
6638,borderline,0.1.0
6639,borderline,0.1.0
6640,stable,0.1.0
6641,stable,0.1.0
6642,borderline,0.1.0
6643,stable,0.1.0
6644,stable,0.1.0
6645,volatile,0.1.0
6646,stable,0.1.0
6647,stable,0.1.0
6648,stable,0.1.0
6649,borderline,0.1.0
6650,stable,0.1.0
6651,volatile,0.1.0
6652,borderline,0.1.0
6653,volatile,0.1.0
6654,volatile,0.1.0
6655,volatile,0.1.0
6656,stable,0.1.0
6657,volatile,0.1.0
6658,borderline,0.1.0
6659,borderline,0.1.0
6660,volatile,0.1.0
6661,stable,0.1.0
6662,borderline,0.1.0
6663,stable,0.1.0
6664,borderline,0.1.0
6665,stable,0.1.0
6666,borderline,0.1.0
6667,borderline,0.1.0
6668,volatile,0.1.0
6669,stable,0.1.0
6670,borderline,0.1.0
6671,stable,0.1.0
6672,stable,0.1.0
6673,volatile,0.1.0
6674,volatile,0.1.0
6675,volatile,0.1.0
6676,stable,0.1.0
6677,volatile,0.1.0
6678,borderline,0.1.0
6679,stable,0.1.0
6680,volatile,0.1.0
6681,volatile,0.1.0
6682,borderline,0.1.0
6683,volatile,0.1.0
6684,borderline,0.1.0
6685,stable,0.1.0
6686,stable,0.1.0
6687,borderline,0.1.0
6688,borderline,0.1.0
6689,volatile,0.1.0
6690,volatile,0.1.0
6691,volatile,0.1.0
6692,stable,0.1.0
6693,borderline,0.1.0
6694,borderline,0.1.0
6695,volatile,0.1.0
6696,stable,0.1.0
6697,stable,0.1.0
6698,stable,0.1.0
6699,borderline,0.1.0
6700,volatile,0.1.0
6701,stable,0.1.0
6702,volatile,0.1.0
6703,borderline,0.1.0
6704,stable,0.1.0
6705,volatile,0.1.0
6706,volatile,0.1.0
6707,stable,0.1.0
6708,volatile,0.1.0
6709,volatile,0.1.0
6710,stable,0.1.0
6711,stable,0.1.0
6712,borderline,0.1.0
6713,stable,0.1.0
6714,volatile,0.1.0
6715,volatile,0.1.0
6716,borderline,0.1.0
6717,borderline,0.1.0
6718,borderline,0.1.0
6719,volatile,0.1.0
6720,volatile,0.1.0
6721,stable,0.1.0
6722,stable,0.1.0
6723,volatile,0.1.0
6724,stable,0.1.0
6725,volatile,0.1.0
6726,stable,0.1.0
6727,stable,0.1.0
6728,stable,0.1.0
6729,borderline,0.1.0
6730,volatile,0.1.0
6731,borderline,0.1.0
6732,volatile,0.1.0
6733,borderline,0.1.0
6734,borderline,0.1.0
6735,stable,0.1.0
6736,borderline,0.1.0
6737,stable,0.1.0
6738,volatile,0.1.0
6739,borderline,0.1.0
6740,stable,0.1.0
6741,volatile,0.1.0
6742,stable,0.1.0
6743,stable,0.1.0
6744,stable,0.1.0
6745,stable,0.1.0
6746,stable,0.1.0
6747,volatile,0.1.0
6748,volatile,0.1.0
6749,volatile,0.1.0
6750,volatile,0.1.0
6751,stable,0.1.0
6752,stable,0.1.0
6753,borderline,0.1.0
6754,borderline,0.1.0
6755,volatile,0.1.0
6756,stable,0.1.0
6757,borderline,0.1.0
6758,borderline,0.1.0
6759,volatile,0.1.0
6760,stable,0.1.0
6761,stable,0.1.0
6762,volatile,0.1.0
6763,borderline,0.1.0
6764,volatile,0.1.0
6765,stable,0.1.0
6766,volatile,0.1.0
6767,borderline,0.1.0
6768,volatile,0.1.0
6769,borderline,0.1.0
6770,stable,0.1.0
6771,stable,0.1.0
6772,volatile,0.1.0
6773,volatile,0.1.0
6774,borderline,0.1.0
6775,volatile,0.1.0
6776,stable,0.1.0
6777,stable,0.1.0
6778,volatile,0.1.0
6779,stable,0.1.0
6780,borderline,0.1.0
6781,stable,0.1.0
6782,stable,0.1.0
6783,volatile,0.1.0
6784,stable,0.1.0
6785,volatile,0.1.0
6786,volatile,0.1.0
6787,volatile,0.1.0
6788,borderline,0.1.0
6789,borderline,0.1.0
6790,borderline,0.1.0
6791,stable,0.1.0
6792,stable,0.1.0
6793,borderline,0.1.0
6794,volatile,0.1.0
6795,volatile,0.1.0
6796,volatile,0.1.0
6797,borderline,0.1.0
6798,stable,0.1.0
6799,volatile,0.1.0
6800,stable,0.1.0
6801,volatile,0.1.0
6802,volatile,0.1.0
6803,volatile,0.1.0
6804,stable,0.1.0
6805,borderline,0.1.0
6806,borderline,0.1.0
6807,volatile,0.1.0
6808,borderline,0.1.0
6809,volatile,0.1.0
6810,borderline,0.1.0
6811,stable,0.1.0
6812,stable,0.1.0
6813,stable,0.1.0
6814,stable,0.1.0
6815,volatile,0.1.0
6816,stable,0.1.0
6817,volatile,0.1.0
6818,stable,0.1.0
6819,stable,0.1.0
6820,borderline,0.1.0
6821,volatile,0.1.0
6822,borderline,0.1.0
6823,volatile,0.1.0
6824,stable,0.1.0
6825,volatile,0.1.0
6826,volatile,0.1.0
6827,stable,0.1.0
6828,borderline,0.1.0
6829,volatile,0.1.0
6830,borderline,0.1.0
6831,volatile,0.1.0
6832,volatile,0.1.0
6833,stable,0.1.0
6834,borderline,0.1.0
6835,volatile,0.1.0
6836,stable,0.1.0
6837,stable,0.1.0
6838,volatile,0.1.0
6839,borderline,0.1.0
6840,borderline,0.1.0
6841,borderline,0.1.0
6842,borderline,0.1.0
6843,borderline,0.1.0
6844,stable,0.1.0
6845,volatile,0.1.0
6846,stable,0.1.0
6847,stable,0.1.0
6848,volatile,0.1.0
6849,stable,0.1.0
6850,borderline,0.1.0
6851,borderline,0.1.0
6852,stable,0.1.0
6853,borderline,0.1.0
6854,volatile,0.1.0
6855,stable,0.1.0
6856,stable,0.1.0
6857,stable,0.1.0
6858,stable,0.1.0
6859,stable,0.1.0
6860,stable,0.1.0
6861,stable,0.1.0
6862,borderline,0.1.0
6863,stable,0.1.0
6864,stable,0.1.0
6865,volatile,0.1.0
6866,stable,0.1.0
6867,volatile,0.1.0
6868,stable,0.1.0
6869,volatile,0.1.0
6870,volatile,0.1.0
6871,volatile,0.1.0
6872,volatile,0.1.0
6873,volatile,0.1.0
6874,stable,0.1.0
6875,stable,0.1.0
6876,volatile,0.1.0
6877,stable,0.1.0
6878,stable,0.1.0
6879,volatile,0.1.0
6880,stable,0.1.0
6881,stable,0.1.0
6882,volatile,0.1.0
6883,stable,0.1.0
6884,borderline,0.1.0
6885,borderline,0.1.0
6886,borderline,0.1.0
6887,volatile,0.1.0
6888,stable,0.1.0
6889,volatile,0.1.0
6890,volatile,0.1.0
6891,volatile,0.1.0
6892,stable,0.1.0
6893,stable,0.1.0
6894,stable,0.1.0
6895,stable,0.1.0
6896,stable,0.1.0
6897,borderline,0.1.0
6898,stable,0.1.0
6899,volatile,0.1.0
6900,borderline,0.1.0
6901,stable,0.1.0
6902,volatile,0.1.0
6903,volatile,0.1.0
6904,stable,0.1.0
6905,volatile,0.1.0
6906,borderline,0.1.0
6907,borderline,0.1.0
6908,borderline,0.1.0
6909,borderline,0.1.0
6910,stable,0.1.0
6911,borderline,0.1.0
6912,volatile,0.1.0
6913,volatile,0.1.0
6914,borderline,0.1.0
6915,borderline,0.1.0
6916,borderline,0.1.0
6917,stable,0.1.0
6918,volatile,0.1.0
6919,stable,0.1.0
6920,volatile,0.1.0
6921,borderline,0.1.0
6922,borderline,0.1.0
6923,volatile,0.1.0
6924,volatile,0.1.0
6925,stable,0.1.0
6926,stable,0.1.0
6927,stable,0.1.0
6928,borderline,0.1.0
6929,stable,0.1.0
6930,borderline,0.1.0
6931,stable,0.1.0
6932,borderline,0.1.0
6933,volatile,0.1.0
6934,volatile,0.1.0
6935,volatile,0.1.0
6936,borderline,0.1.0
6937,borderline,0.1.0
6938,volatile,0.1.0
6939,stable,0.1.0
6940,stable,0.1.0
6941,borderline,0.1.0
6942,volatile,0.1.0
6943,volatile,0.1.0
6944,volatile,0.1.0
6945,stable,0.1.0
6946,borderline,0.1.0
6947,borderline,0.1.0
6948,borderline,0.1.0
6949,borderline,0.1.0
6950,borderline,0.1.0
6951,volatile,0.1.0
6952,borderline,0.1.0
6953,stable,0.1.0
6954,volatile,0.1.0
6955,borderline,0.1.0
6956,volatile,0.1.0
6957,stable,0.1.0
6958,volatile,0.1.0
6959,stable,0.1.0
6960,borderline,0.1.0
6961,stable,0.1.0
6962,stable,0.1.0
6963,volatile,0.1.0
6964,stable,0.1.0
6965,stable,0.1.0
6966,volatile,0.1.0
6967,volatile,0.1.0
6968,stable,0.1.0
6969,volatile,0.1.0
6970,volatile,0.1.0
6971,borderline,0.1.0
6972,stable,0.1.0
6973,stable,0.1.0
6974,borderline,0.1.0
6975,volatile,0.1.0
6976,stable,0.1.0
6977,borderline,0.1.0
6978,stable,0.1.0
6979,borderline,0.1.0
6980,borderline,0.1.0
6981,borderline,0.1.0
6982,borderline,0.1.0
6983,stable,0.1.0
6984,borderline,0.1.0
6985,stable,0.1.0
6986,volatile,0.1.0
6987,volatile,0.1.0
6988,stable,0.1.0
6989,stable,0.1.0
6990,stable,0.1.0
6991,stable,0.1.0
6992,stable,0.1.0
6993,borderline,0.1.0
6994,volatile,0.1.0
6995,borderline,0.1.0
6996,borderline,0.1.0
6997,borderline,0.1.0
6998,stable,0.1.0
6999,borderline,0.1.0
7000,borderline,0.1.0
7001,borderline,0.1.0
7002,borderline,0.1.0
7003,volatile,0.1.0
7004,volatile,0.1.0
7005,borderline,0.1.0
7006,volatile,0.1.0
7007,borderline,0.1.0
7008,stable,0.1.0
7009,stable,0.1.0
7010,volatile,0.1.0
7011,stable,0.1.0
7012,borderline,0.1.0
7013,stable,0.1.0
7014,borderline,0.1.0
7015,stable,0.1.0
7016,borderline,0.1.0
7017,stable,0.1.0
7018,stable,0.1.0
7019,stable,0.1.0
7020,volatile,0.1.0
7021,borderline,0.1.0
7022,borderline,0.1.0
7023,stable,0.1.0
7024,volatile,0.1.0
7025,stable,0.1.0
7026,volatile,0.1.0
7027,volatile,0.1.0
7028,stable,0.1.0
7029,volatile,0.1.0
7030,borderline,0.1.0
7031,stable,0.1.0
7032,stable,0.1.0
7033,stable,0.1.0
7034,stable,0.1.0
7035,stable,0.1.0
7036,volatile,0.1.0
7037,stable,0.1.0
7038,borderline,0.1.0
7039,borderline,0.1.0
7040,borderline,0.1.0
7041,volatile,0.1.0
7042,stable,0.1.0
7043,stable,0.1.0
7044,stable,0.1.0
7045,borderline,0.1.0
7046,borderline,0.1.0
7047,stable,0.1.0
7048,stable,0.1.0
7049,volatile,0.1.0
7050,stable,0.1.0
7051,borderline,0.1.0
7052,stable,0.1.0
7053,stable,0.1.0
7054,volatile,0.1.0
7055,stable,0.1.0
7056,stable,0.1.0
7057,borderline,0.1.0
7058,stable,0.1.0
7059,volatile,0.1.0
7060,volatile,0.1.0
7061,stable,0.1.0
7062,stable,0.1.0
7063,stable,0.1.0
7064,stable,0.1.0
7065,stable,0.1.0
7066,borderline,0.1.0
7067,borderline,0.1.0
7068,borderline,0.1.0
7069,volatile,0.1.0
7070,borderline,0.1.0
7071,volatile,0.1.0
7072,stable,0.1.0
7073,stable,0.1.0
7074,volatile,0.1.0
7075,borderline,0.1.0
7076,volatile,0.1.0
7077,stable,0.1.0
7078,borderline,0.1.0
7079,stable,0.1.0
7080,borderline,0.1.0
7081,borderline,0.1.0
7082,borderline,0.1.0
7083,borderline,0.1.0
7084,stable,0.1.0
7085,volatile,0.1.0
7086,borderline,0.1.0
7087,borderline,0.1.0
7088,stable,0.1.0
7089,stable,0.1.0
7090,stable,0.1.0
7091,volatile,0.1.0
7092,volatile,0.1.0
7093,borderline,0.1.0
7094,borderline,0.1.0
7095,volatile,0.1.0
7096,stable,0.1.0
7097,volatile,0.1.0
7098,stable,0.1.0
7099,stable,0.1.0
7100,stable,0.1.0
7101,stable,0.1.0
7102,stable,0.1.0
7103,volatile,0.1.0
7104,stable,0.1.0
7105,stable,0.1.0
7106,stable,0.1.0
7107,volatile,0.1.0
7108,volatile,0.1.0
7109,stable,0.1.0
7110,stable,0.1.0
7111,borderline,0.1.0
7112,volatile,0.1.0
7113,volatile,0.1.0
7114,volatile,0.1.0
7115,borderline,0.1.0
7116,borderline,0.1.0
7117,stable,0.1.0
7118,volatile,0.1.0
7119,stable,0.1.0
7120,volatile,0.1.0
7121,stable,0.1.0
7122,stable,0.1.0
7123,borderline,0.1.0
7124,borderline,0.1.0
7125,stable,0.1.0
7126,borderline,0.1.0
7127,stable,0.1.0
7128,volatile,0.1.0
7129,borderline,0.1.0
7130,stable,0.1.0
7131,volatile,0.1.0
7132,volatile,0.1.0
7133,stable,0.1.0
7134,volatile,0.1.0
7135,stable,0.1.0
7136,volatile,0.1.0
7137,stable,0.1.0
7138,stable,0.1.0
7139,borderline,0.1.0
7140,stable,0.1.0
7141,volatile,0.1.0
7142,borderline,0.1.0
7143,borderline,0.1.0
7144,stable,0.1.0
7145,borderline,0.1.0
7146,borderline,0.1.0
7147,stable,0.1.0
7148,borderline,0.1.0
7149,borderline,0.1.0
7150,volatile,0.1.0
7151,volatile,0.1.0
7152,borderline,0.1.0
7153,borderline,0.1.0
7154,volatile,0.1.0
7155,borderline,0.1.0
7156,borderline,0.1.0
7157,borderline,0.1.0
7158,borderline,0.1.0
7159,stable,0.1.0
7160,stable,0.1.0
7161,volatile,0.1.0
7162,volatile,0.1.0
7163,volatile,0.1.0
7164,borderline,0.1.0
7165,borderline,0.1.0
7166,volatile,0.1.0
7167,borderline,0.1.0
7168,stable,0.1.0
7169,volatile,0.1.0
7170,stable,0.1.0
7171,volatile,0.1.0
7172,volatile,0.1.0
7173,borderline,0.1.0
7174,volatile,0.1.0
7175,stable,0.1.0
7176,stable,0.1.0
7177,stable,0.1.0
7178,borderline,0.1.0
7179,borderline,0.1.0
7180,stable,0.1.0
7181,stable,0.1.0
7182,volatile,0.1.0
7183,volatile,0.1.0
7184,stable,0.1.0
7185,stable,0.1.0
7186,volatile,0.1.0
7187,stable,0.1.0
7188,stable,0.1.0
7189,stable,0.1.0
7190,volatile,0.1.0
7191,volatile,0.1.0
7192,stable,0.1.0
7193,volatile,0.1.0
7194,volatile,0.1.0
7195,borderline,0.1.0
7196,borderline,0.1.0
7197,stable,0.1.0
7198,borderline,0.1.0
7199,borderline,0.1.0
7200,volatile,0.1.0
7201,stable,0.1.0
7202,stable,0.1.0
7203,stable,0.1.0
7204,borderline,0.1.0
7205,volatile,0.1.0
7206,volatile,0.1.0
7207,volatile,0.1.0
7208,stable,0.1.0
7209,stable,0.1.0
7210,volatile,0.1.0
7211,volatile,0.1.0
7212,borderline,0.1.0
7213,volatile,0.1.0
7214,volatile,0.1.0
7215,borderline,0.1.0
7216,stable,0.1.0
7217,volatile,0.1.0
7218,borderline,0.1.0
7219,stable,0.1.0
7220,stable,0.1.0
7221,stable,0.1.0
7222,stable,0.1.0
7223,volatile,0.1.0
7224,stable,0.1.0
7225,volatile,0.1.0
7226,stable,0.1.0
7227,stable,0.1.0
7228,stable,0.1.0
7229,stable,0.1.0
7230,borderline,0.1.0
7231,stable,0.1.0
7232,stable,0.1.0
7233,stable,0.1.0
7234,stable,0.1.0
7235,volatile,0.1.0
7236,borderline,0.1.0
7237,stable,0.1.0
7238,volatile,0.1.0
7239,volatile,0.1.0
7240,borderline,0.1.0
7241,volatile,0.1.0
7242,stable,0.1.0
7243,borderline,0.1.0
7244,borderline,0.1.0
7245,volatile,0.1.0
7246,borderline,0.1.0
7247,borderline,0.1.0
7248,stable,0.1.0
7249,borderline,0.1.0
7250,volatile,0.1.0
7251,volatile,0.1.0
7252,volatile,0.1.0
7253,borderline,0.1.0
7254,volatile,0.1.0
7255,volatile,0.1.0
7256,stable,0.1.0
7257,volatile,0.1.0
7258,borderline,0.1.0
7259,borderline,0.1.0
7260,stable,0.1.0
7261,borderline,0.1.0
7262,borderline,0.1.0
7263,volatile,0.1.0
7264,stable,0.1.0
7265,volatile,0.1.0
7266,stable,0.1.0
7267,stable,0.1.0
7268,volatile,0.1.0
7269,borderline,0.1.0
7270,stable,0.1.0
7271,borderline,0.1.0
7272,borderline,0.1.0
7273,stable,0.1.0
7274,stable,0.1.0
7275,borderline,0.1.0
7276,borderline,0.1.0
7277,stable,0.1.0
7278,volatile,0.1.0
7279,volatile,0.1.0
7280,borderline,0.1.0
7281,borderline,0.1.0
7282,stable,0.1.0
7283,stable,0.1.0
7284,stable,0.1.0
7285,borderline,0.1.0
7286,borderline,0.1.0
7287,borderline,0.1.0
7288,stable,0.1.0
7289,volatile,0.1.0
7290,stable,0.1.0
7291,stable,0.1.0
7292,stable,0.1.0
7293,borderline,0.1.0
7294,stable,0.1.0
7295,volatile,0.1.0
7296,borderline,0.1.0
7297,volatile,0.1.0
7298,stable,0.1.0
7299,borderline,0.1.0
7300,volatile,0.1.0
7301,volatile,0.1.0
7302,volatile,0.1.0
7303,borderline,0.1.0
7304,volatile,0.1.0
7305,volatile,0.1.0
7306,volatile,0.1.0
7307,stable,0.1.0
7308,borderline,0.1.0
7309,stable,0.1.0
7310,stable,0.1.0
7311,stable,0.1.0
7312,stable,0.1.0
7313,volatile,0.1.0
7314,volatile,0.1.0
7315,stable,0.1.0
7316,stable,0.1.0
7317,borderline,0.1.0
7318,borderline,0.1.0
7319,volatile,0.1.0
7320,stable,0.1.0
7321,stable,0.1.0
7322,stable,0.1.0
7323,stable,0.1.0
7324,borderline,0.1.0
7325,borderline,0.1.0
7326,stable,0.1.0
7327,borderline,0.1.0
7328,volatile,0.1.0
7329,stable,0.1.0
7330,volatile,0.1.0
7331,stable,0.1.0
7332,borderline,0.1.0
7333,stable,0.1.0
7334,volatile,0.1.0
7335,stable,0.1.0
7336,borderline,0.1.0
7337,volatile,0.1.0
7338,volatile,0.1.0
7339,stable,0.1.0
7340,borderline,0.1.0
7341,volatile,0.1.0
7342,stable,0.1.0
7343,borderline,0.1.0
7344,stable,0.1.0
7345,stable,0.1.0
7346,volatile,0.1.0
7347,stable,0.1.0
7348,volatile,0.1.0
7349,stable,0.1.0
7350,stable,0.1.0
7351,stable,0.1.0
7352,stable,0.1.0
7353,borderline,0.1.0
7354,volatile,0.1.0
7355,volatile,0.1.0
7356,stable,0.1.0
7357,borderline,0.1.0
7358,stable,0.1.0
7359,stable,0.1.0
7360,volatile,0.1.0
7361,volatile,0.1.0
7362,borderline,0.1.0
7363,borderline,0.1.0
7364,borderline,0.1.0
7365,stable,0.1.0
7366,stable,0.1.0
7367,stable,0.1.0
7368,borderline,0.1.0
7369,borderline,0.1.0
7370,borderline,0.1.0
7371,stable,0.1.0
7372,borderline,0.1.0
7373,volatile,0.1.0
7374,borderline,0.1.0
7375,volatile,0.1.0
7376,stable,0.1.0
7377,stable,0.1.0
7378,borderline,0.1.0
7379,volatile,0.1.0
7380,stable,0.1.0
7381,stable,0.1.0
7382,stable,0.1.0
7383,borderline,0.1.0
7384,stable,0.1.0
7385,stable,0.1.0
7386,borderline,0.1.0
7387,volatile,0.1.0
7388,stable,0.1.0
7389,stable,0.1.0
7390,stable,0.1.0
7391,stable,0.1.0
7392,stable,0.1.0
7393,stable,0.1.0
7394,borderline,0.1.0
7395,borderline,0.1.0
7396,borderline,0.1.0
7397,stable,0.1.0
7398,stable,0.1.0
7399,borderline,0.1.0
7400,borderline,0.1.0
7401,volatile,0.1.0
7402,stable,0.1.0
7403,stable,0.1.0
7404,volatile,0.1.0
7405,volatile,0.1.0
7406,stable,0.1.0
7407,borderline,0.1.0
7408,volatile,0.1.0
7409,volatile,0.1.0
7410,stable,0.1.0
7411,borderline,0.1.0
7412,borderline,0.1.0
7413,stable,0.1.0
7414,volatile,0.1.0
7415,volatile,0.1.0
7416,borderline,0.1.0
7417,stable,0.1.0
7418,borderline,0.1.0
7419,volatile,0.1.0
7420,stable,0.1.0
7421,stable,0.1.0
7422,stable,0.1.0
7423,stable,0.1.0
7424,volatile,0.1.0
7425,borderline,0.1.0
7426,stable,0.1.0
7427,borderline,0.1.0
7428,stable,0.1.0
7429,volatile,0.1.0
7430,borderline,0.1.0
7431,borderline,0.1.0
7432,volatile,0.1.0
7433,borderline,0.1.0
7434,stable,0.1.0
7435,stable,0.1.0
7436,volatile,0.1.0
7437,stable,0.1.0
7438,stable,0.1.0
7439,stable,0.1.0
7440,borderline,0.1.0
7441,borderline,0.1.0
7442,borderline,0.1.0
7443,borderline,0.1.0
7444,stable,0.1.0
7445,stable,0.1.0
7446,volatile,0.1.0
7447,volatile,0.1.0
7448,stable,0.1.0
7449,volatile,0.1.0
7450,volatile,0.1.0
7451,stable,0.1.0
7452,stable,0.1.0
7453,volatile,0.1.0
7454,volatile,0.1.0
7455,borderline,0.1.0
7456,volatile,0.1.0
7457,borderline,0.1.0
7458,borderline,0.1.0
7459,stable,0.1.0
7460,volatile,0.1.0
7461,volatile,0.1.0
7462,volatile,0.1.0
7463,stable,0.1.0
7464,borderline,0.1.0
7465,borderline,0.1.0
7466,stable,0.1.0
7467,stable,0.1.0
7468,stable,0.1.0
7469,borderline,0.1.0
7470,volatile,0.1.0
7471,stable,0.1.0
7472,borderline,0.1.0
7473,stable,0.1.0
7474,volatile,0.1.0
7475,stable,0.1.0
7476,volatile,0.1.0
7477,volatile,0.1.0
7478,stable,0.1.0
7479,volatile,0.1.0
7480,borderline,0.1.0
7481,volatile,0.1.0
7482,borderline,0.1.0
7483,volatile,0.1.0
7484,borderline,0.1.0
7485,stable,0.1.0
7486,borderline,0.1.0
7487,stable,0.1.0
7488,stable,0.1.0
7489,stable,0.1.0
7490,stable,0.1.0
7491,borderline,0.1.0
7492,borderline,0.1.0
7493,borderline,0.1.0
7494,stable,0.1.0
7495,borderline,0.1.0
7496,borderline,0.1.0
7497,stable,0.1.0
7498,volatile,0.1.0
7499,volatile,0.1.0
7500,stable,0.1.0
7501,volatile,0.1.0
7502,borderline,0.1.0
7503,stable,0.1.0
7504,volatile,0.1.0
7505,volatile,0.1.0
7506,borderline,0.1.0
7507,borderline,0.1.0
7508,borderline,0.1.0
7509,volatile,0.1.0
7510,volatile,0.1.0
7511,volatile,0.1.0
7512,volatile,0.1.0
7513,stable,0.1.0
7514,volatile,0.1.0
7515,borderline,0.1.0
7516,volatile,0.1.0
7517,borderline,0.1.0
7518,volatile,0.1.0
7519,stable,0.1.0
7520,stable,0.1.0
7521,stable,0.1.0
7522,stable,0.1.0
7523,volatile,0.1.0
7524,stable,0.1.0
7525,stable,0.1.0
7526,stable,0.1.0
7527,borderline,0.1.0
7528,borderline,0.1.0
7529,stable,0.1.0
7530,stable,0.1.0
7531,stable,0.1.0
7532,stable,0.1.0
7533,stable,0.1.0
7534,stable,0.1.0
7535,stable,0.1.0
7536,borderline,0.1.0
7537,volatile,0.1.0
7538,borderline,0.1.0
7539,stable,0.1.0
7540,stable,0.1.0
7541,borderline,0.1.0
7542,stable,0.1.0
7543,volatile,0.1.0
7544,borderline,0.1.0
7545,volatile,0.1.0
7546,stable,0.1.0
7547,volatile,0.1.0
7548,stable,0.1.0
7549,stable,0.1.0
7550,stable,0.1.0
7551,borderline,0.1.0
7552,volatile,0.1.0
7553,stable,0.1.0
7554,stable,0.1.0
7555,volatile,0.1.0
7556,borderline,0.1.0
7557,stable,0.1.0
7558,stable,0.1.0
7559,borderline,0.1.0
7560,borderline,0.1.0
7561,borderline,0.1.0
7562,stable,0.1.0
7563,stable,0.1.0
7564,volatile,0.1.0
7565,stable,0.1.0
7566,borderline,0.1.0
7567,stable,0.1.0
7568,volatile,0.1.0
7569,borderline,0.1.0
7570,borderline,0.1.0
7571,volatile,0.1.0
7572,borderline,0.1.0
7573,stable,0.1.0
7574,stable,0.1.0
7575,stable,0.1.0
7576,borderline,0.1.0
7577,borderline,0.1.0
7578,stable,0.1.0
7579,stable,0.1.0
7580,stable,0.1.0
7581,stable,0.1.0
7582,borderline,0.1.0
7583,stable,0.1.0
7584,borderline,0.1.0
7585,volatile,0.1.0
7586,stable,0.1.0
7587,stable,0.1.0
7588,borderline,0.1.0
7589,volatile,0.1.0
7590,volatile,0.1.0
7591,stable,0.1.0
7592,borderline,0.1.0
7593,borderline,0.1.0
7594,borderline,0.1.0
7595,volatile,0.1.0
7596,borderline,0.1.0
7597,stable,0.1.0
7598,borderline,0.1.0
7599,volatile,0.1.0
7600,volatile,0.1.0
7601,borderline,0.1.0
7602,borderline,0.1.0
7603,volatile,0.1.0
7604,volatile,0.1.0
7605,borderline,0.1.0
7606,borderline,0.1.0
7607,borderline,0.1.0
7608,stable,0.1.0
7609,stable,0.1.0
7610,borderline,0.1.0
7611,borderline,0.1.0
7612,borderline,0.1.0
7613,volatile,0.1.0
7614,volatile,0.1.0
7615,volatile,0.1.0
7616,borderline,0.1.0
7617,stable,0.1.0
7618,volatile,0.1.0
7619,borderline,0.1.0
7620,borderline,0.1.0
7621,stable,0.1.0
7622,borderline,0.1.0
7623,stable,0.1.0
7624,stable,0.1.0
7625,volatile,0.1.0
7626,stable,0.1.0
7627,borderline,0.1.0
7628,borderline,0.1.0
7629,stable,0.1.0
7630,borderline,0.1.0
7631,volatile,0.1.0
7632,borderline,0.1.0
7633,borderline,0.1.0
7634,volatile,0.1.0
7635,stable,0.1.0
7636,stable,0.1.0
7637,volatile,0.1.0
7638,borderline,0.1.0
7639,volatile,0.1.0
7640,stable,0.1.0
7641,stable,0.1.0
7642,borderline,0.1.0
7643,stable,0.1.0
7644,borderline,0.1.0
7645,volatile,0.1.0
7646,stable,0.1.0
7647,stable,0.1.0
7648,stable,0.1.0
7649,stable,0.1.0
7650,borderline,0.1.0
7651,borderline,0.1.0
7652,stable,0.1.0
7653,volatile,0.1.0
7654,stable,0.1.0
7655,stable,0.1.0
7656,borderline,0.1.0
7657,borderline,0.1.0
7658,borderline,0.1.0
7659,stable,0.1.0
7660,volatile,0.1.0
7661,volatile,0.1.0
7662,borderline,0.1.0
7663,volatile,0.1.0
7664,borderline,0.1.0
7665,stable,0.1.0
7666,volatile,0.1.0
7667,borderline,0.1.0
7668,stable,0.1.0
7669,volatile,0.1.0
7670,volatile,0.1.0
7671,borderline,0.1.0
7672,stable,0.1.0
7673,borderline,0.1.0
7674,volatile,0.1.0
7675,volatile,0.1.0
7676,volatile,0.1.0
7677,stable,0.1.0
7678,borderline,0.1.0
7679,borderline,0.1.0
7680,borderline,0.1.0
7681,borderline,0.1.0
7682,volatile,0.1.0
7683,volatile,0.1.0
7684,borderline,0.1.0
7685,stable,0.1.0
7686,borderline,0.1.0
7687,volatile,0.1.0
7688,volatile,0.1.0
7689,stable,0.1.0
7690,stable,0.1.0
7691,stable,0.1.0
7692,volatile,0.1.0
7693,volatile,0.1.0
7694,stable,0.1.0
7695,stable,0.1.0
7696,volatile,0.1.0
7697,stable,0.1.0
7698,borderline,0.1.0
7699,stable,0.1.0
7700,volatile,0.1.0
7701,stable,0.1.0
7702,volatile,0.1.0
7703,volatile,0.1.0
7704,volatile,0.1.0
7705,volatile,0.1.0
7706,volatile,0.1.0
7707,stable,0.1.0
7708,volatile,0.1.0
7709,stable,0.1.0
7710,volatile,0.1.0
7711,volatile,0.1.0
7712,borderline,0.1.0
7713,volatile,0.1.0
7714,stable,0.1.0
7715,stable,0.1.0
7716,stable,0.1.0
7717,volatile,0.1.0
7718,borderline,0.1.0
7719,borderline,0.1.0
7720,volatile,0.1.0
7721,stable,0.1.0
7722,borderline,0.1.0
7723,stable,0.1.0
7724,stable,0.1.0
7725,borderline,0.1.0
7726,stable,0.1.0
7727,stable,0.1.0
7728,stable,0.1.0
7729,volatile,0.1.0
7730,stable,0.1.0
7731,volatile,0.1.0
7732,volatile,0.1.0
7733,stable,0.1.0
7734,stable,0.1.0
7735,borderline,0.1.0
7736,stable,0.1.0
7737,borderline,0.1.0
7738,volatile,0.1.0
7739,stable,0.1.0
7740,volatile,0.1.0
7741,volatile,0.1.0
7742,volatile,0.1.0
7743,borderline,0.1.0
7744,borderline,0.1.0
7745,borderline,0.1.0
7746,volatile,0.1.0
7747,volatile,0.1.0
7748,volatile,0.1.0
7749,stable,0.1.0
7750,borderline,0.1.0
7751,borderline,0.1.0
7752,stable,0.1.0
7753,borderline,0.1.0
7754,borderline,0.1.0
7755,volatile,0.1.0
7756,borderline,0.1.0
7757,stable,0.1.0
7758,stable,0.1.0
7759,stable,0.1.0
7760,volatile,0.1.0
7761,stable,0.1.0
7762,borderline,0.1.0
7763,stable,0.1.0
7764,stable,0.1.0
7765,volatile,0.1.0
7766,stable,0.1.0
7767,borderline,0.1.0
7768,stable,0.1.0
7769,borderline,0.1.0
7770,volatile,0.1.0
7771,stable,0.1.0
7772,stable,0.1.0
7773,stable,0.1.0
7774,borderline,0.1.0
7775,volatile,0.1.0
7776,volatile,0.1.0
7777,stable,0.1.0
7778,borderline,0.1.0
7779,stable,0.1.0
7780,borderline,0.1.0
7781,borderline,0.1.0
7782,stable,0.1.0
7783,volatile,0.1.0
7784,stable,0.1.0
7785,stable,0.1.0
7786,borderline,0.1.0
7787,volatile,0.1.0
7788,borderline,0.1.0
7789,volatile,0.1.0
7790,stable,0.1.0
7791,borderline,0.1.0
7792,volatile,0.1.0
7793,stable,0.1.0
7794,volatile,0.1.0
7795,volatile,0.1.0
7796,borderline,0.1.0
7797,stable,0.1.0
7798,borderline,0.1.0
7799,stable,0.1.0
7800,stable,0.1.0
7801,stable,0.1.0
7802,borderline,0.1.0
7803,stable,0.1.0
7804,volatile,0.1.0
7805,stable,0.1.0
7806,volatile,0.1.0
7807,borderline,0.1.0
7808,stable,0.1.0
7809,borderline,0.1.0
7810,stable,0.1.0
7811,stable,0.1.0
7812,volatile,0.1.0
7813,borderline,0.1.0
7814,stable,0.1.0
7815,volatile,0.1.0
7816,stable,0.1.0
7817,volatile,0.1.0
7818,volatile,0.1.0
7819,borderline,0.1.0
7820,volatile,0.1.0
7821,volatile,0.1.0
7822,volatile,0.1.0
7823,stable,0.1.0
7824,stable,0.1.0
7825,borderline,0.1.0
7826,stable,0.1.0
7827,borderline,0.1.0
7828,stable,0.1.0
7829,borderline,0.1.0
7830,stable,0.1.0
7831,borderline,0.1.0
7832,volatile,0.1.0
7833,stable,0.1.0
7834,volatile,0.1.0
7835,volatile,0.1.0
7836,stable,0.1.0
7837,stable,0.1.0
7838,borderline,0.1.0
7839,borderline,0.1.0
7840,stable,0.1.0
7841,borderline,0.1.0
7842,stable,0.1.0
7843,stable,0.1.0
7844,volatile,0.1.0
7845,stable,0.1.0
7846,stable,0.1.0
7847,volatile,0.1.0
7848,stable,0.1.0
7849,stable,0.1.0
7850,borderline,0.1.0
7851,volatile,0.1.0
7852,borderline,0.1.0
7853,volatile,0.1.0
7854,volatile,0.1.0
7855,stable,0.1.0
7856,borderline,0.1.0
7857,stable,0.1.0
7858,stable,0.1.0
7859,borderline,0.1.0
7860,borderline,0.1.0
7861,volatile,0.1.0
7862,stable,0.1.0
7863,stable,0.1.0
7864,volatile,0.1.0
7865,borderline,0.1.0
7866,volatile,0.1.0
7867,stable,0.1.0
7868,stable,0.1.0
7869,volatile,0.1.0
7870,volatile,0.1.0
7871,stable,0.1.0
7872,stable,0.1.0
7873,stable,0.1.0
7874,stable,0.1.0
7875,volatile,0.1.0
7876,stable,0.1.0
7877,volatile,0.1.0
7878,borderline,0.1.0
7879,borderline,0.1.0
7880,borderline,0.1.0
7881,stable,0.1.0
7882,stable,0.1.0
7883,stable,0.1.0
7884,borderline,0.1.0
7885,stable,0.1.0
7886,stable,0.1.0
7887,stable,0.1.0
7888,stable,0.1.0
7889,borderline,0.1.0
7890,volatile,0.1.0
7891,volatile,0.1.0
7892,borderline,0.1.0
7893,stable,0.1.0
7894,stable,0.1.0
7895,stable,0.1.0
7896,volatile,0.1.0
7897,volatile,0.1.0
7898,stable,0.1.0
7899,borderline,0.1.0
7900,stable,0.1.0
7901,stable,0.1.0
7902,volatile,0.1.0
7903,borderline,0.1.0
7904,volatile,0.1.0
7905,borderline,0.1.0
7906,stable,0.1.0
7907,volatile,0.1.0
7908,borderline,0.1.0
7909,volatile,0.1.0
7910,stable,0.1.0
7911,borderline,0.1.0
7912,stable,0.1.0
7913,volatile,0.1.0
7914,borderline,0.1.0
7915,borderline,0.1.0
7916,borderline,0.1.0
7917,borderline,0.1.0
7918,stable,0.1.0
7919,borderline,0.1.0
7920,volatile,0.1.0
7921,volatile,0.1.0
7922,stable,0.1.0
7923,borderline,0.1.0
7924,volatile,0.1.0
7925,borderline,0.1.0
7926,stable,0.1.0
7927,stable,0.1.0
7928,volatile,0.1.0
7929,stable,0.1.0
7930,volatile,0.1.0
7931,stable,0.1.0
7932,volatile,0.1.0
7933,stable,0.1.0
7934,stable,0.1.0
7935,volatile,0.1.0
7936,stable,0.1.0
7937,stable,0.1.0
7938,stable,0.1.0
7939,stable,0.1.0
7940,volatile,0.1.0
7941,stable,0.1.0
7942,stable,0.1.0
7943,volatile,0.1.0
7944,volatile,0.1.0
7945,volatile,0.1.0
7946,stable,0.1.0
7947,borderline,0.1.0
7948,volatile,0.1.0
7949,stable,0.1.0
7950,borderline,0.1.0
7951,volatile,0.1.0
7952,volatile,0.1.0
7953,borderline,0.1.0
7954,stable,0.1.0
7955,borderline,0.1.0
7956,volatile,0.1.0
7957,stable,0.1.0
7958,stable,0.1.0
7959,stable,0.1.0
7960,borderline,0.1.0
7961,stable,0.1.0
7962,stable,0.1.0
7963,volatile,0.1.0
7964,borderline,0.1.0
7965,stable,0.1.0
7966,borderline,0.1.0
7967,volatile,0.1.0
7968,borderline,0.1.0
7969,stable,0.1.0
7970,stable,0.1.0
7971,volatile,0.1.0
7972,stable,0.1.0
7973,volatile,0.1.0
7974,stable,0.1.0
7975,borderline,0.1.0
7976,borderline,0.1.0
7977,borderline,0.1.0
7978,borderline,0.1.0
7979,borderline,0.1.0
7980,volatile,0.1.0
7981,stable,0.1.0
7982,borderline,0.1.0
7983,borderline,0.1.0
7984,borderline,0.1.0
7985,borderline,0.1.0
7986,stable,0.1.0
7987,borderline,0.1.0
7988,borderline,0.1.0
7989,volatile,0.1.0
7990,borderline,0.1.0
7991,volatile,0.1.0
7992,borderline,0.1.0
7993,stable,0.1.0
7994,borderline,0.1.0
7995,stable,0.1.0
7996,stable,0.1.0
7997,stable,0.1.0
7998,volatile,0.1.0
7999,stable,0.1.0
8000,borderline,0.1.0
8001,volatile,0.1.0
8002,borderline,0.1.0
8003,stable,0.1.0
8004,stable,0.1.0
8005,borderline,0.1.0
8006,borderline,0.1.0
8007,volatile,0.1.0
8008,borderline,0.1.0
8009,borderline,0.1.0
8010,volatile,0.1.0
8011,borderline,0.1.0
8012,borderline,0.1.0
8013,volatile,0.1.0
8014,stable,0.1.0
8015,stable,0.1.0
8016,stable,0.1.0
8017,borderline,0.1.0
8018,borderline,0.1.0
8019,stable,0.1.0
8020,volatile,0.1.0
8021,stable,0.1.0
8022,stable,0.1.0
8023,borderline,0.1.0
8024,volatile,0.1.0
8025,stable,0.1.0
8026,volatile,0.1.0
8027,stable,0.1.0
8028,borderline,0.1.0
8029,borderline,0.1.0
8030,volatile,0.1.0
8031,volatile,0.1.0
8032,stable,0.1.0
8033,volatile,0.1.0
8034,stable,0.1.0
8035,stable,0.1.0
8036,borderline,0.1.0
8037,volatile,0.1.0
8038,volatile,0.1.0
8039,stable,0.1.0
8040,borderline,0.1.0
8041,stable,0.1.0
8042,volatile,0.1.0
8043,borderline,0.1.0
8044,volatile,0.1.0
8045,borderline,0.1.0
8046,stable,0.1.0
8047,borderline,0.1.0
8048,borderline,0.1.0
8049,volatile,0.1.0
8050,volatile,0.1.0
8051,stable,0.1.0
8052,borderline,0.1.0
8053,borderline,0.1.0
8054,borderline,0.1.0
8055,borderline,0.1.0
8056,volatile,0.1.0
8057,volatile,0.1.0
8058,stable,0.1.0
8059,borderline,0.1.0
8060,borderline,0.1.0
8061,volatile,0.1.0
8062,stable,0.1.0
8063,volatile,0.1.0
8064,borderline,0.1.0
8065,borderline,0.1.0
8066,stable,0.1.0
8067,stable,0.1.0
8068,volatile,0.1.0
8069,stable,0.1.0
8070,borderline,0.1.0
8071,volatile,0.1.0
8072,volatile,0.1.0
8073,stable,0.1.0
8074,volatile,0.1.0
8075,borderline,0.1.0
8076,volatile,0.1.0
8077,stable,0.1.0
8078,stable,0.1.0
8079,borderline,0.1.0
8080,borderline,0.1.0
8081,stable,0.1.0
8082,volatile,0.1.0
8083,stable,0.1.0
8084,volatile,0.1.0
8085,stable,0.1.0
8086,borderline,0.1.0
8087,borderline,0.1.0
8088,stable,0.1.0
8089,volatile,0.1.0
8090,stable,0.1.0
8091,stable,0.1.0
8092,stable,0.1.0
8093,stable,0.1.0
8094,borderline,0.1.0
8095,stable,0.1.0
8096,borderline,0.1.0
8097,stable,0.1.0
8098,volatile,0.1.0
8099,volatile,0.1.0
8100,borderline,0.1.0
8101,stable,0.1.0
8102,stable,0.1.0
8103,borderline,0.1.0
8104,borderline,0.1.0
8105,volatile,0.1.0
8106,stable,0.1.0
8107,stable,0.1.0
8108,borderline,0.1.0
8109,volatile,0.1.0
8110,volatile,0.1.0
8111,stable,0.1.0
8112,stable,0.1.0
8113,borderline,0.1.0
8114,borderline,0.1.0
8115,stable,0.1.0
8116,borderline,0.1.0
8117,volatile,0.1.0
8118,stable,0.1.0
8119,stable,0.1.0
8120,borderline,0.1.0
8121,stable,0.1.0
8122,volatile,0.1.0
8123,borderline,0.1.0
8124,stable,0.1.0
8125,borderline,0.1.0
8126,stable,0.1.0
8127,volatile,0.1.0
8128,volatile,0.1.0
8129,volatile,0.1.0
8130,volatile,0.1.0
8131,volatile,0.1.0
8132,borderline,0.1.0
8133,borderline,0.1.0
8134,borderline,0.1.0
8135,stable,0.1.0
8136,volatile,0.1.0
8137,volatile,0.1.0
8138,stable,0.1.0
8139,borderline,0.1.0
8140,stable,0.1.0
8141,stable,0.1.0
8142,stable,0.1.0
8143,stable,0.1.0
8144,stable,0.1.0
8145,volatile,0.1.0
8146,volatile,0.1.0
8147,stable,0.1.0
8148,stable,0.1.0
8149,borderline,0.1.0
8150,stable,0.1.0
8151,volatile,0.1.0
8152,volatile,0.1.0
8153,volatile,0.1.0
8154,borderline,0.1.0
8155,volatile,0.1.0
8156,borderline,0.1.0
8157,borderline,0.1.0
8158,stable,0.1.0
8159,stable,0.1.0
8160,stable,0.1.0
8161,stable,0.1.0
8162,volatile,0.1.0
8163,stable,0.1.0
8164,stable,0.1.0
8165,stable,0.1.0
8166,volatile,0.1.0
8167,volatile,0.1.0
8168,borderline,0.1.0
8169,stable,0.1.0
8170,stable,0.1.0
8171,borderline,0.1.0
8172,volatile,0.1.0
8173,volatile,0.1.0
8174,volatile,0.1.0
8175,stable,0.1.0
8176,borderline,0.1.0
8177,volatile,0.1.0
8178,volatile,0.1.0
8179,volatile,0.1.0
8180,stable,0.1.0
8181,stable,0.1.0
8182,borderline,0.1.0
8183,volatile,0.1.0
8184,stable,0.1.0
8185,stable,0.1.0
8186,borderline,0.1.0
8187,stable,0.1.0
8188,volatile,0.1.0
8189,volatile,0.1.0
8190,borderline,0.1.0
8191,volatile,0.1.0
8192,borderline,0.1.0
8193,stable,0.1.0
8194,borderline,0.1.0
8195,borderline,0.1.0
8196,volatile,0.1.0
8197,volatile,0.1.0
8198,stable,0.1.0
8199,volatile,0.1.0
8200,stable,0.1.0
8201,stable,0.1.0
8202,borderline,0.1.0
8203,stable,0.1.0
8204,volatile,0.1.0
8205,stable,0.1.0
8206,stable,0.1.0
8207,stable,0.1.0
8208,stable,0.1.0
8209,volatile,0.1.0
8210,borderline,0.1.0
8211,volatile,0.1.0
8212,borderline,0.1.0
8213,volatile,0.1.0
8214,volatile,0.1.0
8215,stable,0.1.0
8216,stable,0.1.0
8217,borderline,0.1.0
8218,volatile,0.1.0
8219,volatile,0.1.0
8220,borderline,0.1.0
8221,stable,0.1.0
8222,borderline,0.1.0
8223,stable,0.1.0
8224,borderline,0.1.0
8225,stable,0.1.0
8226,stable,0.1.0
8227,volatile,0.1.0
8228,stable,0.1.0
8229,borderline,0.1.0
8230,volatile,0.1.0
8231,stable,0.1.0
8232,stable,0.1.0
8233,borderline,0.1.0
8234,volatile,0.1.0
8235,borderline,0.1.0
8236,stable,0.1.0
8237,borderline,0.1.0
8238,volatile,0.1.0
8239,volatile,0.1.0
8240,stable,0.1.0
8241,stable,0.1.0
8242,borderline,0.1.0
8243,borderline,0.1.0
8244,stable,0.1.0
8245,borderline,0.1.0
8246,stable,0.1.0
8247,stable,0.1.0
8248,stable,0.1.0
8249,stable,0.1.0
8250,stable,0.1.0
8251,stable,0.1.0
8252,stable,0.1.0
8253,borderline,0.1.0
8254,borderline,0.1.0
8255,volatile,0.1.0
8256,stable,0.1.0
8257,borderline,0.1.0
8258,stable,0.1.0
8259,borderline,0.1.0
8260,volatile,0.1.0
8261,stable,0.1.0
8262,stable,0.1.0
8263,borderline,0.1.0
8264,borderline,0.1.0
8265,volatile,0.1.0
8266,borderline,0.1.0
8267,borderline,0.1.0
8268,stable,0.1.0
8269,borderline,0.1.0
8270,stable,0.1.0
8271,volatile,0.1.0
8272,stable,0.1.0
8273,borderline,0.1.0
8274,borderline,0.1.0
8275,stable,0.1.0
8276,stable,0.1.0
8277,volatile,0.1.0
8278,borderline,0.1.0
8279,borderline,0.1.0
8280,stable,0.1.0
8281,volatile,0.1.0
8282,volatile,0.1.0
8283,stable,0.1.0
8284,volatile,0.1.0
8285,stable,0.1.0
8286,stable,0.1.0
8287,volatile,0.1.0
8288,borderline,0.1.0
8289,stable,0.1.0
8290,stable,0.1.0
8291,borderline,0.1.0
8292,borderline,0.1.0
8293,volatile,0.1.0
8294,stable,0.1.0
8295,volatile,0.1.0
8296,volatile,0.1.0
8297,volatile,0.1.0
8298,stable,0.1.0
8299,stable,0.1.0
8300,stable,0.1.0
8301,borderline,0.1.0
8302,stable,0.1.0
8303,stable,0.1.0
8304,volatile,0.1.0
8305,borderline,0.1.0
8306,stable,0.1.0
8307,volatile,0.1.0
8308,volatile,0.1.0
8309,stable,0.1.0
8310,borderline,0.1.0
8311,borderline,0.1.0
8312,stable,0.1.0
8313,stable,0.1.0
8314,stable,0.1.0
8315,stable,0.1.0
8316,volatile,0.1.0
8317,borderline,0.1.0
8318,borderline,0.1.0
8319,stable,0.1.0
8320,volatile,0.1.0
8321,stable,0.1.0
8322,volatile,0.1.0
8323,stable,0.1.0
8324,borderline,0.1.0
8325,borderline,0.1.0
8326,stable,0.1.0
8327,volatile,0.1.0
8328,volatile,0.1.0
8329,borderline,0.1.0
8330,volatile,0.1.0
8331,stable,0.1.0
8332,volatile,0.1.0
8333,stable,0.1.0
8334,volatile,0.1.0
8335,stable,0.1.0
8336,volatile,0.1.0
8337,borderline,0.1.0
8338,stable,0.1.0
8339,volatile,0.1.0
8340,borderline,0.1.0
8341,stable,0.1.0
8342,volatile,0.1.0
8343,volatile,0.1.0
8344,stable,0.1.0
8345,borderline,0.1.0
8346,volatile,0.1.0
8347,volatile,0.1.0
8348,stable,0.1.0
8349,stable,0.1.0
8350,stable,0.1.0
8351,borderline,0.1.0
8352,borderline,0.1.0
8353,borderline,0.1.0
8354,stable,0.1.0
8355,volatile,0.1.0
8356,borderline,0.1.0
8357,volatile,0.1.0
8358,stable,0.1.0
8359,borderline,0.1.0
8360,stable,0.1.0
8361,stable,0.1.0
8362,borderline,0.1.0
8363,volatile,0.1.0
8364,stable,0.1.0
8365,volatile,0.1.0
8366,borderline,0.1.0
8367,stable,0.1.0
8368,borderline,0.1.0
8369,stable,0.1.0
8370,stable,0.1.0
8371,volatile,0.1.0
8372,volatile,0.1.0
8373,stable,0.1.0
8374,volatile,0.1.0
8375,volatile,0.1.0
8376,volatile,0.1.0
8377,borderline,0.1.0
8378,borderline,0.1.0
8379,volatile,0.1.0
8380,volatile,0.1.0
8381,volatile,0.1.0
8382,volatile,0.1.0
8383,stable,0.1.0
8384,stable,0.1.0
8385,stable,0.1.0
8386,stable,0.1.0
8387,borderline,0.1.0
8388,volatile,0.1.0
8389,volatile,0.1.0
8390,volatile,0.1.0
8391,volatile,0.1.0
8392,volatile,0.1.0
8393,volatile,0.1.0
8394,borderline,0.1.0
8395,stable,0.1.0
8396,volatile,0.1.0
8397,volatile,0.1.0
8398,borderline,0.1.0
8399,borderline,0.1.0
8400,borderline,0.1.0
8401,volatile,0.1.0
8402,stable,0.1.0
8403,volatile,0.1.0
8404,borderline,0.1.0
8405,borderline,0.1.0
8406,borderline,0.1.0
8407,stable,0.1.0
8408,borderline,0.1.0
8409,borderline,0.1.0
8410,volatile,0.1.0
8411,volatile,0.1.0
8412,volatile,0.1.0
8413,volatile,0.1.0
8414,stable,0.1.0
8415,stable,0.1.0
8416,borderline,0.1.0
8417,borderline,0.1.0
8418,borderline,0.1.0
8419,stable,0.1.0
8420,stable,0.1.0
8421,stable,0.1.0
8422,borderline,0.1.0
8423,volatile,0.1.0
8424,borderline,0.1.0
8425,stable,0.1.0
8426,volatile,0.1.0
8427,borderline,0.1.0
8428,stable,0.1.0
8429,borderline,0.1.0
8430,volatile,0.1.0
8431,stable,0.1.0
8432,stable,0.1.0
8433,borderline,0.1.0
8434,volatile,0.1.0
8435,borderline,0.1.0
8436,borderline,0.1.0
8437,volatile,0.1.0
8438,borderline,0.1.0
8439,borderline,0.1.0
8440,stable,0.1.0
8441,borderline,0.1.0
8442,stable,0.1.0
8443,stable,0.1.0
8444,volatile,0.1.0
8445,borderline,0.1.0
8446,stable,0.1.0
8447,volatile,0.1.0
8448,volatile,0.1.0
8449,stable,0.1.0
8450,borderline,0.1.0
8451,borderline,0.1.0
8452,stable,0.1.0
8453,stable,0.1.0
8454,borderline,0.1.0
8455,stable,0.1.0
8456,stable,0.1.0
8457,borderline,0.1.0
8458,borderline,0.1.0
8459,volatile,0.1.0
8460,volatile,0.1.0
8461,borderline,0.1.0
8462,volatile,0.1.0
8463,volatile,0.1.0
8464,borderline,0.1.0
8465,volatile,0.1.0
8466,volatile,0.1.0
8467,stable,0.1.0
8468,volatile,0.1.0
8469,volatile,0.1.0
8470,stable,0.1.0
8471,volatile,0.1.0
8472,borderline,0.1.0
8473,volatile,0.1.0
8474,stable,0.1.0
8475,stable,0.1.0
8476,stable,0.1.0
8477,borderline,0.1.0
8478,volatile,0.1.0
8479,stable,0.1.0
8480,borderline,0.1.0
8481,stable,0.1.0
8482,stable,0.1.0
8483,borderline,0.1.0
8484,volatile,0.1.0
8485,borderline,0.1.0
8486,borderline,0.1.0
8487,borderline,0.1.0
8488,stable,0.1.0
8489,borderline,0.1.0
8490,borderline,0.1.0
8491,stable,0.1.0
8492,borderline,0.1.0
8493,volatile,0.1.0
8494,borderline,0.1.0
8495,volatile,0.1.0
8496,volatile,0.1.0
8497,stable,0.1.0
8498,borderline,0.1.0
8499,volatile,0.1.0
8500,stable,0.1.0
8501,stable,0.1.0
8502,borderline,0.1.0
8503,stable,0.1.0
8504,volatile,0.1.0
8505,volatile,0.1.0
8506,stable,0.1.0
8507,volatile,0.1.0
8508,stable,0.1.0
8509,borderline,0.1.0
8510,borderline,0.1.0
8511,stable,0.1.0
8512,volatile,0.1.0
8513,volatile,0.1.0
8514,borderline,0.1.0
8515,stable,0.1.0
8516,volatile,0.1.0
8517,borderline,0.1.0
8518,stable,0.1.0
8519,volatile,0.1.0
8520,stable,0.1.0
8521,volatile,0.1.0
8522,stable,0.1.0
8523,borderline,0.1.0
8524,volatile,0.1.0
8525,stable,0.1.0
8526,borderline,0.1.0
8527,borderline,0.1.0
8528,volatile,0.1.0
8529,borderline,0.1.0
8530,stable,0.1.0
8531,volatile,0.1.0
8532,stable,0.1.0
8533,stable,0.1.0
8534,borderline,0.1.0
8535,borderline,0.1.0
8536,stable,0.1.0
8537,stable,0.1.0
8538,borderline,0.1.0
8539,stable,0.1.0
8540,stable,0.1.0
8541,stable,0.1.0
8542,stable,0.1.0
8543,stable,0.1.0
8544,borderline,0.1.0
8545,stable,0.1.0
8546,volatile,0.1.0
8547,borderline,0.1.0
8548,volatile,0.1.0
8549,borderline,0.1.0
8550,volatile,0.1.0
8551,volatile,0.1.0
8552,volatile,0.1.0
8553,borderline,0.1.0
8554,borderline,0.1.0
8555,borderline,0.1.0
8556,stable,0.1.0
8557,volatile,0.1.0
8558,borderline,0.1.0
8559,stable,0.1.0
8560,borderline,0.1.0
8561,stable,0.1.0
8562,stable,0.1.0
8563,borderline,0.1.0
8564,stable,0.1.0
8565,volatile,0.1.0
8566,stable,0.1.0
8567,borderline,0.1.0
8568,volatile,0.1.0
8569,volatile,0.1.0
8570,borderline,0.1.0
8571,volatile,0.1.0
8572,borderline,0.1.0
8573,borderline,0.1.0
8574,volatile,0.1.0
8575,borderline,0.1.0
8576,volatile,0.1.0
8577,stable,0.1.0
8578,stable,0.1.0
8579,volatile,0.1.0
8580,stable,0.1.0
8581,volatile,0.1.0
8582,stable,0.1.0
8583,volatile,0.1.0
8584,stable,0.1.0
8585,borderline,0.1.0
8586,stable,0.1.0
8587,stable,0.1.0
8588,volatile,0.1.0
8589,volatile,0.1.0
8590,volatile,0.1.0
8591,volatile,0.1.0
8592,stable,0.1.0
8593,borderline,0.1.0
8594,volatile,0.1.0
8595,stable,0.1.0
8596,borderline,0.1.0
8597,volatile,0.1.0
8598,volatile,0.1.0
8599,volatile,0.1.0
8600,volatile,0.1.0
8601,volatile,0.1.0
8602,stable,0.1.0
8603,stable,0.1.0
8604,borderline,0.1.0
8605,volatile,0.1.0
8606,volatile,0.1.0
8607,stable,0.1.0
8608,borderline,0.1.0
8609,stable,0.1.0
8610,stable,0.1.0
8611,stable,0.1.0
8612,borderline,0.1.0
8613,volatile,0.1.0
8614,stable,0.1.0
8615,stable,0.1.0
8616,volatile,0.1.0
8617,volatile,0.1.0
8618,volatile,0.1.0
8619,stable,0.1.0
8620,borderline,0.1.0
8621,borderline,0.1.0
8622,volatile,0.1.0
8623,stable,0.1.0
8624,volatile,0.1.0
8625,stable,0.1.0
8626,stable,0.1.0
8627,stable,0.1.0
8628,borderline,0.1.0
8629,volatile,0.1.0
8630,borderline,0.1.0
8631,volatile,0.1.0
8632,volatile,0.1.0
8633,stable,0.1.0
8634,volatile,0.1.0
8635,stable,0.1.0
8636,volatile,0.1.0
8637,stable,0.1.0
8638,stable,0.1.0
8639,volatile,0.1.0
8640,stable,0.1.0
8641,stable,0.1.0
8642,borderline,0.1.0
8643,stable,0.1.0
8644,stable,0.1.0
8645,stable,0.1.0
8646,stable,0.1.0
8647,volatile,0.1.0
8648,stable,0.1.0
8649,volatile,0.1.0
8650,volatile,0.1.0
8651,stable,0.1.0
8652,borderline,0.1.0
8653,borderline,0.1.0
8654,stable,0.1.0
8655,stable,0.1.0
8656,stable,0.1.0
8657,stable,0.1.0
8658,volatile,0.1.0
8659,volatile,0.1.0
8660,volatile,0.1.0
8661,stable,0.1.0
8662,stable,0.1.0
8663,borderline,0.1.0
8664,borderline,0.1.0
8665,stable,0.1.0
8666,volatile,0.1.0
8667,volatile,0.1.0
8668,volatile,0.1.0
8669,volatile,0.1.0
8670,borderline,0.1.0
8671,stable,0.1.0
8672,stable,0.1.0
8673,borderline,0.1.0
8674,stable,0.1.0
8675,stable,0.1.0
8676,borderline,0.1.0
8677,borderline,0.1.0
8678,volatile,0.1.0
8679,borderline,0.1.0
8680,volatile,0.1.0
8681,stable,0.1.0
8682,volatile,0.1.0
8683,borderline,0.1.0
8684,borderline,0.1.0
8685,stable,0.1.0
8686,stable,0.1.0
8687,borderline,0.1.0
8688,stable,0.1.0
8689,stable,0.1.0
8690,borderline,0.1.0
8691,volatile,0.1.0
8692,stable,0.1.0
8693,stable,0.1.0
8694,stable,0.1.0
8695,borderline,0.1.0
8696,volatile,0.1.0
8697,stable,0.1.0
8698,stable,0.1.0
8699,stable,0.1.0
8700,stable,0.1.0
8701,stable,0.1.0
8702,volatile,0.1.0
8703,stable,0.1.0
8704,stable,0.1.0
8705,volatile,0.1.0
8706,volatile,0.1.0
8707,stable,0.1.0
8708,stable,0.1.0
8709,stable,0.1.0
8710,stable,0.1.0
8711,borderline,0.1.0
8712,stable,0.1.0
8713,borderline,0.1.0
8714,borderline,0.1.0
8715,stable,0.1.0
8716,stable,0.1.0
8717,stable,0.1.0
8718,stable,0.1.0
8719,volatile,0.1.0
8720,stable,0.1.0
8721,borderline,0.1.0
8722,volatile,0.1.0
8723,borderline,0.1.0
8724,borderline,0.1.0
8725,volatile,0.1.0
8726,borderline,0.1.0
8727,borderline,0.1.0
8728,stable,0.1.0
8729,stable,0.1.0
8730,stable,0.1.0
8731,stable,0.1.0
8732,volatile,0.1.0
8733,stable,0.1.0
8734,volatile,0.1.0
8735,borderline,0.1.0
8736,stable,0.1.0
8737,volatile,0.1.0
8738,stable,0.1.0
8739,borderline,0.1.0
8740,volatile,0.1.0
8741,stable,0.1.0
8742,volatile,0.1.0
8743,stable,0.1.0
8744,borderline,0.1.0
8745,volatile,0.1.0
8746,volatile,0.1.0
8747,volatile,0.1.0
8748,borderline,0.1.0
8749,borderline,0.1.0
8750,volatile,0.1.0
8751,borderline,0.1.0
8752,volatile,0.1.0
8753,borderline,0.1.0
8754,borderline,0.1.0
8755,stable,0.1.0
8756,stable,0.1.0
8757,stable,0.1.0
8758,stable,0.1.0
8759,stable,0.1.0
8760,stable,0.1.0
8761,volatile,0.1.0
8762,stable,0.1.0
8763,stable,0.1.0
8764,volatile,0.1.0
8765,stable,0.1.0
8766,volatile,0.1.0
8767,borderline,0.1.0
8768,borderline,0.1.0
8769,volatile,0.1.0
8770,stable,0.1.0
8771,stable,0.1.0
8772,borderline,0.1.0
8773,volatile,0.1.0
8774,borderline,0.1.0
8775,volatile,0.1.0
8776,stable,0.1.0
8777,volatile,0.1.0
8778,borderline,0.1.0
8779,borderline,0.1.0
8780,stable,0.1.0
8781,volatile,0.1.0
8782,stable,0.1.0
8783,borderline,0.1.0
8784,stable,0.1.0
8785,borderline,0.1.0
8786,stable,0.1.0
8787,volatile,0.1.0
8788,volatile,0.1.0
8789,stable,0.1.0
8790,borderline,0.1.0
8791,borderline,0.1.0
8792,borderline,0.1.0
8793,stable,0.1.0
8794,borderline,0.1.0
8795,volatile,0.1.0
8796,volatile,0.1.0
8797,volatile,0.1.0
8798,volatile,0.1.0
8799,stable,0.1.0
8800,volatile,0.1.0
8801,stable,0.1.0
8802,stable,0.1.0
8803,stable,0.1.0
8804,stable,0.1.0
8805,borderline,0.1.0
8806,volatile,0.1.0
8807,stable,0.1.0
8808,borderline,0.1.0
8809,borderline,0.1.0
8810,borderline,0.1.0
8811,borderline,0.1.0
8812,borderline,0.1.0
8813,volatile,0.1.0
8814,borderline,0.1.0
8815,borderline,0.1.0
8816,stable,0.1.0
8817,borderline,0.1.0
8818,borderline,0.1.0
8819,borderline,0.1.0
8820,borderline,0.1.0
8821,stable,0.1.0
8822,volatile,0.1.0
8823,volatile,0.1.0
8824,borderline,0.1.0
8825,borderline,0.1.0
8826,borderline,0.1.0
8827,borderline,0.1.0
8828,borderline,0.1.0
8829,stable,0.1.0
8830,borderline,0.1.0
8831,stable,0.1.0
8832,volatile,0.1.0
8833,stable,0.1.0
8834,volatile,0.1.0
8835,stable,0.1.0
8836,stable,0.1.0
8837,volatile,0.1.0
8838,borderline,0.1.0
8839,stable,0.1.0
8840,volatile,0.1.0
8841,stable,0.1.0
8842,stable,0.1.0
8843,stable,0.1.0
8844,volatile,0.1.0
8845,borderline,0.1.0
8846,volatile,0.1.0
8847,borderline,0.1.0
8848,volatile,0.1.0
8849,borderline,0.1.0
8850,borderline,0.1.0
8851,stable,0.1.0
8852,stable,0.1.0
8853,stable,0.1.0
8854,volatile,0.1.0
8855,volatile,0.1.0
8856,stable,0.1.0
8857,borderline,0.1.0
8858,borderline,0.1.0
8859,stable,0.1.0
8860,stable,0.1.0
8861,stable,0.1.0
8862,stable,0.1.0
8863,borderline,0.1.0
8864,volatile,0.1.0
8865,stable,0.1.0
8866,volatile,0.1.0
8867,stable,0.1.0
8868,volatile,0.1.0
8869,volatile,0.1.0
8870,volatile,0.1.0
8871,volatile,0.1.0
8872,borderline,0.1.0
8873,stable,0.1.0
8874,borderline,0.1.0
8875,stable,0.1.0
8876,stable,0.1.0
8877,borderline,0.1.0
8878,volatile,0.1.0
8879,stable,0.1.0
8880,volatile,0.1.0
8881,borderline,0.1.0
8882,borderline,0.1.0
8883,volatile,0.1.0
8884,stable,0.1.0
8885,volatile,0.1.0
8886,stable,0.1.0
8887,stable,0.1.0
8888,volatile,0.1.0
8889,borderline,0.1.0
8890,stable,0.1.0
8891,borderline,0.1.0
8892,borderline,0.1.0
8893,borderline,0.1.0
8894,stable,0.1.0
8895,stable,0.1.0
8896,stable,0.1.0
8897,stable,0.1.0
8898,stable,0.1.0
8899,stable,0.1.0
8900,stable,0.1.0
8901,stable,0.1.0
8902,borderline,0.1.0
8903,borderline,0.1.0
8904,stable,0.1.0
8905,borderline,0.1.0
8906,stable,0.1.0
8907,volatile,0.1.0
8908,borderline,0.1.0
8909,volatile,0.1.0
8910,stable,0.1.0
8911,stable,0.1.0
8912,volatile,0.1.0
8913,volatile,0.1.0
8914,volatile,0.1.0
8915,volatile,0.1.0
8916,stable,0.1.0
8917,volatile,0.1.0
8918,stable,0.1.0
8919,borderline,0.1.0
8920,borderline,0.1.0
8921,volatile,0.1.0
8922,borderline,0.1.0
8923,stable,0.1.0
8924,stable,0.1.0
8925,volatile,0.1.0
8926,volatile,0.1.0
8927,borderline,0.1.0
8928,borderline,0.1.0
8929,stable,0.1.0
8930,stable,0.1.0
8931,volatile,0.1.0
8932,stable,0.1.0
8933,stable,0.1.0
8934,borderline,0.1.0
8935,borderline,0.1.0
8936,borderline,0.1.0
8937,stable,0.1.0
8938,stable,0.1.0
8939,volatile,0.1.0
8940,borderline,0.1.0
8941,stable,0.1.0
8942,stable,0.1.0
8943,stable,0.1.0
8944,borderline,0.1.0
8945,borderline,0.1.0
8946,volatile,0.1.0
8947,stable,0.1.0
8948,borderline,0.1.0
8949,volatile,0.1.0
8950,stable,0.1.0
8951,stable,0.1.0
8952,volatile,0.1.0
8953,stable,0.1.0
8954,borderline,0.1.0
8955,volatile,0.1.0
8956,stable,0.1.0
8957,volatile,0.1.0
8958,volatile,0.1.0
8959,stable,0.1.0
8960,volatile,0.1.0
8961,stable,0.1.0
8962,stable,0.1.0
8963,borderline,0.1.0
8964,volatile,0.1.0
8965,stable,0.1.0
8966,stable,0.1.0
8967,volatile,0.1.0
8968,stable,0.1.0
8969,borderline,0.1.0
8970,volatile,0.1.0
8971,borderline,0.1.0
8972,stable,0.1.0
8973,borderline,0.1.0
8974,stable,0.1.0
8975,stable,0.1.0
8976,stable,0.1.0
8977,stable,0.1.0
8978,borderline,0.1.0
8979,borderline,0.1.0
8980,volatile,0.1.0
8981,volatile,0.1.0
8982,volatile,0.1.0
8983,volatile,0.1.0
8984,borderline,0.1.0
8985,volatile,0.1.0
8986,borderline,0.1.0
8987,stable,0.1.0
8988,borderline,0.1.0
8989,stable,0.1.0
8990,stable,0.1.0
8991,borderline,0.1.0
8992,stable,0.1.0
8993,stable,0.1.0
8994,stable,0.1.0
8995,volatile,0.1.0
8996,borderline,0.1.0
8997,borderline,0.1.0
8998,volatile,0.1.0
8999,borderline,0.1.0
9000,volatile,0.1.0
9001,borderline,0.1.0
9002,stable,0.1.0
9003,volatile,0.1.0
9004,stable,0.1.0
9005,stable,0.1.0
9006,borderline,0.1.0
9007,stable,0.1.0
9008,volatile,0.1.0
9009,volatile,0.1.0
9010,stable,0.1.0
9011,volatile,0.1.0
9012,volatile,0.1.0
9013,borderline,0.1.0
9014,stable,0.1.0
9015,borderline,0.1.0
9016,borderline,0.1.0
9017,volatile,0.1.0
9018,stable,0.1.0
9019,borderline,0.1.0
9020,borderline,0.1.0
9021,stable,0.1.0
9022,borderline,0.1.0
9023,borderline,0.1.0
9024,volatile,0.1.0
9025,borderline,0.1.0
9026,volatile,0.1.0
9027,borderline,0.1.0
9028,borderline,0.1.0
9029,stable,0.1.0
9030,stable,0.1.0
9031,stable,0.1.0
9032,borderline,0.1.0
9033,stable,0.1.0
9034,borderline,0.1.0
9035,volatile,0.1.0
9036,stable,0.1.0
9037,borderline,0.1.0
9038,volatile,0.1.0
9039,stable,0.1.0
9040,stable,0.1.0
9041,stable,0.1.0
9042,stable,0.1.0
9043,stable,0.1.0
9044,volatile,0.1.0
9045,stable,0.1.0
9046,stable,0.1.0
9047,stable,0.1.0
9048,volatile,0.1.0
9049,borderline,0.1.0
9050,stable,0.1.0
9051,stable,0.1.0
9052,volatile,0.1.0
9053,borderline,0.1.0
9054,borderline,0.1.0
9055,borderline,0.1.0
9056,borderline,0.1.0
9057,volatile,0.1.0
9058,borderline,0.1.0
9059,stable,0.1.0
9060,borderline,0.1.0
9061,borderline,0.1.0
9062,borderline,0.1.0
9063,volatile,0.1.0
9064,borderline,0.1.0
9065,stable,0.1.0
9066,volatile,0.1.0
9067,stable,0.1.0
9068,volatile,0.1.0
9069,volatile,0.1.0
9070,stable,0.1.0
9071,stable,0.1.0
9072,stable,0.1.0
9073,volatile,0.1.0
9074,volatile,0.1.0
9075,borderline,0.1.0
9076,stable,0.1.0
9077,borderline,0.1.0
9078,volatile,0.1.0
9079,stable,0.1.0
9080,stable,0.1.0
9081,volatile,0.1.0
9082,stable,0.1.0
9083,stable,0.1.0
9084,stable,0.1.0
9085,stable,0.1.0
9086,stable,0.1.0
9087,stable,0.1.0
9088,borderline,0.1.0
9089,volatile,0.1.0
9090,volatile,0.1.0
9091,volatile,0.1.0
9092,volatile,0.1.0
9093,stable,0.1.0
9094,stable,0.1.0
9095,stable,0.1.0
9096,volatile,0.1.0
9097,volatile,0.1.0
9098,stable,0.1.0
9099,volatile,0.1.0
9100,borderline,0.1.0
9101,stable,0.1.0
9102,volatile,0.1.0
9103,volatile,0.1.0
9104,borderline,0.1.0
9105,borderline,0.1.0
9106,borderline,0.1.0
9107,stable,0.1.0
9108,volatile,0.1.0
9109,borderline,0.1.0
9110,stable,0.1.0
9111,borderline,0.1.0
9112,stable,0.1.0
9113,volatile,0.1.0
9114,volatile,0.1.0
9115,volatile,0.1.0
9116,borderline,0.1.0
9117,stable,0.1.0
9118,volatile,0.1.0
9119,volatile,0.1.0
9120,borderline,0.1.0
9121,volatile,0.1.0
9122,borderline,0.1.0
9123,borderline,0.1.0
9124,stable,0.1.0
9125,borderline,0.1.0
9126,borderline,0.1.0
9127,stable,0.1.0
9128,volatile,0.1.0
9129,stable,0.1.0
9130,volatile,0.1.0
9131,stable,0.1.0
9132,borderline,0.1.0
9133,volatile,0.1.0
9134,volatile,0.1.0
9135,stable,0.1.0
9136,volatile,0.1.0
9137,volatile,0.1.0
9138,volatile,0.1.0
9139,stable,0.1.0
9140,stable,0.1.0
9141,volatile,0.1.0
9142,borderline,0.1.0
9143,stable,0.1.0
9144,volatile,0.1.0
9145,stable,0.1.0
9146,borderline,0.1.0
9147,stable,0.1.0
9148,volatile,0.1.0
9149,stable,0.1.0
9150,stable,0.1.0
9151,stable,0.1.0
9152,stable,0.1.0
9153,volatile,0.1.0
9154,borderline,0.1.0
9155,volatile,0.1.0
9156,borderline,0.1.0
9157,volatile,0.1.0
9158,stable,0.1.0
9159,stable,0.1.0
9160,volatile,0.1.0
9161,stable,0.1.0
9162,borderline,0.1.0
9163,volatile,0.1.0
9164,volatile,0.1.0
9165,volatile,0.1.0
9166,stable,0.1.0
9167,volatile,0.1.0
9168,stable,0.1.0
9169,stable,0.1.0
9170,stable,0.1.0
9171,stable,0.1.0
9172,volatile,0.1.0
9173,stable,0.1.0
9174,stable,0.1.0
9175,borderline,0.1.0
9176,borderline,0.1.0
9177,volatile,0.1.0
9178,volatile,0.1.0
9179,borderline,0.1.0
9180,stable,0.1.0
9181,volatile,0.1.0
9182,stable,0.1.0
9183,volatile,0.1.0
9184,borderline,0.1.0
9185,borderline,0.1.0
9186,borderline,0.1.0
9187,borderline,0.1.0
9188,volatile,0.1.0
9189,borderline,0.1.0
9190,volatile,0.1.0
9191,volatile,0.1.0
9192,stable,0.1.0
9193,volatile,0.1.0
9194,stable,0.1.0
9195,volatile,0.1.0
9196,stable,0.1.0
9197,volatile,0.1.0
9198,stable,0.1.0
9199,stable,0.1.0
9200,volatile,0.1.0
9201,stable,0.1.0
9202,borderline,0.1.0
9203,volatile,0.1.0
9204,stable,0.1.0
9205,stable,0.1.0
9206,borderline,0.1.0
9207,volatile,0.1.0
9208,volatile,0.1.0
9209,stable,0.1.0
9210,borderline,0.1.0
9211,borderline,0.1.0
9212,stable,0.1.0
9213,stable,0.1.0
9214,stable,0.1.0
9215,stable,0.1.0
9216,borderline,0.1.0
9217,borderline,0.1.0
9218,borderline,0.1.0
9219,borderline,0.1.0
9220,stable,0.1.0
9221,borderline,0.1.0
9222,stable,0.1.0
9223,stable,0.1.0
9224,volatile,0.1.0
9225,stable,0.1.0
9226,borderline,0.1.0
9227,borderline,0.1.0
9228,borderline,0.1.0
9229,borderline,0.1.0
9230,stable,0.1.0
9231,stable,0.1.0
9232,borderline,0.1.0
9233,volatile,0.1.0
9234,borderline,0.1.0
9235,stable,0.1.0
9236,stable,0.1.0
9237,stable,0.1.0
9238,volatile,0.1.0
9239,borderline,0.1.0
9240,borderline,0.1.0
9241,stable,0.1.0
9242,volatile,0.1.0
9243,stable,0.1.0
9244,stable,0.1.0
9245,stable,0.1.0
9246,volatile,0.1.0
9247,volatile,0.1.0
9248,stable,0.1.0
9249,volatile,0.1.0
9250,borderline,0.1.0
9251,stable,0.1.0
9252,stable,0.1.0
9253,borderline,0.1.0
9254,borderline,0.1.0
9255,borderline,0.1.0
9256,stable,0.1.0
9257,volatile,0.1.0
9258,borderline,0.1.0
9259,stable,0.1.0
9260,volatile,0.1.0
9261,borderline,0.1.0
9262,stable,0.1.0
9263,borderline,0.1.0
9264,borderline,0.1.0
9265,stable,0.1.0
9266,borderline,0.1.0
9267,volatile,0.1.0
9268,borderline,0.1.0
9269,borderline,0.1.0
9270,borderline,0.1.0
9271,stable,0.1.0
9272,borderline,0.1.0
9273,borderline,0.1.0
9274,volatile,0.1.0
9275,volatile,0.1.0
9276,stable,0.1.0
9277,borderline,0.1.0
9278,stable,0.1.0
9279,stable,0.1.0
9280,borderline,0.1.0
9281,borderline,0.1.0
9282,borderline,0.1.0
9283,volatile,0.1.0
9284,stable,0.1.0
9285,volatile,0.1.0
9286,stable,0.1.0
9287,borderline,0.1.0
9288,volatile,0.1.0
9289,volatile,0.1.0
9290,stable,0.1.0
9291,volatile,0.1.0
9292,borderline,0.1.0
9293,borderline,0.1.0
9294,stable,0.1.0
9295,stable,0.1.0
9296,stable,0.1.0
9297,stable,0.1.0
9298,borderline,0.1.0
9299,volatile,0.1.0
9300,stable,0.1.0
9301,borderline,0.1.0
9302,stable,0.1.0
9303,stable,0.1.0
9304,volatile,0.1.0
9305,stable,0.1.0
9306,volatile,0.1.0
9307,borderline,0.1.0
9308,borderline,0.1.0
9309,stable,0.1.0
9310,volatile,0.1.0
9311,stable,0.1.0
9312,volatile,0.1.0
9313,stable,0.1.0
9314,volatile,0.1.0
9315,stable,0.1.0
9316,borderline,0.1.0
9317,borderline,0.1.0
9318,stable,0.1.0
9319,borderline,0.1.0
9320,stable,0.1.0
9321,borderline,0.1.0
9322,stable,0.1.0
9323,stable,0.1.0
9324,volatile,0.1.0
9325,volatile,0.1.0
9326,volatile,0.1.0
9327,volatile,0.1.0
9328,stable,0.1.0
9329,stable,0.1.0
9330,volatile,0.1.0
9331,volatile,0.1.0
9332,stable,0.1.0
9333,stable,0.1.0
9334,volatile,0.1.0
9335,volatile,0.1.0
9336,borderline,0.1.0
9337,volatile,0.1.0
9338,volatile,0.1.0
9339,volatile,0.1.0
9340,stable,0.1.0
9341,stable,0.1.0
9342,stable,0.1.0
9343,borderline,0.1.0
9344,stable,0.1.0
9345,volatile,0.1.0
9346,volatile,0.1.0
9347,stable,0.1.0
9348,borderline,0.1.0
9349,volatile,0.1.0
9350,stable,0.1.0
9351,borderline,0.1.0
9352,volatile,0.1.0
9353,stable,0.1.0
9354,borderline,0.1.0
9355,volatile,0.1.0
9356,stable,0.1.0
9357,borderline,0.1.0
9358,volatile,0.1.0
9359,volatile,0.1.0
9360,stable,0.1.0
9361,stable,0.1.0
9362,volatile,0.1.0
9363,volatile,0.1.0
9364,volatile,0.1.0
9365,borderline,0.1.0
9366,stable,0.1.0
9367,borderline,0.1.0
9368,borderline,0.1.0
9369,borderline,0.1.0
9370,borderline,0.1.0
9371,borderline,0.1.0
9372,stable,0.1.0
9373,volatile,0.1.0
9374,borderline,0.1.0
9375,volatile,0.1.0
9376,stable,0.1.0
9377,borderline,0.1.0
9378,stable,0.1.0
9379,stable,0.1.0
9380,stable,0.1.0
9381,volatile,0.1.0
9382,volatile,0.1.0
9383,volatile,0.1.0
9384,borderline,0.1.0
9385,volatile,0.1.0
9386,volatile,0.1.0
9387,borderline,0.1.0
9388,borderline,0.1.0
9389,stable,0.1.0
9390,stable,0.1.0
9391,volatile,0.1.0
9392,borderline,0.1.0
9393,volatile,0.1.0
9394,stable,0.1.0
9395,borderline,0.1.0
9396,volatile,0.1.0
9397,volatile,0.1.0
9398,borderline,0.1.0
9399,borderline,0.1.0
9400,volatile,0.1.0
9401,volatile,0.1.0
9402,volatile,0.1.0
9403,volatile,0.1.0
9404,volatile,0.1.0
9405,borderline,0.1.0
9406,volatile,0.1.0
9407,volatile,0.1.0
9408,stable,0.1.0
9409,borderline,0.1.0
9410,volatile,0.1.0
9411,stable,0.1.0
9412,stable,0.1.0
9413,stable,0.1.0
9414,borderline,0.1.0
9415,borderline,0.1.0
9416,volatile,0.1.0
9417,volatile,0.1.0
9418,borderline,0.1.0
9419,volatile,0.1.0
9420,borderline,0.1.0
9421,stable,0.1.0
9422,stable,0.1.0
9423,volatile,0.1.0
9424,stable,0.1.0
9425,volatile,0.1.0
9426,borderline,0.1.0
9427,stable,0.1.0
9428,volatile,0.1.0
9429,volatile,0.1.0
9430,borderline,0.1.0
9431,volatile,0.1.0
9432,stable,0.1.0
9433,volatile,0.1.0
9434,volatile,0.1.0
9435,borderline,0.1.0
9436,volatile,0.1.0
9437,stable,0.1.0
9438,borderline,0.1.0
9439,volatile,0.1.0
9440,stable,0.1.0
9441,volatile,0.1.0
9442,borderline,0.1.0
9443,borderline,0.1.0
9444,stable,0.1.0
9445,borderline,0.1.0
9446,stable,0.1.0
9447,volatile,0.1.0
9448,volatile,0.1.0
9449,stable,0.1.0
9450,stable,0.1.0
9451,borderline,0.1.0
9452,stable,0.1.0
9453,borderline,0.1.0
9454,volatile,0.1.0
9455,volatile,0.1.0
9456,stable,0.1.0
9457,stable,0.1.0
9458,stable,0.1.0
9459,volatile,0.1.0
9460,borderline,0.1.0
9461,borderline,0.1.0
9462,stable,0.1.0
9463,stable,0.1.0
9464,stable,0.1.0
9465,borderline,0.1.0
9466,stable,0.1.0
9467,stable,0.1.0
9468,volatile,0.1.0
9469,volatile,0.1.0
9470,stable,0.1.0
9471,volatile,0.1.0
9472,stable,0.1.0
9473,stable,0.1.0
9474,stable,0.1.0
9475,stable,0.1.0
9476,borderline,0.1.0
9477,volatile,0.1.0
9478,borderline,0.1.0
9479,stable,0.1.0
9480,borderline,0.1.0
9481,borderline,0.1.0
9482,stable,0.1.0
9483,borderline,0.1.0
9484,volatile,0.1.0
9485,borderline,0.1.0
9486,stable,0.1.0
9487,volatile,0.1.0
9488,volatile,0.1.0
9489,borderline,0.1.0
9490,borderline,0.1.0
9491,stable,0.1.0
9492,borderline,0.1.0
9493,borderline,0.1.0
9494,volatile,0.1.0
9495,stable,0.1.0
9496,stable,0.1.0
9497,stable,0.1.0
9498,stable,0.1.0
9499,borderline,0.1.0
9500,stable,0.1.0
9501,volatile,0.1.0
9502,volatile,0.1.0
9503,volatile,0.1.0
9504,stable,0.1.0
9505,volatile,0.1.0
9506,volatile,0.1.0
9507,volatile,0.1.0
9508,stable,0.1.0
9509,borderline,0.1.0
9510,stable,0.1.0
9511,volatile,0.1.0
9512,volatile,0.1.0
9513,stable,0.1.0
9514,borderline,0.1.0
9515,stable,0.1.0
9516,borderline,0.1.0
9517,borderline,0.1.0
9518,stable,0.1.0
9519,stable,0.1.0
9520,stable,0.1.0
9521,borderline,0.1.0
9522,volatile,0.1.0
9523,stable,0.1.0
9524,volatile,0.1.0
9525,stable,0.1.0
9526,volatile,0.1.0
9527,volatile,0.1.0
9528,stable,0.1.0
9529,borderline,0.1.0
9530,stable,0.1.0
9531,volatile,0.1.0
9532,volatile,0.1.0
9533,borderline,0.1.0
9534,volatile,0.1.0
9535,borderline,0.1.0
9536,stable,0.1.0
9537,borderline,0.1.0
9538,stable,0.1.0
9539,borderline,0.1.0
9540,stable,0.1.0
9541,borderline,0.1.0
9542,borderline,0.1.0
9543,volatile,0.1.0
9544,volatile,0.1.0
9545,volatile,0.1.0
9546,stable,0.1.0
9547,volatile,0.1.0
9548,volatile,0.1.0
9549,volatile,0.1.0
9550,stable,0.1.0
9551,borderline,0.1.0
9552,stable,0.1.0
9553,volatile,0.1.0
9554,stable,0.1.0
9555,stable,0.1.0
9556,stable,0.1.0
9557,stable,0.1.0
9558,volatile,0.1.0
9559,volatile,0.1.0
9560,volatile,0.1.0
9561,volatile,0.1.0
9562,stable,0.1.0
9563,stable,0.1.0
9564,volatile,0.1.0
9565,volatile,0.1.0
9566,volatile,0.1.0
9567,stable,0.1.0
9568,borderline,0.1.0
9569,stable,0.1.0
9570,volatile,0.1.0
9571,stable,0.1.0
9572,volatile,0.1.0
9573,volatile,0.1.0
9574,borderline,0.1.0
9575,stable,0.1.0
9576,volatile,0.1.0
9577,stable,0.1.0
9578,volatile,0.1.0
9579,stable,0.1.0
9580,stable,0.1.0
9581,borderline,0.1.0
9582,stable,0.1.0
9583,stable,0.1.0
9584,borderline,0.1.0
9585,borderline,0.1.0
9586,borderline,0.1.0
9587,stable,0.1.0
9588,volatile,0.1.0
9589,borderline,0.1.0
9590,stable,0.1.0
9591,borderline,0.1.0
9592,stable,0.1.0
9593,borderline,0.1.0
9594,volatile,0.1.0
9595,volatile,0.1.0
9596,volatile,0.1.0
9597,stable,0.1.0
9598,stable,0.1.0
9599,borderline,0.1.0
9600,volatile,0.1.0
9601,volatile,0.1.0
9602,stable,0.1.0
9603,volatile,0.1.0
9604,stable,0.1.0
9605,stable,0.1.0
9606,borderline,0.1.0
9607,volatile,0.1.0
9608,volatile,0.1.0
9609,borderline,0.1.0
9610,stable,0.1.0
9611,borderline,0.1.0
9612,volatile,0.1.0
9613,volatile,0.1.0
9614,stable,0.1.0
9615,stable,0.1.0
9616,volatile,0.1.0
9617,stable,0.1.0
9618,stable,0.1.0
9619,volatile,0.1.0
9620,borderline,0.1.0
9621,stable,0.1.0
9622,borderline,0.1.0
9623,borderline,0.1.0
9624,borderline,0.1.0
9625,borderline,0.1.0
9626,borderline,0.1.0
9627,stable,0.1.0
9628,stable,0.1.0
9629,borderline,0.1.0
9630,volatile,0.1.0
9631,borderline,0.1.0
9632,borderline,0.1.0
9633,stable,0.1.0
9634,stable,0.1.0
9635,volatile,0.1.0
9636,stable,0.1.0
9637,volatile,0.1.0
9638,borderline,0.1.0
9639,volatile,0.1.0
9640,stable,0.1.0
9641,borderline,0.1.0
9642,stable,0.1.0
9643,borderline,0.1.0
9644,stable,0.1.0
9645,borderline,0.1.0
9646,volatile,0.1.0
9647,volatile,0.1.0
9648,volatile,0.1.0
9649,stable,0.1.0
9650,volatile,0.1.0
9651,borderline,0.1.0
9652,borderline,0.1.0
9653,stable,0.1.0
9654,volatile,0.1.0
9655,borderline,0.1.0
9656,borderline,0.1.0
9657,volatile,0.1.0
9658,stable,0.1.0
9659,borderline,0.1.0
9660,stable,0.1.0
9661,stable,0.1.0
9662,borderline,0.1.0
9663,stable,0.1.0
9664,borderline,0.1.0
9665,stable,0.1.0
9666,borderline,0.1.0
9667,borderline,0.1.0
9668,borderline,0.1.0
9669,borderline,0.1.0
9670,borderline,0.1.0
9671,stable,0.1.0
9672,borderline,0.1.0
9673,borderline,0.1.0
9674,volatile,0.1.0
9675,volatile,0.1.0
9676,stable,0.1.0
9677,volatile,0.1.0
9678,borderline,0.1.0
9679,volatile,0.1.0
9680,volatile,0.1.0
9681,volatile,0.1.0
9682,stable,0.1.0
9683,borderline,0.1.0
9684,stable,0.1.0
9685,stable,0.1.0
9686,stable,0.1.0
9687,borderline,0.1.0
9688,borderline,0.1.0
9689,stable,0.1.0
9690,stable,0.1.0
9691,volatile,0.1.0
9692,stable,0.1.0
9693,borderline,0.1.0
9694,stable,0.1.0
9695,volatile,0.1.0
9696,stable,0.1.0
9697,volatile,0.1.0
9698,volatile,0.1.0
9699,stable,0.1.0
9700,stable,0.1.0
9701,stable,0.1.0
9702,stable,0.1.0
9703,borderline,0.1.0
9704,stable,0.1.0
9705,stable,0.1.0
9706,stable,0.1.0
9707,borderline,0.1.0
9708,borderline,0.1.0
9709,borderline,0.1.0
9710,volatile,0.1.0
9711,borderline,0.1.0
9712,volatile,0.1.0
9713,borderline,0.1.0
9714,borderline,0.1.0
9715,stable,0.1.0
9716,volatile,0.1.0
9717,stable,0.1.0
9718,stable,0.1.0
9719,borderline,0.1.0
9720,stable,0.1.0
9721,borderline,0.1.0
9722,borderline,0.1.0
9723,volatile,0.1.0
9724,stable,0.1.0
9725,volatile,0.1.0
9726,borderline,0.1.0
9727,stable,0.1.0
9728,stable,0.1.0
9729,volatile,0.1.0
9730,borderline,0.1.0
9731,stable,0.1.0
9732,stable,0.1.0
9733,borderline,0.1.0
9734,stable,0.1.0
9735,stable,0.1.0
9736,volatile,0.1.0
9737,stable,0.1.0
9738,stable,0.1.0
9739,volatile,0.1.0
9740,volatile,0.1.0
9741,volatile,0.1.0
9742,stable,0.1.0
9743,volatile,0.1.0
9744,volatile,0.1.0
9745,borderline,0.1.0
9746,borderline,0.1.0
9747,volatile,0.1.0
9748,borderline,0.1.0
9749,borderline,0.1.0
9750,stable,0.1.0
9751,borderline,0.1.0
9752,borderline,0.1.0
9753,stable,0.1.0
9754,stable,0.1.0
9755,volatile,0.1.0
9756,volatile,0.1.0
9757,borderline,0.1.0
9758,volatile,0.1.0
9759,stable,0.1.0
9760,stable,0.1.0
9761,borderline,0.1.0
9762,stable,0.1.0
9763,borderline,0.1.0
9764,stable,0.1.0
9765,volatile,0.1.0
9766,volatile,0.1.0
9767,stable,0.1.0
9768,volatile,0.1.0
9769,volatile,0.1.0
9770,stable,0.1.0
9771,stable,0.1.0
9772,borderline,0.1.0
9773,borderline,0.1.0
9774,volatile,0.1.0
9775,borderline,0.1.0
9776,stable,0.1.0
9777,stable,0.1.0
9778,volatile,0.1.0
9779,volatile,0.1.0
9780,borderline,0.1.0
9781,stable,0.1.0
9782,volatile,0.1.0
9783,volatile,0.1.0
9784,stable,0.1.0
9785,volatile,0.1.0
9786,volatile,0.1.0
9787,stable,0.1.0
9788,stable,0.1.0
9789,stable,0.1.0
9790,borderline,0.1.0
9791,stable,0.1.0
9792,stable,0.1.0
9793,stable,0.1.0
9794,stable,0.1.0
9795,stable,0.1.0
9796,volatile,0.1.0
9797,stable,0.1.0
9798,stable,0.1.0
9799,stable,0.1.0
9800,volatile,0.1.0
9801,stable,0.1.0
9802,volatile,0.1.0
9803,volatile,0.1.0
9804,borderline,0.1.0
9805,stable,0.1.0
9806,borderline,0.1.0
9807,volatile,0.1.0
9808,stable,0.1.0
9809,volatile,0.1.0
9810,borderline,0.1.0
9811,stable,0.1.0
9812,stable,0.1.0
9813,volatile,0.1.0
9814,stable,0.1.0
9815,borderline,0.1.0
9816,stable,0.1.0
9817,stable,0.1.0
9818,stable,0.1.0
9819,stable,0.1.0
9820,borderline,0.1.0
9821,borderline,0.1.0
9822,borderline,0.1.0
9823,volatile,0.1.0
9824,volatile,0.1.0
9825,stable,0.1.0
9826,stable,0.1.0
9827,borderline,0.1.0
9828,volatile,0.1.0
9829,volatile,0.1.0
9830,volatile,0.1.0
9831,borderline,0.1.0
9832,stable,0.1.0
9833,borderline,0.1.0
9834,borderline,0.1.0
9835,borderline,0.1.0
9836,stable,0.1.0
9837,stable,0.1.0
9838,volatile,0.1.0
9839,borderline,0.1.0
9840,borderline,0.1.0
9841,volatile,0.1.0
9842,stable,0.1.0
9843,stable,0.1.0
9844,volatile,0.1.0
9845,stable,0.1.0
9846,volatile,0.1.0
9847,borderline,0.1.0
9848,stable,0.1.0
9849,stable,0.1.0
9850,stable,0.1.0
9851,stable,0.1.0
9852,volatile,0.1.0
9853,stable,0.1.0
9854,stable,0.1.0
9855,stable,0.1.0
9856,stable,0.1.0
9857,volatile,0.1.0
9858,volatile,0.1.0
9859,volatile,0.1.0
9860,volatile,0.1.0
9861,stable,0.1.0
9862,volatile,0.1.0
9863,stable,0.1.0
9864,borderline,0.1.0
9865,stable,0.1.0
9866,volatile,0.1.0
9867,stable,0.1.0
9868,borderline,0.1.0
9869,stable,0.1.0
9870,borderline,0.1.0
9871,stable,0.1.0
9872,borderline,0.1.0
9873,volatile,0.1.0
9874,stable,0.1.0
9875,stable,0.1.0
9876,stable,0.1.0
9877,borderline,0.1.0
9878,borderline,0.1.0
9879,stable,0.1.0
9880,stable,0.1.0
9881,stable,0.1.0
9882,stable,0.1.0
9883,volatile,0.1.0
9884,stable,0.1.0
9885,stable,0.1.0
9886,borderline,0.1.0
9887,borderline,0.1.0
9888,borderline,0.1.0
9889,stable,0.1.0
9890,borderline,0.1.0
9891,volatile,0.1.0
9892,volatile,0.1.0
9893,stable,0.1.0
9894,borderline,0.1.0
9895,volatile,0.1.0
9896,borderline,0.1.0
9897,volatile,0.1.0
9898,borderline,0.1.0
9899,volatile,0.1.0
9900,borderline,0.1.0
9901,stable,0.1.0
9902,stable,0.1.0
9903,borderline,0.1.0
9904,volatile,0.1.0
9905,volatile,0.1.0
9906,borderline,0.1.0
9907,volatile,0.1.0
9908,borderline,0.1.0
9909,stable,0.1.0
9910,borderline,0.1.0
9911,stable,0.1.0
9912,volatile,0.1.0
9913,borderline,0.1.0
9914,stable,0.1.0
9915,stable,0.1.0
9916,stable,0.1.0
9917,volatile,0.1.0
9918,volatile,0.1.0
9919,stable,0.1.0
9920,borderline,0.1.0
9921,stable,0.1.0
9922,volatile,0.1.0
9923,volatile,0.1.0
9924,stable,0.1.0
9925,stable,0.1.0
9926,borderline,0.1.0
9927,volatile,0.1.0
9928,stable,0.1.0
9929,borderline,0.1.0
9930,volatile,0.1.0
9931,stable,0.1.0
9932,volatile,0.1.0
9933,volatile,0.1.0
9934,stable,0.1.0
9935,borderline,0.1.0
9936,stable,0.1.0
9937,stable,0.1.0
9938,stable,0.1.0
9939,borderline,0.1.0
9940,borderline,0.1.0
9941,borderline,0.1.0
9942,stable,0.1.0
9943,borderline,0.1.0
9944,volatile,0.1.0
9945,stable,0.1.0
9946,stable,0.1.0
9947,borderline,0.1.0
9948,stable,0.1.0
9949,volatile,0.1.0
9950,volatile,0.1.0
9951,stable,0.1.0
9952,borderline,0.1.0
9953,borderline,0.1.0
9954,volatile,0.1.0
9955,volatile,0.1.0
9956,volatile,0.1.0
9957,borderline,0.1.0
9958,stable,0.1.0
9959,volatile,0.1.0
9960,stable,0.1.0
9961,volatile,0.1.0
9962,volatile,0.1.0
9963,stable,0.1.0
9964,borderline,0.1.0
9965,stable,0.1.0
9966,stable,0.1.0
9967,stable,0.1.0
9968,volatile,0.1.0
9969,stable,0.1.0
9970,volatile,0.1.0
9971,borderline,0.1.0
9972,stable,0.1.0
9973,borderline,0.1.0
9974,stable,0.1.0
9975,volatile,0.1.0
9976,stable,0.1.0
9977,borderline,0.1.0
9978,borderline,0.1.0
9979,stable,0.1.0
9980,stable,0.1.0
9981,stable,0.1.0
9982,stable,0.1.0
9983,borderline,0.1.0
9984,volatile,0.1.0
9985,volatile,0.1.0
9986,borderline,0.1.0
9987,borderline,0.1.0
9988,borderline,0.1.0
9989,stable,0.1.0
9990,stable,0.1.0
9991,stable,0.1.0
9992,stable,0.1.0
9993,stable,0.1.0
9994,stable,0.1.0
9995,stable,0.1.0
9996,volatile,0.1.0
9997,stable,0.1.0
9998,stable,0.1.0
9999,stable,0.1.0
10000,volatile,0.1.0
